plotID,date,year,doy,ndvi,nbr,npix
OSBS_002,2025-12-23,2025,357,0.3662,0.2692,16
OSBS_006,2025-12-23,2025,357,0.3099,0.1718,16
OSBS_048,2025-12-23,2025,357,0.3803,0.274,16
OSBS_001,2025-12-23,2025,357,0.4488,0.3412,16
OSBS_018,2025-12-23,2025,357,0.3764,0.2378,16
OSBS_011,2025-12-23,2025,357,0.4748,0.3701,16
OSBS_014,2025-12-23,2025,357,0.4072,0.314,16
OSBS_004,2025-12-23,2025,357,0.3666,0.2541,16
OSBS_020,2025-12-23,2025,357,0.4365,0.3154,16
OSBS_023,2025-12-23,2025,357,0.1618,-0.0812,16
OSBS_049,2025-12-23,2025,357,0.1787,0.0301,16
OSBS_003,2025-12-23,2025,357,0.4129,0.2856,16
OSBS_012,2025-12-23,2025,357,0.1411,-0.1072,16
OSBS_013,2025-12-23,2025,357,0.3428,0.2296,16
OSBS_024,2025-12-23,2025,357,0.1388,-0.1495,16
OSBS_016,2025-12-23,2025,357,0.4018,0.2911,16
OSBS_008,2025-12-23,2025,357,0.3594,0.248,16
OSBS_010,2025-12-23,2025,357,0.4292,0.3134,16
OSBS_051,2025-12-23,2025,357,0.2461,0.0866,16
OSBS_050,2025-12-23,2025,357,0.2083,0.072,16
OSBS_007,2025-12-23,2025,357,0.3423,0.2371,16
OSBS_005,2025-12-23,2025,357,0.1783,0.0186,16
OSBS_017,2025-12-23,2025,357,0.3562,0.2404,16
OSBS_043,2025-12-23,2025,357,0.3269,0.1878,16
OSBS_022,2025-12-23,2025,357,0.1636,-0.0628,16
OSBS_039,2025-12-23,2025,357,0.2738,0.1077,16
OSBS_036,2025-12-23,2025,357,0.3318,0.1977,16
OSBS_029,2025-12-23,2025,357,0.2696,0.103,16
OSBS_040,2025-12-23,2025,357,0.3551,0.2606,16
OSBS_015,2025-12-23,2025,357,0.1655,-0.003,16
OSBS_025,2025-12-23,2025,357,0.2743,0.1302,16
OSBS_030,2025-12-23,2025,357,0.3019,0.1528,16
OSBS_038,2025-12-23,2025,357,0.3337,0.19,16
OSBS_042,2025-12-23,2025,357,0.3591,0.2195,16
OSBS_035,2025-12-23,2025,357,0.3467,0.2376,16
OSBS_037,2025-12-23,2025,357,0.2873,0.1505,16
OSBS_028,2025-12-23,2025,357,0.2797,0.117,16
OSBS_021,2025-12-23,2025,357,0.1855,-0.0281,16
OSBS_041,2025-12-23,2025,357,0.3156,0.1784,16
OSBS_009,2025-12-23,2025,357,0.4158,0.3035,16
OSBS_031,2025-12-23,2025,357,0.3056,0.1908,16
OSBS_033,2025-12-23,2025,357,0.3866,0.2817,16
OSBS_032,2025-12-23,2025,357,0.3152,0.1824,16
OSBS_044,2025-12-23,2025,357,0.3426,0.2211,16
OSBS_027,2025-12-23,2025,357,0.3149,0.1533,16
OSBS_034,2025-12-23,2025,357,0.348,0.2487,16
OSBS_026,2025-12-23,2025,357,0.332,0.1766,16
OSBS_063,2025-12-23,2025,357,0.3055,0.1741,16
OSBS_067,2025-12-23,2025,357,0.3542,0.2318,16
OSBS_066,2025-12-23,2025,357,0.4154,0.2939,16
OSBS_068,2025-12-23,2025,357,0.3802,0.2815,16
OSBS_070,2025-12-23,2025,357,0.3402,0.2279,16
OSBS_073,2025-12-23,2025,357,0.3926,0.2397,16
OSBS_002,2025-12-23,2025,357,0.3698,0.2699,16
OSBS_006,2025-12-23,2025,357,0.3133,0.1718,16
OSBS_048,2025-12-23,2025,357,0.3848,0.2746,16
OSBS_001,2025-12-23,2025,357,0.4547,0.3425,16
OSBS_018,2025-12-23,2025,357,0.3801,0.2374,16
OSBS_011,2025-12-23,2025,357,0.4805,0.3713,16
OSBS_014,2025-12-23,2025,357,0.4112,0.314,16
OSBS_004,2025-12-23,2025,357,0.3714,0.2552,16
OSBS_020,2025-12-23,2025,357,0.4407,0.3156,16
OSBS_023,2025-12-23,2025,357,0.1635,-0.0838,16
OSBS_049,2025-12-23,2025,357,0.1802,0.0301,16
OSBS_003,2025-12-23,2025,357,0.4175,0.2862,16
OSBS_012,2025-12-23,2025,357,0.1425,-0.1085,16
OSBS_013,2025-12-23,2025,357,0.3474,0.2304,16
OSBS_024,2025-12-23,2025,357,0.1399,-0.1522,16
OSBS_016,2025-12-23,2025,357,0.4069,0.2911,16
OSBS_008,2025-12-23,2025,357,0.364,0.2493,16
OSBS_010,2025-12-23,2025,357,0.435,0.3153,16
OSBS_051,2025-12-23,2025,357,0.2488,0.0854,16
OSBS_050,2025-12-23,2025,357,0.2119,0.0721,16
OSBS_007,2025-12-23,2025,357,0.3457,0.2367,16
OSBS_005,2025-12-23,2025,357,0.1814,0.0158,16
OSBS_017,2025-12-23,2025,357,0.3607,0.2413,16
OSBS_043,2025-12-23,2025,357,0.33,0.1882,16
OSBS_022,2025-12-23,2025,357,0.166,-0.0642,16
OSBS_039,2025-12-23,2025,357,0.2763,0.1074,16
OSBS_036,2025-12-23,2025,357,0.3359,0.1977,16
OSBS_029,2025-12-23,2025,357,0.2724,0.102,16
OSBS_040,2025-12-23,2025,357,0.359,0.2611,16
OSBS_015,2025-12-23,2025,357,0.1663,-0.0032,16
OSBS_025,2025-12-23,2025,357,0.2785,0.1312,16
OSBS_030,2025-12-23,2025,357,0.305,0.1532,16
OSBS_038,2025-12-23,2025,357,0.3369,0.1901,16
OSBS_042,2025-12-23,2025,357,0.3632,0.22,16
OSBS_035,2025-12-23,2025,357,0.35,0.238,16
OSBS_037,2025-12-23,2025,357,0.2905,0.1504,16
OSBS_028,2025-12-23,2025,357,0.2831,0.1166,16
OSBS_021,2025-12-23,2025,357,0.1867,-0.0297,16
OSBS_041,2025-12-23,2025,357,0.3193,0.179,16
OSBS_009,2025-12-23,2025,357,0.4196,0.3041,16
OSBS_031,2025-12-23,2025,357,0.3086,0.1927,16
OSBS_033,2025-12-23,2025,357,0.3917,0.2819,16
OSBS_032,2025-12-23,2025,357,0.3195,0.1837,16
OSBS_044,2025-12-23,2025,357,0.3474,0.2224,16
OSBS_027,2025-12-23,2025,357,0.3187,0.1538,16
OSBS_034,2025-12-23,2025,357,0.3526,0.2488,16
OSBS_026,2025-12-23,2025,357,0.3367,0.1778,16
OSBS_063,2025-12-23,2025,357,0.3087,0.1738,16
OSBS_067,2025-12-23,2025,357,0.3581,0.2318,16
OSBS_066,2025-12-23,2025,357,0.421,0.2954,16
OSBS_068,2025-12-23,2025,357,0.3848,0.2824,16
OSBS_070,2025-12-23,2025,357,0.3438,0.2279,16
OSBS_073,2025-12-23,2025,357,0.3985,0.2412,16
OSBS_002,2025-12-15,2025,349,0.1941,0.0941,16
OSBS_048,2025-12-15,2025,349,0.2004,0.1097,16
OSBS_018,2025-12-15,2025,349,0.2149,0.1323,16
OSBS_004,2025-12-15,2025,349,0.2173,0.1388,16
OSBS_020,2025-12-15,2025,349,0.2046,0.0983,3
OSBS_010,2025-12-15,2025,349,0.2794,0.2104,16
OSBS_017,2025-12-15,2025,349,0.2336,0.1684,16
OSBS_039,2025-12-15,2025,349,0.1638,0.0974,16
OSBS_036,2025-12-15,2025,349,0.1884,0.1578,11
OSBS_029,2025-12-15,2025,349,0.1611,0.1052,16
OSBS_015,2025-12-15,2025,349,0.2028,0.0815,16
OSBS_025,2025-12-15,2025,349,0.1664,0.0805,16
OSBS_030,2025-12-15,2025,349,0.1698,0.0739,16
OSBS_038,2025-12-15,2025,349,0.2048,0.1309,16
OSBS_042,2025-12-15,2025,349,0.2235,0.1633,16
OSBS_035,2025-12-15,2025,349,0.1655,0.0562,16
OSBS_037,2025-12-15,2025,349,0.1133,0.0318,12
OSBS_028,2025-12-15,2025,349,0.1532,0.0348,16
OSBS_041,2025-12-15,2025,349,0.1518,0.0644,16
OSBS_009,2025-12-15,2025,349,0.1579,0.0267,16
OSBS_031,2025-12-15,2025,349,0.1601,0.0961,4
OSBS_032,2025-12-15,2025,349,0.1749,0.135,12
OSBS_044,2025-12-15,2025,349,0.2011,0.1071,16
OSBS_027,2025-12-15,2025,349,0.2003,0.1331,16
OSBS_026,2025-12-15,2025,349,0.1908,0.1358,16
OSBS_067,2025-12-15,2025,349,0.206,0.0825,16
OSBS_066,2025-12-15,2025,349,0.1948,0.08,16
OSBS_073,2025-12-15,2025,349,0.2517,0.1818,16
OSBS_002,2025-12-13,2025,347,0.3724,0.275,16
OSBS_006,2025-12-13,2025,347,0.3237,0.1822,16
OSBS_048,2025-12-13,2025,347,0.3812,0.2831,16
OSBS_001,2025-12-13,2025,347,0.4441,0.3486,16
OSBS_018,2025-12-13,2025,347,0.3796,0.2524,16
OSBS_011,2025-12-13,2025,347,0.48,0.3849,16
OSBS_014,2025-12-13,2025,347,0.4157,0.319,16
OSBS_004,2025-12-13,2025,347,0.3796,0.2742,16
OSBS_020,2025-12-13,2025,347,0.4428,0.3267,16
OSBS_023,2025-12-13,2025,347,0.1658,-0.0806,16
OSBS_049,2025-12-13,2025,347,0.1819,0.0231,16
OSBS_003,2025-12-13,2025,347,0.4244,0.3007,16
OSBS_012,2025-12-13,2025,347,0.1312,-0.0395,16
OSBS_013,2025-12-13,2025,347,0.3514,0.2511,16
OSBS_024,2025-12-13,2025,347,0.1475,-0.1586,16
OSBS_016,2025-12-13,2025,347,0.4133,0.3118,16
OSBS_008,2025-12-13,2025,347,0.3557,0.2549,16
OSBS_010,2025-12-13,2025,347,0.4373,0.3281,16
OSBS_051,2025-12-13,2025,347,0.2568,0.0993,16
OSBS_050,2025-12-13,2025,347,0.229,0.081,16
OSBS_007,2025-12-13,2025,347,0.3512,0.2521,16
OSBS_005,2025-12-13,2025,347,0.1667,0.0413,16
OSBS_017,2025-12-13,2025,347,0.3633,0.2472,16
OSBS_043,2025-12-13,2025,347,0.3382,0.1986,16
OSBS_022,2025-12-13,2025,347,0.1621,-0.0769,16
OSBS_039,2025-12-13,2025,347,0.2854,0.1159,16
OSBS_036,2025-12-13,2025,347,0.3341,0.2011,16
OSBS_029,2025-12-13,2025,347,0.2977,0.1159,16
OSBS_040,2025-12-13,2025,347,0.3677,0.2776,16
OSBS_015,2025-12-13,2025,347,0.1961,0.0242,16
OSBS_025,2025-12-13,2025,347,0.3082,0.142,16
OSBS_030,2025-12-13,2025,347,0.3177,0.1624,16
OSBS_038,2025-12-13,2025,347,0.3502,0.207,16
OSBS_042,2025-12-13,2025,347,0.3711,0.2338,16
OSBS_035,2025-12-13,2025,347,0.3618,0.2581,16
OSBS_037,2025-12-13,2025,347,0.2702,0.1566,16
OSBS_028,2025-12-13,2025,347,0.2776,0.1306,16
OSBS_021,2025-12-13,2025,347,0.184,-0.0274,16
OSBS_041,2025-12-13,2025,347,0.3277,0.1828,16
OSBS_009,2025-12-13,2025,347,0.4091,0.3009,16
OSBS_031,2025-12-13,2025,347,0.3135,0.1993,16
OSBS_033,2025-12-13,2025,347,0.3978,0.2977,16
OSBS_032,2025-12-13,2025,347,0.3288,0.2006,16
OSBS_044,2025-12-13,2025,347,0.3514,0.2155,16
OSBS_027,2025-12-13,2025,347,0.3339,0.1676,16
OSBS_034,2025-12-13,2025,347,0.3563,0.2667,16
OSBS_026,2025-12-13,2025,347,0.3322,0.1791,16
OSBS_063,2025-12-13,2025,347,0.3052,0.1742,16
OSBS_067,2025-12-13,2025,347,0.3408,0.2265,16
OSBS_066,2025-12-13,2025,347,0.4297,0.309,16
OSBS_068,2025-12-13,2025,347,0.3886,0.3015,16
OSBS_070,2025-12-13,2025,347,0.3321,0.2451,16
OSBS_073,2025-12-13,2025,347,0.3713,0.2141,16
OSBS_002,2025-12-13,2025,347,0.3761,0.2755,16
OSBS_006,2025-12-13,2025,347,0.3269,0.1829,16
OSBS_048,2025-12-13,2025,347,0.3857,0.2834,16
OSBS_001,2025-12-13,2025,347,0.4486,0.3504,16
OSBS_018,2025-12-13,2025,347,0.3834,0.2523,16
OSBS_011,2025-12-13,2025,347,0.4859,0.3886,16
OSBS_014,2025-12-13,2025,347,0.4202,0.3196,16
OSBS_004,2025-12-13,2025,347,0.3841,0.2755,16
OSBS_020,2025-12-13,2025,347,0.4472,0.3277,16
OSBS_023,2025-12-13,2025,347,0.1677,-0.0818,16
OSBS_049,2025-12-13,2025,347,0.183,0.0236,16
OSBS_003,2025-12-13,2025,347,0.4288,0.3014,16
OSBS_012,2025-12-13,2025,347,0.1328,-0.0411,16
OSBS_013,2025-12-13,2025,347,0.3559,0.2526,16
OSBS_024,2025-12-13,2025,347,0.1492,-0.1609,16
OSBS_016,2025-12-13,2025,347,0.4197,0.3146,16
OSBS_008,2025-12-13,2025,347,0.3595,0.256,16
OSBS_010,2025-12-13,2025,347,0.443,0.3296,16
OSBS_051,2025-12-13,2025,347,0.259,0.0987,16
OSBS_050,2025-12-13,2025,347,0.2324,0.0818,16
OSBS_007,2025-12-13,2025,347,0.3544,0.2515,16
OSBS_005,2025-12-13,2025,347,0.1686,0.0376,16
OSBS_017,2025-12-13,2025,347,0.3672,0.2476,16
OSBS_043,2025-12-13,2025,347,0.3414,0.1991,16
OSBS_022,2025-12-13,2025,347,0.1639,-0.079,16
OSBS_039,2025-12-13,2025,347,0.288,0.1153,16
OSBS_036,2025-12-13,2025,347,0.3383,0.2014,16
OSBS_029,2025-12-13,2025,347,0.3007,0.1162,16
OSBS_040,2025-12-13,2025,347,0.3712,0.2786,16
OSBS_015,2025-12-13,2025,347,0.1986,0.0228,16
OSBS_025,2025-12-13,2025,347,0.3115,0.1425,16
OSBS_030,2025-12-13,2025,347,0.3204,0.1625,16
OSBS_038,2025-12-13,2025,347,0.3542,0.2071,16
OSBS_042,2025-12-13,2025,347,0.3751,0.2344,16
OSBS_035,2025-12-13,2025,347,0.3653,0.2584,16
OSBS_037,2025-12-13,2025,347,0.2735,0.1559,16
OSBS_028,2025-12-13,2025,347,0.2805,0.1304,16
OSBS_021,2025-12-13,2025,347,0.1855,-0.028,16
OSBS_041,2025-12-13,2025,347,0.3321,0.1822,16
OSBS_009,2025-12-13,2025,347,0.4135,0.3025,16
OSBS_031,2025-12-13,2025,347,0.3173,0.2009,16
OSBS_033,2025-12-13,2025,347,0.4022,0.2978,16
OSBS_032,2025-12-13,2025,347,0.3332,0.2007,16
OSBS_044,2025-12-13,2025,347,0.3559,0.2157,16
OSBS_027,2025-12-13,2025,347,0.3379,0.1676,16
OSBS_034,2025-12-13,2025,347,0.3589,0.2668,16
OSBS_026,2025-12-13,2025,347,0.3359,0.1794,16
OSBS_063,2025-12-13,2025,347,0.3085,0.1748,16
OSBS_067,2025-12-13,2025,347,0.3445,0.2266,16
OSBS_066,2025-12-13,2025,347,0.4348,0.3104,16
OSBS_068,2025-12-13,2025,347,0.392,0.3021,16
OSBS_070,2025-12-13,2025,347,0.3356,0.2456,16
OSBS_073,2025-12-13,2025,347,0.3751,0.214,16
OSBS_002,2025-11-28,2025,332,0.3922,0.2984,16
OSBS_048,2025-11-28,2025,332,0.404,0.297,16
OSBS_001,2025-11-28,2025,332,0.4823,0.3877,16
OSBS_018,2025-11-28,2025,332,0.3998,0.2556,16
OSBS_011,2025-11-28,2025,332,0.4973,0.4004,16
OSBS_014,2025-11-28,2025,332,0.4379,0.331,16
OSBS_004,2025-11-28,2025,332,0.394,0.2794,16
OSBS_020,2025-11-28,2025,332,0.4542,0.3322,16
OSBS_003,2025-11-28,2025,332,0.4389,0.3199,15
OSBS_013,2025-11-28,2025,332,0.3717,0.2547,16
OSBS_016,2025-11-28,2025,332,0.4582,0.3509,10
OSBS_008,2025-11-28,2025,332,0.387,0.2679,8
OSBS_010,2025-11-28,2025,332,0.4547,0.3381,16
OSBS_051,2025-11-28,2025,332,0.2635,0.1101,16
OSBS_050,2025-11-28,2025,332,0.2538,0.0904,16
OSBS_007,2025-11-28,2025,332,0.3907,0.2946,2
OSBS_017,2025-11-28,2025,332,0.4094,0.2996,16
OSBS_036,2025-11-28,2025,332,0.3441,0.2018,1
OSBS_040,2025-11-28,2025,332,0.3757,0.2789,12
OSBS_025,2025-11-28,2025,332,0.325,0.1585,8
OSBS_042,2025-11-28,2025,332,0.3994,0.251,16
OSBS_035,2025-11-28,2025,332,0.3848,0.2712,12
OSBS_009,2025-11-28,2025,332,0.4771,0.3645,16
OSBS_031,2025-11-28,2025,332,0.3488,0.2234,14
OSBS_033,2025-11-28,2025,332,0.4078,0.3033,16
OSBS_032,2025-11-28,2025,332,0.3367,0.1936,8
OSBS_034,2025-11-28,2025,332,0.3807,0.2701,16
OSBS_066,2025-11-28,2025,332,0.4492,0.3403,16
OSBS_068,2025-11-28,2025,332,0.4106,0.3053,12
OSBS_070,2025-11-28,2025,332,0.3649,0.2485,10
OSBS_073,2025-11-28,2025,332,0.4183,0.2564,16
OSBS_002,2025-11-28,2025,332,0.3954,0.2978,16
OSBS_006,2025-11-28,2025,332,0.3382,0.1905,16
OSBS_048,2025-11-28,2025,332,0.4098,0.2972,16
OSBS_001,2025-11-28,2025,332,0.4876,0.3875,16
OSBS_018,2025-11-28,2025,332,0.4041,0.2561,16
OSBS_011,2025-11-28,2025,332,0.5043,0.4,16
OSBS_014,2025-11-28,2025,332,0.4426,0.3307,16
OSBS_004,2025-11-28,2025,332,0.3978,0.2788,16
OSBS_020,2025-11-28,2025,332,0.4585,0.3326,16
OSBS_023,2025-11-28,2025,332,0.1856,-0.0674,16
OSBS_049,2025-11-28,2025,332,0.2112,0.0413,16
OSBS_003,2025-11-28,2025,332,0.4431,0.3187,16
OSBS_012,2025-11-28,2025,332,0.1758,-0.0828,16
OSBS_013,2025-11-28,2025,332,0.3762,0.2526,16
OSBS_024,2025-11-28,2025,332,0.1508,-0.1618,16
OSBS_016,2025-11-28,2025,332,0.4314,0.3184,16
OSBS_008,2025-11-28,2025,332,0.3857,0.2645,16
OSBS_010,2025-11-28,2025,332,0.4603,0.3383,16
OSBS_051,2025-11-28,2025,332,0.2659,0.1109,16
OSBS_050,2025-11-28,2025,332,0.2566,0.0912,16
OSBS_007,2025-11-28,2025,332,0.3704,0.2623,16
OSBS_005,2025-11-28,2025,332,0.2033,0.0115,16
OSBS_017,2025-11-28,2025,332,0.4147,0.2985,16
OSBS_043,2025-11-28,2025,332,0.35,0.192,16
OSBS_022,2025-11-28,2025,332,0.1946,-0.0582,16
OSBS_039,2025-11-28,2025,332,0.295,0.1194,16
OSBS_036,2025-11-28,2025,332,0.3503,0.2045,16
OSBS_029,2025-11-28,2025,332,0.3043,0.1064,16
OSBS_040,2025-11-28,2025,332,0.3804,0.2818,16
OSBS_015,2025-11-28,2025,332,0.1917,0.0041,16
OSBS_025,2025-11-28,2025,332,0.3215,0.1456,16
OSBS_030,2025-11-28,2025,332,0.339,0.1748,16
OSBS_038,2025-11-28,2025,332,0.3769,0.2272,16
OSBS_042,2025-11-28,2025,332,0.4038,0.2512,16
OSBS_035,2025-11-28,2025,332,0.3853,0.2715,16
OSBS_037,2025-11-28,2025,332,0.3371,0.1883,16
OSBS_028,2025-11-28,2025,332,0.3182,0.1463,16
OSBS_021,2025-11-28,2025,332,0.2336,0.0127,16
OSBS_041,2025-11-28,2025,332,0.3539,0.2102,16
OSBS_009,2025-11-28,2025,332,0.482,0.3652,16
OSBS_031,2025-11-28,2025,332,0.3495,0.2162,16
OSBS_033,2025-11-28,2025,332,0.4121,0.3028,16
OSBS_032,2025-11-28,2025,332,0.3447,0.2078,16
OSBS_044,2025-11-28,2025,332,0.3782,0.2322,16
OSBS_027,2025-11-28,2025,332,0.3485,0.1641,16
OSBS_034,2025-11-28,2025,332,0.3851,0.2686,16
OSBS_026,2025-11-28,2025,332,0.3486,0.1825,16
OSBS_063,2025-11-28,2025,332,0.3467,0.2046,16
OSBS_067,2025-11-28,2025,332,0.3771,0.2508,16
OSBS_066,2025-11-28,2025,332,0.4576,0.3409,16
OSBS_068,2025-11-28,2025,332,0.414,0.3067,16
OSBS_070,2025-11-28,2025,332,0.37,0.2487,16
OSBS_073,2025-11-28,2025,332,0.4244,0.2549,16
OSBS_002,2025-11-25,2025,329,0.3694,0.2651,16
OSBS_006,2025-11-25,2025,329,0.324,0.1698,16
OSBS_048,2025-11-25,2025,329,0.3802,0.2776,16
OSBS_001,2025-11-25,2025,329,0.4581,0.3551,16
OSBS_018,2025-11-25,2025,329,0.386,0.2501,16
OSBS_011,2025-11-25,2025,329,0.4807,0.3885,16
OSBS_014,2025-11-25,2025,329,0.415,0.3049,16
OSBS_004,2025-11-25,2025,329,0.3712,0.255,16
OSBS_020,2025-11-25,2025,329,0.4381,0.3121,16
OSBS_023,2025-11-25,2025,329,0.1633,-0.0879,16
OSBS_049,2025-11-25,2025,329,0.1982,0.037,16
OSBS_003,2025-11-25,2025,329,0.4201,0.2963,16
OSBS_012,2025-11-25,2025,329,0.1563,-0.0989,16
OSBS_013,2025-11-25,2025,329,0.3475,0.2328,16
OSBS_024,2025-11-25,2025,329,0.1318,-0.1633,16
OSBS_016,2025-11-25,2025,329,0.402,0.3056,16
OSBS_008,2025-11-25,2025,329,0.3585,0.2417,16
OSBS_010,2025-11-25,2025,329,0.43,0.313,16
OSBS_051,2025-11-25,2025,329,0.2555,0.0946,16
OSBS_050,2025-11-25,2025,329,0.2336,0.0857,16
OSBS_007,2025-11-25,2025,329,0.3444,0.2317,16
OSBS_005,2025-11-25,2025,329,0.1905,0.0023,16
OSBS_017,2025-11-25,2025,329,0.3828,0.2685,16
OSBS_043,2025-11-25,2025,329,0.3239,0.1683,16
OSBS_022,2025-11-25,2025,329,0.1799,-0.0697,16
OSBS_039,2025-11-25,2025,329,0.2772,0.1017,16
OSBS_036,2025-11-25,2025,329,0.3243,0.1828,16
OSBS_029,2025-11-25,2025,329,0.287,0.0865,16
OSBS_040,2025-11-25,2025,329,0.3652,0.2577,16
OSBS_015,2025-11-25,2025,329,0.1746,-0.0016,16
OSBS_025,2025-11-25,2025,329,0.3016,0.1263,16
OSBS_030,2025-11-25,2025,329,0.3167,0.163,16
OSBS_038,2025-11-25,2025,329,0.3519,0.2003,16
OSBS_042,2025-11-25,2025,329,0.374,0.2262,16
OSBS_035,2025-11-25,2025,329,0.3671,0.2505,16
OSBS_037,2025-11-25,2025,329,0.3092,0.1669,16
OSBS_028,2025-11-25,2025,329,0.3034,0.1368,16
OSBS_021,2025-11-25,2025,329,0.2136,-0.0026,16
OSBS_041,2025-11-25,2025,329,0.3359,0.1857,16
OSBS_009,2025-11-25,2025,329,0.4518,0.3516,16
OSBS_031,2025-11-25,2025,329,0.3189,0.186,16
OSBS_033,2025-11-25,2025,329,0.39,0.2749,16
OSBS_032,2025-11-25,2025,329,0.327,0.1854,16
OSBS_044,2025-11-25,2025,329,0.345,0.1935,16
OSBS_027,2025-11-25,2025,329,0.3198,0.1389,16
OSBS_034,2025-11-25,2025,329,0.3553,0.2454,16
OSBS_026,2025-11-25,2025,329,0.3234,0.155,16
OSBS_063,2025-11-25,2025,329,0.3109,0.1661,16
OSBS_067,2025-11-25,2025,329,0.3572,0.2225,16
OSBS_066,2025-11-25,2025,329,0.4307,0.3171,16
OSBS_068,2025-11-25,2025,329,0.3827,0.2816,16
OSBS_070,2025-11-25,2025,329,0.3498,0.2343,16
OSBS_073,2025-11-25,2025,329,0.4006,0.2378,16
OSBS_002,2025-11-23,2025,327,0.3671,0.2664,16
OSBS_006,2025-11-23,2025,327,0.3175,0.181,16
OSBS_048,2025-11-23,2025,327,0.3819,0.2777,16
OSBS_001,2025-11-23,2025,327,0.4654,0.3626,16
OSBS_018,2025-11-23,2025,327,0.3882,0.2542,16
OSBS_011,2025-11-23,2025,327,0.4794,0.3814,16
OSBS_014,2025-11-23,2025,327,0.4146,0.3019,16
OSBS_004,2025-11-23,2025,327,0.3707,0.2555,16
OSBS_020,2025-11-23,2025,327,0.4299,0.3147,16
OSBS_023,2025-11-23,2025,327,0.1609,-0.0781,16
OSBS_049,2025-11-23,2025,327,0.1887,0.042,16
OSBS_003,2025-11-23,2025,327,0.4261,0.3101,16
OSBS_012,2025-11-23,2025,327,0.1565,-0.0856,16
OSBS_013,2025-11-23,2025,327,0.3461,0.2302,16
OSBS_024,2025-11-23,2025,327,0.132,-0.1532,16
OSBS_016,2025-11-23,2025,327,0.4086,0.3027,16
OSBS_008,2025-11-23,2025,327,0.3503,0.2356,16
OSBS_010,2025-11-23,2025,327,0.4348,0.3265,16
OSBS_051,2025-11-23,2025,327,0.2505,0.0985,16
OSBS_050,2025-11-23,2025,327,0.2338,0.0822,16
OSBS_007,2025-11-23,2025,327,0.3429,0.2322,16
OSBS_005,2025-11-23,2025,327,0.1859,0.0112,16
OSBS_017,2025-11-23,2025,327,0.387,0.2782,16
OSBS_043,2025-11-23,2025,327,0.3219,0.17,16
OSBS_022,2025-11-23,2025,327,0.175,-0.0645,16
OSBS_039,2025-11-23,2025,327,0.2686,0.092,16
OSBS_036,2025-11-23,2025,327,0.3224,0.1823,16
OSBS_029,2025-11-23,2025,327,0.2777,0.085,16
OSBS_040,2025-11-23,2025,327,0.36,0.2605,16
OSBS_015,2025-11-23,2025,327,0.1726,0.007,16
OSBS_025,2025-11-23,2025,327,0.2987,0.1224,16
OSBS_030,2025-11-23,2025,327,0.3184,0.1634,16
OSBS_038,2025-11-23,2025,327,0.3531,0.2088,16
OSBS_042,2025-11-23,2025,327,0.3749,0.2293,16
OSBS_035,2025-11-23,2025,327,0.362,0.2531,16
OSBS_037,2025-11-23,2025,327,0.3073,0.1669,16
OSBS_028,2025-11-23,2025,327,0.3001,0.1395,16
OSBS_021,2025-11-23,2025,327,0.2098,0.003,16
OSBS_041,2025-11-23,2025,327,0.3339,0.188,16
OSBS_009,2025-11-23,2025,327,0.4583,0.3525,16
OSBS_031,2025-11-23,2025,327,0.315,0.1893,16
OSBS_033,2025-11-23,2025,327,0.3849,0.2729,16
OSBS_032,2025-11-23,2025,327,0.3199,0.1821,16
OSBS_044,2025-11-23,2025,327,0.3389,0.1996,16
OSBS_027,2025-11-23,2025,327,0.3185,0.1463,16
OSBS_034,2025-11-23,2025,327,0.3479,0.2473,16
OSBS_026,2025-11-23,2025,327,0.3288,0.1637,16
OSBS_063,2025-11-23,2025,327,0.3098,0.1738,16
OSBS_067,2025-11-23,2025,327,0.3607,0.2266,16
OSBS_066,2025-11-23,2025,327,0.4335,0.3278,16
OSBS_068,2025-11-23,2025,327,0.3821,0.2826,16
OSBS_070,2025-11-23,2025,327,0.3531,0.2309,16
OSBS_073,2025-11-23,2025,327,0.3944,0.2378,16
OSBS_002,2025-11-18,2025,322,0.3789,0.27,16
OSBS_006,2025-11-18,2025,322,0.3342,0.1743,16
OSBS_048,2025-11-18,2025,322,0.4038,0.2975,16
OSBS_001,2025-11-18,2025,322,0.4749,0.3838,16
OSBS_018,2025-11-18,2025,322,0.3997,0.2608,16
OSBS_011,2025-11-18,2025,322,0.4933,0.4025,16
OSBS_014,2025-11-18,2025,322,0.4174,0.3076,16
OSBS_004,2025-11-18,2025,322,0.3789,0.2614,16
OSBS_020,2025-11-18,2025,322,0.4445,0.3252,16
OSBS_023,2025-11-18,2025,322,0.18,-0.0924,16
OSBS_049,2025-11-18,2025,322,0.2077,0.0275,16
OSBS_003,2025-11-18,2025,322,0.4448,0.3305,16
OSBS_012,2025-11-18,2025,322,0.1888,-0.0726,16
OSBS_013,2025-11-18,2025,322,0.3562,0.2431,16
OSBS_024,2025-11-18,2025,322,0.1413,-0.1555,16
OSBS_016,2025-11-18,2025,322,0.4213,0.3152,16
OSBS_008,2025-11-18,2025,322,0.3717,0.2481,16
OSBS_010,2025-11-18,2025,322,0.44,0.3336,16
OSBS_051,2025-11-18,2025,322,0.2706,0.1014,16
OSBS_050,2025-11-18,2025,322,0.2568,0.101,16
OSBS_007,2025-11-18,2025,322,0.3533,0.2375,16
OSBS_005,2025-11-18,2025,322,0.2023,0.0059,16
OSBS_017,2025-11-18,2025,322,0.4033,0.3072,16
OSBS_043,2025-11-18,2025,322,0.3255,0.1636,16
OSBS_022,2025-11-18,2025,322,0.1959,-0.055,16
OSBS_039,2025-11-18,2025,322,0.2859,0.0978,16
OSBS_036,2025-11-18,2025,322,0.3345,0.179,16
OSBS_029,2025-11-18,2025,322,0.2875,0.0784,16
OSBS_040,2025-11-18,2025,322,0.3629,0.2624,16
OSBS_015,2025-11-18,2025,322,0.1829,0.0004,16
OSBS_025,2025-11-18,2025,322,0.3049,0.1192,16
OSBS_030,2025-11-18,2025,322,0.3349,0.1718,16
OSBS_038,2025-11-18,2025,322,0.3606,0.2097,16
OSBS_042,2025-11-18,2025,322,0.3864,0.2355,16
OSBS_035,2025-11-18,2025,322,0.3759,0.2634,16
OSBS_037,2025-11-18,2025,322,0.3295,0.1786,16
OSBS_028,2025-11-18,2025,322,0.3136,0.1415,16
OSBS_021,2025-11-18,2025,322,0.2485,0.0255,16
OSBS_041,2025-11-18,2025,322,0.3496,0.2101,16
OSBS_009,2025-11-18,2025,322,0.4626,0.3683,16
OSBS_031,2025-11-18,2025,322,0.3295,0.1942,16
OSBS_033,2025-11-18,2025,322,0.3916,0.2848,16
OSBS_032,2025-11-18,2025,322,0.3284,0.1855,16
OSBS_044,2025-11-18,2025,322,0.3576,0.2005,16
OSBS_027,2025-11-18,2025,322,0.3372,0.1523,16
OSBS_034,2025-11-18,2025,322,0.366,0.2495,16
OSBS_026,2025-11-18,2025,322,0.3406,0.1657,16
OSBS_063,2025-11-18,2025,322,0.3345,0.1949,16
OSBS_067,2025-11-18,2025,322,0.3666,0.2403,16
OSBS_066,2025-11-18,2025,322,0.4493,0.3447,16
OSBS_068,2025-11-18,2025,322,0.3904,0.2855,16
OSBS_070,2025-11-18,2025,322,0.3595,0.232,16
OSBS_073,2025-11-18,2025,322,0.405,0.2463,16
OSBS_002,2025-11-18,2025,322,0.3842,0.2707,16
OSBS_006,2025-11-18,2025,322,0.3395,0.175,16
OSBS_048,2025-11-18,2025,322,0.4117,0.2995,16
OSBS_001,2025-11-18,2025,322,0.4835,0.3847,16
OSBS_018,2025-11-18,2025,322,0.4063,0.2613,16
OSBS_011,2025-11-18,2025,322,0.5021,0.4051,16
OSBS_014,2025-11-18,2025,322,0.4246,0.3094,16
OSBS_004,2025-11-18,2025,322,0.3862,0.2617,16
OSBS_020,2025-11-18,2025,322,0.4518,0.3272,16
OSBS_023,2025-11-18,2025,322,0.1814,-0.094,16
OSBS_049,2025-11-18,2025,322,0.2087,0.0278,16
OSBS_003,2025-11-18,2025,322,0.4518,0.3319,16
OSBS_012,2025-11-18,2025,322,0.1907,-0.0743,16
OSBS_013,2025-11-18,2025,322,0.362,0.2434,16
OSBS_024,2025-11-18,2025,322,0.142,-0.1601,16
OSBS_016,2025-11-18,2025,322,0.43,0.316,16
OSBS_008,2025-11-18,2025,322,0.3772,0.2484,16
OSBS_010,2025-11-18,2025,322,0.448,0.335,16
OSBS_051,2025-11-18,2025,322,0.2744,0.1016,16
OSBS_050,2025-11-18,2025,322,0.2608,0.1013,16
OSBS_007,2025-11-18,2025,322,0.3584,0.237,16
OSBS_005,2025-11-18,2025,322,0.203,0.0096,16
OSBS_017,2025-11-18,2025,322,0.4112,0.3082,16
OSBS_043,2025-11-18,2025,322,0.3295,0.1638,16
OSBS_022,2025-11-18,2025,322,0.1981,-0.0578,16
OSBS_039,2025-11-18,2025,322,0.2895,0.0983,16
OSBS_036,2025-11-18,2025,322,0.339,0.1794,16
OSBS_029,2025-11-18,2025,322,0.2911,0.0783,16
OSBS_040,2025-11-18,2025,322,0.3683,0.2647,16
OSBS_015,2025-11-18,2025,322,0.1859,0.0016,16
OSBS_025,2025-11-18,2025,322,0.309,0.119,16
OSBS_030,2025-11-18,2025,322,0.3392,0.1723,16
OSBS_038,2025-11-18,2025,322,0.3666,0.2107,16
OSBS_042,2025-11-18,2025,322,0.3937,0.2356,16
OSBS_035,2025-11-18,2025,322,0.3812,0.265,16
OSBS_037,2025-11-18,2025,322,0.3342,0.1788,16
OSBS_028,2025-11-18,2025,322,0.3186,0.1419,16
OSBS_021,2025-11-18,2025,322,0.2509,0.0229,16
OSBS_041,2025-11-18,2025,322,0.355,0.2099,16
OSBS_009,2025-11-18,2025,322,0.4698,0.3707,16
OSBS_031,2025-11-18,2025,322,0.3348,0.194,16
OSBS_033,2025-11-18,2025,322,0.3975,0.2867,16
OSBS_032,2025-11-18,2025,322,0.3332,0.1857,16
OSBS_044,2025-11-18,2025,322,0.364,0.2005,16
OSBS_027,2025-11-18,2025,322,0.3437,0.1514,16
OSBS_034,2025-11-18,2025,322,0.3723,0.2504,16
OSBS_026,2025-11-18,2025,322,0.3462,0.1656,16
OSBS_063,2025-11-18,2025,322,0.3404,0.1953,16
OSBS_067,2025-11-18,2025,322,0.3723,0.2423,16
OSBS_066,2025-11-18,2025,322,0.4579,0.3463,16
OSBS_068,2025-11-18,2025,322,0.3962,0.286,16
OSBS_070,2025-11-18,2025,322,0.364,0.2328,16
OSBS_073,2025-11-18,2025,322,0.4139,0.2463,16
OSBS_002,2025-11-13,2025,317,0.3801,0.2731,16
OSBS_006,2025-11-13,2025,317,0.3286,0.1908,16
OSBS_048,2025-11-13,2025,317,0.4078,0.3082,16
OSBS_001,2025-11-13,2025,317,0.4669,0.381,16
OSBS_018,2025-11-13,2025,317,0.4055,0.2802,16
OSBS_011,2025-11-13,2025,317,0.4931,0.4094,16
OSBS_014,2025-11-13,2025,317,0.4181,0.3141,16
OSBS_004,2025-11-13,2025,317,0.3787,0.265,16
OSBS_020,2025-11-13,2025,317,0.4405,0.3313,16
OSBS_023,2025-11-13,2025,317,0.1843,-0.0663,16
OSBS_049,2025-11-13,2025,317,0.213,0.056,16
OSBS_003,2025-11-13,2025,317,0.454,0.3429,16
OSBS_012,2025-11-13,2025,317,0.198,-0.0412,16
OSBS_013,2025-11-13,2025,317,0.3551,0.248,16
OSBS_024,2025-11-13,2025,317,0.1449,-0.1256,16
OSBS_016,2025-11-13,2025,317,0.4249,0.3309,16
OSBS_008,2025-11-13,2025,317,0.3675,0.2559,16
OSBS_010,2025-11-13,2025,317,0.4464,0.3469,16
OSBS_051,2025-11-13,2025,317,0.2715,0.1226,16
OSBS_050,2025-11-13,2025,317,0.2697,0.131,16
OSBS_007,2025-11-13,2025,317,0.3527,0.2489,16
OSBS_005,2025-11-13,2025,317,0.2047,0.0125,16
OSBS_017,2025-11-13,2025,317,0.4228,0.3232,16
OSBS_043,2025-11-13,2025,317,0.3281,0.1744,16
OSBS_022,2025-11-13,2025,317,0.2108,-0.0158,16
OSBS_039,2025-11-13,2025,317,0.2837,0.1108,16
OSBS_036,2025-11-13,2025,317,0.3386,0.191,16
OSBS_029,2025-11-13,2025,317,0.2862,0.0987,16
OSBS_040,2025-11-13,2025,317,0.3694,0.2617,16
OSBS_015,2025-11-13,2025,317,0.195,0.0197,16
OSBS_025,2025-11-13,2025,317,0.2958,0.1288,16
OSBS_030,2025-11-13,2025,317,0.3411,0.1986,16
OSBS_038,2025-11-13,2025,317,0.3578,0.221,16
OSBS_042,2025-11-13,2025,317,0.3883,0.2462,16
OSBS_035,2025-11-13,2025,317,0.3744,0.2731,16
OSBS_037,2025-11-13,2025,317,0.3313,0.1972,16
OSBS_028,2025-11-13,2025,317,0.3271,0.1732,16
OSBS_021,2025-11-13,2025,317,0.2644,0.052,16
OSBS_041,2025-11-13,2025,317,0.3493,0.2227,16
OSBS_009,2025-11-13,2025,317,0.4895,0.3816,16
OSBS_031,2025-11-13,2025,317,0.3243,0.1979,16
OSBS_033,2025-11-13,2025,317,0.3953,0.2817,16
OSBS_032,2025-11-13,2025,317,0.329,0.191,16
OSBS_044,2025-11-13,2025,317,0.3497,0.217,16
OSBS_027,2025-11-13,2025,317,0.3314,0.1606,16
OSBS_034,2025-11-13,2025,317,0.3575,0.2606,16
OSBS_026,2025-11-13,2025,317,0.3559,0.1851,16
OSBS_063,2025-11-13,2025,317,0.336,0.1983,16
OSBS_067,2025-11-13,2025,317,0.3732,0.2512,16
OSBS_066,2025-11-13,2025,317,0.4643,0.3565,16
OSBS_068,2025-11-13,2025,317,0.3875,0.2867,16
OSBS_070,2025-11-13,2025,317,0.3573,0.2429,16
OSBS_073,2025-11-13,2025,317,0.404,0.2581,16
OSBS_002,2025-11-13,2025,317,0.3834,0.2737,16
OSBS_006,2025-11-13,2025,317,0.3326,0.1916,16
OSBS_048,2025-11-13,2025,317,0.4129,0.3097,16
OSBS_001,2025-11-13,2025,317,0.4725,0.3833,16
OSBS_018,2025-11-13,2025,317,0.4083,0.2802,16
OSBS_011,2025-11-13,2025,317,0.4977,0.4108,16
OSBS_014,2025-11-13,2025,317,0.422,0.3148,16
OSBS_004,2025-11-13,2025,317,0.3831,0.2662,16
OSBS_020,2025-11-13,2025,317,0.4447,0.3328,16
OSBS_023,2025-11-13,2025,317,0.186,-0.0674,16
OSBS_049,2025-11-13,2025,317,0.2143,0.0566,16
OSBS_003,2025-11-13,2025,317,0.4585,0.3436,16
OSBS_012,2025-11-13,2025,317,0.1995,-0.0426,16
OSBS_013,2025-11-13,2025,317,0.3579,0.2476,16
OSBS_024,2025-11-13,2025,317,0.1464,-0.128,16
OSBS_016,2025-11-13,2025,317,0.43,0.3324,16
OSBS_008,2025-11-13,2025,317,0.3704,0.256,16
OSBS_010,2025-11-13,2025,317,0.4511,0.3482,16
OSBS_051,2025-11-13,2025,317,0.274,0.1222,16
OSBS_050,2025-11-13,2025,317,0.2727,0.1314,16
OSBS_007,2025-11-13,2025,317,0.3555,0.2483,16
OSBS_005,2025-11-13,2025,317,0.2073,0.0137,16
OSBS_017,2025-11-13,2025,317,0.4273,0.3251,16
OSBS_043,2025-11-13,2025,317,0.331,0.1744,16
OSBS_022,2025-11-13,2025,317,0.2133,-0.0171,16
OSBS_039,2025-11-13,2025,317,0.2856,0.1105,16
OSBS_036,2025-11-13,2025,317,0.3406,0.1923,16
OSBS_029,2025-11-13,2025,317,0.2885,0.0976,16
OSBS_040,2025-11-13,2025,317,0.3724,0.2622,16
OSBS_015,2025-11-13,2025,317,0.1944,0.0184,16
OSBS_025,2025-11-13,2025,317,0.2985,0.1284,16
OSBS_030,2025-11-13,2025,317,0.3446,0.1983,16
OSBS_038,2025-11-13,2025,317,0.3619,0.2217,16
OSBS_042,2025-11-13,2025,317,0.3912,0.2466,16
OSBS_035,2025-11-13,2025,317,0.378,0.2732,16
OSBS_037,2025-11-13,2025,317,0.3341,0.1975,16
OSBS_028,2025-11-13,2025,317,0.3306,0.1732,16
OSBS_021,2025-11-13,2025,317,0.2659,0.0508,16
OSBS_041,2025-11-13,2025,317,0.3538,0.2239,16
OSBS_009,2025-11-13,2025,317,0.4932,0.3823,16
OSBS_031,2025-11-13,2025,317,0.3272,0.1989,16
OSBS_033,2025-11-13,2025,317,0.3981,0.2816,16
OSBS_032,2025-11-13,2025,317,0.3328,0.1915,16
OSBS_044,2025-11-13,2025,317,0.3534,0.2178,16
OSBS_027,2025-11-13,2025,317,0.3346,0.1609,16
OSBS_034,2025-11-13,2025,317,0.3604,0.2607,16
OSBS_026,2025-11-13,2025,317,0.3596,0.1857,16
OSBS_063,2025-11-13,2025,317,0.3387,0.1997,16
OSBS_067,2025-11-13,2025,317,0.3758,0.252,16
OSBS_066,2025-11-13,2025,317,0.469,0.3573,16
OSBS_068,2025-11-13,2025,317,0.3899,0.2871,16
OSBS_070,2025-11-13,2025,317,0.3607,0.244,16
OSBS_073,2025-11-13,2025,317,0.4078,0.2576,16
OSBS_002,2025-11-05,2025,309,0.403,0.2898,16
OSBS_018,2025-11-05,2025,309,0.4464,0.313,16
OSBS_014,2025-11-05,2025,309,0.4177,0.3211,15
OSBS_049,2025-11-05,2025,309,0.2343,0.1452,16
OSBS_003,2025-11-05,2025,309,0.4752,0.3594,16
OSBS_012,2025-11-05,2025,309,0.2766,0.0836,12
OSBS_016,2025-11-05,2025,309,0.3005,0.2488,16
OSBS_008,2025-11-05,2025,309,0.3916,0.2653,16
OSBS_010,2025-11-05,2025,309,0.4299,0.3434,16
OSBS_051,2025-11-05,2025,309,0.2364,0.099,11
OSBS_007,2025-11-05,2025,309,0.3625,0.2492,16
OSBS_017,2025-11-05,2025,309,0.4457,0.3439,16
OSBS_043,2025-11-05,2025,309,0.2727,0.1768,16
OSBS_022,2025-11-05,2025,309,0.2391,0.0059,16
OSBS_039,2025-11-05,2025,309,0.3041,0.1318,16
OSBS_036,2025-11-05,2025,309,0.308,0.1862,16
OSBS_029,2025-11-05,2025,309,0.2804,0.1047,16
OSBS_040,2025-11-05,2025,309,0.3468,0.243,4
OSBS_025,2025-11-05,2025,309,0.1817,0.1225,16
OSBS_030,2025-11-05,2025,309,0.2031,0.1433,16
OSBS_038,2025-11-05,2025,309,0.1917,0.1286,16
OSBS_042,2025-11-05,2025,309,0.2425,0.1863,16
OSBS_035,2025-11-05,2025,309,0.4179,0.2993,16
OSBS_037,2025-11-05,2025,309,0.239,0.2137,12
OSBS_028,2025-11-05,2025,309,0.3243,0.1939,16
OSBS_021,2025-11-05,2025,309,0.3227,0.113,16
OSBS_041,2025-11-05,2025,309,0.3508,0.222,16
OSBS_031,2025-11-05,2025,309,0.3609,0.2155,16
OSBS_033,2025-11-05,2025,309,0.3063,0.2573,8
OSBS_032,2025-11-05,2025,309,0.3666,0.2138,16
OSBS_044,2025-11-05,2025,309,0.3898,0.2421,16
OSBS_027,2025-11-05,2025,309,0.3139,0.1905,16
OSBS_063,2025-11-05,2025,309,0.37,0.2186,16
OSBS_067,2025-11-05,2025,309,0.3266,0.2745,16
OSBS_068,2025-11-05,2025,309,0.2658,0.2268,8
OSBS_073,2025-11-05,2025,309,0.291,0.2442,12
OSBS_002,2025-11-05,2025,309,0.403,0.2897,16
OSBS_018,2025-11-05,2025,309,0.4461,0.3108,16
OSBS_014,2025-11-05,2025,309,0.4181,0.3204,15
OSBS_049,2025-11-05,2025,309,0.2345,0.1453,16
OSBS_003,2025-11-05,2025,309,0.4749,0.3589,16
OSBS_012,2025-11-05,2025,309,0.2766,0.0822,12
OSBS_016,2025-11-05,2025,309,0.3012,0.2491,16
OSBS_008,2025-11-05,2025,309,0.3911,0.2638,16
OSBS_010,2025-11-05,2025,309,0.4306,0.3433,16
OSBS_051,2025-11-05,2025,309,0.2377,0.1007,11
OSBS_007,2025-11-05,2025,309,0.3623,0.248,16
OSBS_017,2025-11-05,2025,309,0.4449,0.3419,16
OSBS_043,2025-11-05,2025,309,0.2721,0.1747,16
OSBS_022,2025-11-05,2025,309,0.2397,0.0045,16
OSBS_039,2025-11-05,2025,309,0.3038,0.13,16
OSBS_036,2025-11-05,2025,309,0.308,0.1848,16
OSBS_029,2025-11-05,2025,309,0.2803,0.1018,16
OSBS_040,2025-11-05,2025,309,0.347,0.2416,4
OSBS_025,2025-11-05,2025,309,0.1812,0.1218,16
OSBS_030,2025-11-05,2025,309,0.2027,0.1421,16
OSBS_038,2025-11-05,2025,309,0.1919,0.1284,16
OSBS_042,2025-11-05,2025,309,0.2428,0.1872,16
OSBS_035,2025-11-05,2025,309,0.418,0.2977,16
OSBS_037,2025-11-05,2025,309,0.2389,0.2133,12
OSBS_028,2025-11-05,2025,309,0.3238,0.1921,16
OSBS_021,2025-11-05,2025,309,0.3231,0.1125,16
OSBS_041,2025-11-05,2025,309,0.3509,0.221,16
OSBS_031,2025-11-05,2025,309,0.3604,0.2134,16
OSBS_033,2025-11-05,2025,309,0.3061,0.2561,8
OSBS_032,2025-11-05,2025,309,0.3665,0.2116,16
OSBS_044,2025-11-05,2025,309,0.3902,0.2408,16
OSBS_027,2025-11-05,2025,309,0.3137,0.189,16
OSBS_063,2025-11-05,2025,309,0.369,0.2175,16
OSBS_067,2025-11-05,2025,309,0.327,0.2736,16
OSBS_068,2025-11-05,2025,309,0.2652,0.225,8
OSBS_073,2025-11-05,2025,309,0.2919,0.2441,12
OSBS_002,2025-11-03,2025,307,0.4006,0.296,16
OSBS_006,2025-11-03,2025,307,0.3502,0.2033,16
OSBS_048,2025-11-03,2025,307,0.4288,0.3157,16
OSBS_001,2025-11-03,2025,307,0.4959,0.4076,16
OSBS_018,2025-11-03,2025,307,0.4308,0.3047,16
OSBS_011,2025-11-03,2025,307,0.5063,0.4164,16
OSBS_014,2025-11-03,2025,307,0.4273,0.3258,16
OSBS_004,2025-11-03,2025,307,0.3949,0.2797,16
OSBS_020,2025-11-03,2025,307,0.4661,0.3625,16
OSBS_023,2025-11-03,2025,307,0.226,-0.0054,16
OSBS_049,2025-11-03,2025,307,0.2857,0.1317,16
OSBS_003,2025-11-03,2025,307,0.4772,0.3706,16
OSBS_012,2025-11-03,2025,307,0.2472,0.0541,16
OSBS_013,2025-11-03,2025,307,0.3729,0.2583,16
OSBS_024,2025-11-03,2025,307,0.1802,-0.0699,16
OSBS_016,2025-11-03,2025,307,0.4547,0.358,16
OSBS_008,2025-11-03,2025,307,0.373,0.2575,16
OSBS_010,2025-11-03,2025,307,0.4588,0.3619,16
OSBS_051,2025-11-03,2025,307,0.289,0.1466,16
OSBS_050,2025-11-03,2025,307,0.2924,0.1538,16
OSBS_007,2025-11-03,2025,307,0.3655,0.2574,16
OSBS_005,2025-11-03,2025,307,0.2901,0.0963,16
OSBS_017,2025-11-03,2025,307,0.4506,0.3549,16
OSBS_043,2025-11-03,2025,307,0.3319,0.1692,16
OSBS_022,2025-11-03,2025,307,0.2629,0.0374,16
OSBS_039,2025-11-03,2025,307,0.2975,0.1212,16
OSBS_036,2025-11-03,2025,307,0.3413,0.1947,16
OSBS_029,2025-11-03,2025,307,0.3077,0.1018,16
OSBS_040,2025-11-03,2025,307,0.3867,0.282,16
OSBS_015,2025-11-03,2025,307,0.2684,0.0962,16
OSBS_025,2025-11-03,2025,307,0.3102,0.1331,16
OSBS_030,2025-11-03,2025,307,0.3537,0.219,16
OSBS_038,2025-11-03,2025,307,0.3776,0.229,16
OSBS_042,2025-11-03,2025,307,0.3999,0.2452,16
OSBS_035,2025-11-03,2025,307,0.3935,0.2858,16
OSBS_037,2025-11-03,2025,307,0.3532,0.2179,16
OSBS_028,2025-11-03,2025,307,0.3473,0.1934,16
OSBS_021,2025-11-03,2025,307,0.3224,0.1257,16
OSBS_041,2025-11-03,2025,307,0.3645,0.2332,16
OSBS_009,2025-11-03,2025,307,0.4993,0.4075,16
OSBS_031,2025-11-03,2025,307,0.3357,0.203,16
OSBS_033,2025-11-03,2025,307,0.4026,0.2868,16
OSBS_032,2025-11-03,2025,307,0.3352,0.2009,16
OSBS_044,2025-11-03,2025,307,0.3641,0.2322,16
OSBS_027,2025-11-03,2025,307,0.3418,0.1714,16
OSBS_034,2025-11-03,2025,307,0.3749,0.2708,16
OSBS_026,2025-11-03,2025,307,0.3437,0.1852,16
OSBS_063,2025-11-03,2025,307,0.3597,0.2202,16
OSBS_067,2025-11-03,2025,307,0.3889,0.2615,16
OSBS_066,2025-11-03,2025,307,0.4882,0.3842,16
OSBS_068,2025-11-03,2025,307,0.3989,0.299,16
OSBS_070,2025-11-03,2025,307,0.3745,0.2524,16
OSBS_073,2025-11-03,2025,307,0.4279,0.2751,16
OSBS_002,2025-11-03,2025,307,0.4041,0.2958,16
OSBS_006,2025-11-03,2025,307,0.3534,0.2007,16
OSBS_048,2025-11-03,2025,307,0.4334,0.3154,16
OSBS_001,2025-11-03,2025,307,0.5009,0.4086,16
OSBS_018,2025-11-03,2025,307,0.434,0.3038,16
OSBS_011,2025-11-03,2025,307,0.5111,0.4173,16
OSBS_014,2025-11-03,2025,307,0.431,0.3249,16
OSBS_004,2025-11-03,2025,307,0.3986,0.2791,16
OSBS_020,2025-11-03,2025,307,0.4703,0.363,16
OSBS_023,2025-11-03,2025,307,0.2277,-0.0091,16
OSBS_049,2025-11-03,2025,307,0.2879,0.1308,16
OSBS_003,2025-11-03,2025,307,0.4814,0.3707,16
OSBS_012,2025-11-03,2025,307,0.2489,0.0502,16
OSBS_013,2025-11-03,2025,307,0.3763,0.2575,16
OSBS_024,2025-11-03,2025,307,0.1817,-0.0753,16
OSBS_016,2025-11-03,2025,307,0.4599,0.3587,16
OSBS_008,2025-11-03,2025,307,0.3758,0.2564,16
OSBS_010,2025-11-03,2025,307,0.4639,0.3626,16
OSBS_051,2025-11-03,2025,307,0.2914,0.1447,16
OSBS_050,2025-11-03,2025,307,0.2954,0.1538,16
OSBS_007,2025-11-03,2025,307,0.3686,0.2558,16
OSBS_005,2025-11-03,2025,307,0.2919,0.0921,16
OSBS_017,2025-11-03,2025,307,0.4555,0.3548,16
OSBS_043,2025-11-03,2025,307,0.3343,0.1671,16
OSBS_022,2025-11-03,2025,307,0.2656,0.0338,16
OSBS_039,2025-11-03,2025,307,0.2996,0.1196,16
OSBS_036,2025-11-03,2025,307,0.3448,0.1936,16
OSBS_029,2025-11-03,2025,307,0.3103,0.0985,16
OSBS_040,2025-11-03,2025,307,0.3905,0.2813,16
OSBS_015,2025-11-03,2025,307,0.2704,0.0917,16
OSBS_025,2025-11-03,2025,307,0.3141,0.1322,16
OSBS_030,2025-11-03,2025,307,0.3566,0.2187,16
OSBS_038,2025-11-03,2025,307,0.3809,0.2282,16
OSBS_042,2025-11-03,2025,307,0.4036,0.2446,16
OSBS_035,2025-11-03,2025,307,0.3973,0.2851,16
OSBS_037,2025-11-03,2025,307,0.3562,0.2168,16
OSBS_028,2025-11-03,2025,307,0.35,0.1922,16
OSBS_021,2025-11-03,2025,307,0.3252,0.1245,16
OSBS_041,2025-11-03,2025,307,0.3683,0.2328,16
OSBS_009,2025-11-03,2025,307,0.5038,0.4086,16
OSBS_031,2025-11-03,2025,307,0.3383,0.2017,16
OSBS_033,2025-11-03,2025,307,0.4061,0.2855,16
OSBS_032,2025-11-03,2025,307,0.3389,0.1994,16
OSBS_044,2025-11-03,2025,307,0.3672,0.2325,16
OSBS_027,2025-11-03,2025,307,0.3454,0.1701,16
OSBS_034,2025-11-03,2025,307,0.378,0.27,16
OSBS_026,2025-11-03,2025,307,0.3474,0.1835,16
OSBS_063,2025-11-03,2025,307,0.3629,0.2192,16
OSBS_067,2025-11-03,2025,307,0.3921,0.2611,16
OSBS_066,2025-11-03,2025,307,0.4928,0.3847,16
OSBS_068,2025-11-03,2025,307,0.4024,0.2986,16
OSBS_070,2025-11-03,2025,307,0.3781,0.2508,16
OSBS_073,2025-11-03,2025,307,0.4325,0.2745,16
OSBS_002,2025-10-24,2025,297,0.3913,0.2777,16
OSBS_006,2025-10-24,2025,297,0.3419,0.1864,16
OSBS_048,2025-10-24,2025,297,0.4281,0.3214,16
OSBS_001,2025-10-24,2025,297,0.4894,0.3952,16
OSBS_018,2025-10-24,2025,297,0.4225,0.287,16
OSBS_011,2025-10-24,2025,297,0.4994,0.4056,16
OSBS_014,2025-10-24,2025,297,0.4252,0.3068,16
OSBS_004,2025-10-24,2025,297,0.3899,0.2692,16
OSBS_020,2025-10-24,2025,297,0.4667,0.3584,16
OSBS_023,2025-10-24,2025,297,0.2242,-0.0211,16
OSBS_049,2025-10-24,2025,297,0.3608,0.1933,16
OSBS_003,2025-10-24,2025,297,0.4745,0.3561,16
OSBS_012,2025-10-24,2025,297,0.2721,0.0643,16
OSBS_013,2025-10-24,2025,297,0.37,0.2416,16
OSBS_024,2025-10-24,2025,297,0.1849,-0.071,16
OSBS_016,2025-10-24,2025,297,0.4623,0.3572,16
OSBS_008,2025-10-24,2025,297,0.3722,0.2342,16
OSBS_010,2025-10-24,2025,297,0.4587,0.3493,16
OSBS_051,2025-10-24,2025,297,0.2855,0.1305,16
OSBS_050,2025-10-24,2025,297,0.2952,0.1433,16
OSBS_007,2025-10-24,2025,297,0.365,0.2446,16
OSBS_005,2025-10-24,2025,297,0.3129,0.1038,16
OSBS_017,2025-10-24,2025,297,0.455,0.3486,16
OSBS_043,2025-10-24,2025,297,0.3181,0.1443,16
OSBS_022,2025-10-24,2025,297,0.2899,0.0588,16
OSBS_039,2025-10-24,2025,297,0.2815,0.0974,16
OSBS_036,2025-10-24,2025,297,0.3354,0.1755,16
OSBS_029,2025-10-24,2025,297,0.2844,0.0737,16
OSBS_040,2025-10-24,2025,297,0.372,0.2551,16
OSBS_015,2025-10-24,2025,297,0.296,0.1116,16
OSBS_025,2025-10-24,2025,297,0.3012,0.1123,16
OSBS_030,2025-10-24,2025,297,0.3498,0.2099,16
OSBS_038,2025-10-24,2025,297,0.3725,0.2169,16
OSBS_042,2025-10-24,2025,297,0.3925,0.236,16
OSBS_035,2025-10-24,2025,297,0.3929,0.2807,16
OSBS_037,2025-10-24,2025,297,0.3455,0.2085,16
OSBS_028,2025-10-24,2025,297,0.3463,0.1822,16
OSBS_021,2025-10-24,2025,297,0.3443,0.1376,16
OSBS_041,2025-10-24,2025,297,0.3673,0.2255,16
OSBS_009,2025-10-24,2025,297,0.5056,0.4063,16
OSBS_031,2025-10-24,2025,297,0.3342,0.1956,16
OSBS_033,2025-10-24,2025,297,0.3918,0.2704,16
OSBS_032,2025-10-24,2025,297,0.3299,0.182,16
OSBS_044,2025-10-24,2025,297,0.3615,0.2143,16
OSBS_027,2025-10-24,2025,297,0.3395,0.1495,16
OSBS_034,2025-10-24,2025,297,0.3674,0.2507,16
OSBS_026,2025-10-24,2025,297,0.3462,0.1699,16
OSBS_063,2025-10-24,2025,297,0.3633,0.2104,16
OSBS_067,2025-10-24,2025,297,0.3915,0.2508,16
OSBS_066,2025-10-24,2025,297,0.485,0.3749,16
OSBS_068,2025-10-24,2025,297,0.3991,0.2834,16
OSBS_070,2025-10-24,2025,297,0.3633,0.2299,16
OSBS_073,2025-10-24,2025,297,0.4126,0.2632,16
OSBS_002,2025-10-24,2025,297,0.3934,0.2782,16
OSBS_006,2025-10-24,2025,297,0.3437,0.1858,16
OSBS_048,2025-10-24,2025,297,0.431,0.3218,16
OSBS_001,2025-10-24,2025,297,0.4936,0.3961,16
OSBS_018,2025-10-24,2025,297,0.4246,0.2864,16
OSBS_011,2025-10-24,2025,297,0.5026,0.4073,16
OSBS_014,2025-10-24,2025,297,0.4276,0.307,16
OSBS_004,2025-10-24,2025,297,0.3924,0.2693,16
OSBS_020,2025-10-24,2025,297,0.4694,0.3588,16
OSBS_023,2025-10-24,2025,297,0.2261,-0.0215,16
OSBS_049,2025-10-24,2025,297,0.3635,0.1934,16
OSBS_003,2025-10-24,2025,297,0.4781,0.3573,16
OSBS_012,2025-10-24,2025,297,0.2737,0.0636,16
OSBS_013,2025-10-24,2025,297,0.3719,0.242,16
OSBS_024,2025-10-24,2025,297,0.1866,-0.0735,16
OSBS_016,2025-10-24,2025,297,0.4655,0.3583,16
OSBS_008,2025-10-24,2025,297,0.3746,0.2353,16
OSBS_010,2025-10-24,2025,297,0.4625,0.3507,16
OSBS_051,2025-10-24,2025,297,0.288,0.1318,16
OSBS_050,2025-10-24,2025,297,0.2987,0.146,16
OSBS_007,2025-10-24,2025,297,0.3672,0.2445,16
OSBS_005,2025-10-24,2025,297,0.3148,0.1031,16
OSBS_017,2025-10-24,2025,297,0.4585,0.3489,16
OSBS_043,2025-10-24,2025,297,0.32,0.1439,16
OSBS_022,2025-10-24,2025,297,0.2923,0.0578,16
OSBS_039,2025-10-24,2025,297,0.2832,0.0972,16
OSBS_036,2025-10-24,2025,297,0.3373,0.1755,16
OSBS_029,2025-10-24,2025,297,0.286,0.0737,16
OSBS_040,2025-10-24,2025,297,0.3745,0.2564,16
OSBS_015,2025-10-24,2025,297,0.2979,0.1124,16
OSBS_025,2025-10-24,2025,297,0.3035,0.1124,16
OSBS_030,2025-10-24,2025,297,0.3519,0.2104,16
OSBS_038,2025-10-24,2025,297,0.3753,0.2172,16
OSBS_042,2025-10-24,2025,297,0.3949,0.2358,16
OSBS_035,2025-10-24,2025,297,0.3954,0.2817,16
OSBS_037,2025-10-24,2025,297,0.3472,0.2087,16
OSBS_028,2025-10-24,2025,297,0.3486,0.1824,16
OSBS_021,2025-10-24,2025,297,0.3461,0.1373,16
OSBS_041,2025-10-24,2025,297,0.3699,0.2258,16
OSBS_009,2025-10-24,2025,297,0.509,0.4073,16
OSBS_031,2025-10-24,2025,297,0.3366,0.1956,16
OSBS_033,2025-10-24,2025,297,0.3945,0.2709,16
OSBS_032,2025-10-24,2025,297,0.3326,0.1826,16
OSBS_044,2025-10-24,2025,297,0.3637,0.2146,16
OSBS_027,2025-10-24,2025,297,0.3417,0.1495,16
OSBS_034,2025-10-24,2025,297,0.3694,0.2506,16
OSBS_026,2025-10-24,2025,297,0.3486,0.1695,16
OSBS_063,2025-10-24,2025,297,0.3657,0.2105,16
OSBS_067,2025-10-24,2025,297,0.3939,0.251,16
OSBS_066,2025-10-24,2025,297,0.4886,0.3769,16
OSBS_068,2025-10-24,2025,297,0.4012,0.283,16
OSBS_070,2025-10-24,2025,297,0.3656,0.2307,16
OSBS_073,2025-10-24,2025,297,0.416,0.2632,16
OSBS_002,2025-10-19,2025,292,0.3215,0.2025,16
OSBS_006,2025-10-19,2025,292,0.3451,0.1707,16
OSBS_001,2025-10-19,2025,292,0.4887,0.392,16
OSBS_011,2025-10-19,2025,292,0.5013,0.4006,16
OSBS_014,2025-10-19,2025,292,0.2138,0.1766,16
OSBS_004,2025-10-19,2025,292,0.2302,0.1825,16
OSBS_023,2025-10-19,2025,292,0.2129,-0.0595,16
OSBS_049,2025-10-19,2025,292,0.3865,0.2097,16
OSBS_012,2025-10-19,2025,292,0.245,0.0273,16
OSBS_013,2025-10-19,2025,292,0.3881,0.2556,16
OSBS_024,2025-10-19,2025,292,0.1661,-0.0802,16
OSBS_016,2025-10-19,2025,292,0.4713,0.3632,16
OSBS_008,2025-10-19,2025,292,0.3796,0.2343,16
OSBS_051,2025-10-19,2025,292,0.2913,0.0941,11
OSBS_007,2025-10-19,2025,292,0.3629,0.2389,16
OSBS_017,2025-10-19,2025,292,0.2372,0.0907,16
OSBS_043,2025-10-19,2025,292,0.2843,0.1605,16
OSBS_022,2025-10-19,2025,292,0.1071,0.0226,3
OSBS_039,2025-10-19,2025,292,0.2466,0.1536,16
OSBS_036,2025-10-19,2025,292,0.3232,0.1489,16
OSBS_029,2025-10-19,2025,292,0.2036,0.1154,16
OSBS_040,2025-10-19,2025,292,0.3577,0.2345,16
OSBS_025,2025-10-19,2025,292,0.3086,0.0928,16
OSBS_030,2025-10-19,2025,292,0.2301,0.1897,2
OSBS_038,2025-10-19,2025,292,0.3413,0.2164,16
OSBS_042,2025-10-19,2025,292,0.398,0.2118,16
OSBS_028,2025-10-19,2025,292,0.2799,0.228,16
OSBS_021,2025-10-19,2025,292,0.1663,0.0757,16
OSBS_041,2025-10-19,2025,292,0.2402,0.1628,16
OSBS_009,2025-10-19,2025,292,0.5061,0.4019,16
OSBS_031,2025-10-19,2025,292,0.3296,0.1996,16
OSBS_033,2025-10-19,2025,292,0.3962,0.2621,16
OSBS_032,2025-10-19,2025,292,0.3302,0.1702,16
OSBS_044,2025-10-19,2025,292,0.3162,0.1745,16
OSBS_027,2025-10-19,2025,292,0.2759,0.1399,16
OSBS_034,2025-10-19,2025,292,0.3719,0.2395,16
OSBS_063,2025-10-19,2025,292,0.3733,0.2119,16
OSBS_067,2025-10-19,2025,292,0.221,0.1933,16
OSBS_066,2025-10-19,2025,292,0.3045,0.1841,16
OSBS_068,2025-10-19,2025,292,0.2162,0.1641,12
OSBS_070,2025-10-19,2025,292,0.2451,0.1687,16
OSBS_073,2025-10-19,2025,292,0.2856,0.2842,16
OSBS_006,2025-10-16,2025,289,0.3189,0.1644,14
OSBS_001,2025-10-16,2025,289,0.4935,0.3923,16
OSBS_011,2025-10-16,2025,289,0.4967,0.3922,16
OSBS_014,2025-10-16,2025,289,0.4264,0.3052,16
OSBS_004,2025-10-16,2025,289,0.4011,0.2637,16
OSBS_020,2025-10-16,2025,289,0.4856,0.3643,16
OSBS_023,2025-10-16,2025,289,0.2291,-0.0438,16
OSBS_049,2025-10-16,2025,289,0.3553,0.1962,16
OSBS_003,2025-10-16,2025,289,0.4866,0.3602,16
OSBS_012,2025-10-16,2025,289,0.3019,0.0639,16
OSBS_024,2025-10-16,2025,289,0.1892,-0.0888,16
OSBS_016,2025-10-16,2025,289,0.4689,0.3473,8
OSBS_008,2025-10-16,2025,289,0.3766,0.2377,12
OSBS_010,2025-10-16,2025,289,0.4624,0.3487,16
OSBS_050,2025-10-16,2025,289,0.3004,0.1468,16
OSBS_005,2025-10-16,2025,289,0.3335,0.0981,16
OSBS_017,2025-10-16,2025,289,0.4624,0.3553,16
OSBS_043,2025-10-16,2025,289,0.3089,0.1093,16
OSBS_022,2025-10-16,2025,289,0.3197,0.0942,16
OSBS_039,2025-10-16,2025,289,0.2671,0.1024,16
OSBS_036,2025-10-16,2025,289,0.3273,0.1549,16
OSBS_029,2025-10-16,2025,289,0.2221,0.0757,16
OSBS_040,2025-10-16,2025,289,0.3634,0.2453,16
OSBS_025,2025-10-16,2025,289,0.2995,0.0977,16
OSBS_030,2025-10-16,2025,289,0.3577,0.2038,16
OSBS_038,2025-10-16,2025,289,0.3665,0.1939,16
OSBS_042,2025-10-16,2025,289,0.3939,0.2145,16
OSBS_035,2025-10-16,2025,289,0.3938,0.2712,16
OSBS_037,2025-10-16,2025,289,0.357,0.2008,16
OSBS_028,2025-10-16,2025,289,0.3504,0.1753,16
OSBS_021,2025-10-16,2025,289,0.371,0.1476,16
OSBS_041,2025-10-16,2025,289,0.3644,0.2159,16
OSBS_009,2025-10-16,2025,289,0.5074,0.3958,16
OSBS_031,2025-10-16,2025,289,0.3365,0.1788,16
OSBS_033,2025-10-16,2025,289,0.3985,0.2616,16
OSBS_032,2025-10-16,2025,289,0.3346,0.1668,16
OSBS_044,2025-10-16,2025,289,0.3684,0.2026,16
OSBS_027,2025-10-16,2025,289,0.3413,0.1303,16
OSBS_034,2025-10-16,2025,289,0.3662,0.2375,16
OSBS_026,2025-10-16,2025,289,0.3519,0.1557,16
OSBS_067,2025-10-16,2025,289,0.3985,0.2608,16
OSBS_066,2025-10-16,2025,289,0.492,0.3799,16
OSBS_070,2025-10-16,2025,289,0.3667,0.2213,16
OSBS_073,2025-10-16,2025,289,0.4239,0.268,16
OSBS_006,2025-10-16,2025,289,0.3181,0.1652,14
OSBS_001,2025-10-16,2025,289,0.4919,0.3915,16
OSBS_011,2025-10-16,2025,289,0.4956,0.3908,16
OSBS_014,2025-10-16,2025,289,0.4253,0.3036,16
OSBS_004,2025-10-16,2025,289,0.4001,0.2622,16
OSBS_020,2025-10-16,2025,289,0.4835,0.3621,16
OSBS_023,2025-10-16,2025,289,0.2287,-0.0432,16
OSBS_049,2025-10-16,2025,289,0.3547,0.1945,16
OSBS_003,2025-10-16,2025,289,0.4851,0.359,16
OSBS_012,2025-10-16,2025,289,0.3019,0.0632,16
OSBS_024,2025-10-16,2025,289,0.1909,-0.0881,16
OSBS_016,2025-10-16,2025,289,0.4677,0.3475,8
OSBS_008,2025-10-16,2025,289,0.3759,0.2383,12
OSBS_010,2025-10-16,2025,289,0.4614,0.3474,16
OSBS_050,2025-10-16,2025,289,0.3009,0.1475,16
OSBS_005,2025-10-16,2025,289,0.334,0.0984,16
OSBS_017,2025-10-16,2025,289,0.4607,0.3543,16
OSBS_043,2025-10-16,2025,289,0.3084,0.1095,16
OSBS_022,2025-10-16,2025,289,0.3199,0.0923,16
OSBS_039,2025-10-16,2025,289,0.2678,0.1021,16
OSBS_036,2025-10-16,2025,289,0.3272,0.153,16
OSBS_029,2025-10-16,2025,289,0.2228,0.0759,16
OSBS_040,2025-10-16,2025,289,0.363,0.2442,16
OSBS_025,2025-10-16,2025,289,0.2996,0.0965,16
OSBS_030,2025-10-16,2025,289,0.357,0.2027,16
OSBS_038,2025-10-16,2025,289,0.3658,0.193,16
OSBS_042,2025-10-16,2025,289,0.3919,0.2141,16
OSBS_035,2025-10-16,2025,289,0.3924,0.2693,16
OSBS_037,2025-10-16,2025,289,0.356,0.2,16
OSBS_028,2025-10-16,2025,289,0.3495,0.1744,16
OSBS_021,2025-10-16,2025,289,0.3699,0.1452,16
OSBS_041,2025-10-16,2025,289,0.3637,0.215,16
OSBS_009,2025-10-16,2025,289,0.5057,0.3951,16
OSBS_031,2025-10-16,2025,289,0.336,0.1767,16
OSBS_033,2025-10-16,2025,289,0.3974,0.2605,16
OSBS_032,2025-10-16,2025,289,0.3342,0.1659,16
OSBS_044,2025-10-16,2025,289,0.3676,0.2022,16
OSBS_027,2025-10-16,2025,289,0.3409,0.1296,16
OSBS_034,2025-10-16,2025,289,0.3649,0.2363,16
OSBS_026,2025-10-16,2025,289,0.3523,0.1561,16
OSBS_067,2025-10-16,2025,289,0.3975,0.2588,16
OSBS_066,2025-10-16,2025,289,0.4904,0.3785,16
OSBS_070,2025-10-16,2025,289,0.366,0.22,16
OSBS_073,2025-10-16,2025,289,0.4224,0.2671,16
OSBS_002,2025-10-14,2025,287,0.3906,0.2768,16
OSBS_006,2025-10-14,2025,287,0.3296,0.1708,16
OSBS_048,2025-10-14,2025,287,0.431,0.308,16
OSBS_001,2025-10-14,2025,287,0.4932,0.3955,16
OSBS_018,2025-10-14,2025,287,0.4332,0.2891,16
OSBS_014,2025-10-14,2025,287,0.4131,0.3025,16
OSBS_004,2025-10-14,2025,287,0.3889,0.2599,16
OSBS_023,2025-10-14,2025,287,0.2281,-0.0346,16
OSBS_049,2025-10-14,2025,287,0.3978,0.2128,16
OSBS_003,2025-10-14,2025,287,0.4748,0.3545,16
OSBS_012,2025-10-14,2025,287,0.2925,0.0616,16
OSBS_013,2025-10-14,2025,287,0.3678,0.2379,16
OSBS_024,2025-10-14,2025,287,0.1925,-0.0738,16
OSBS_008,2025-10-14,2025,287,0.3603,0.2272,16
OSBS_010,2025-10-14,2025,287,0.4528,0.3416,16
OSBS_051,2025-10-14,2025,287,0.2652,0.1172,16
OSBS_050,2025-10-14,2025,287,0.2973,0.1439,16
OSBS_007,2025-10-14,2025,287,0.355,0.2317,16
OSBS_005,2025-10-14,2025,287,0.3245,0.0992,16
OSBS_017,2025-10-14,2025,287,0.4672,0.3584,16
OSBS_043,2025-10-14,2025,287,0.3105,0.1232,16
OSBS_022,2025-10-14,2025,287,0.2984,0.0603,16
OSBS_039,2025-10-14,2025,287,0.2752,0.0801,16
OSBS_036,2025-10-14,2025,287,0.3282,0.1561,16
OSBS_029,2025-10-14,2025,287,0.2816,0.0558,16
OSBS_040,2025-10-14,2025,287,0.3642,0.2436,16
OSBS_015,2025-10-14,2025,287,0.3224,0.134,16
OSBS_025,2025-10-14,2025,287,0.2975,0.0976,16
OSBS_030,2025-10-14,2025,287,0.3506,0.2032,16
OSBS_038,2025-10-14,2025,287,0.3682,0.2047,16
OSBS_042,2025-10-14,2025,287,0.3874,0.2157,16
OSBS_035,2025-10-14,2025,287,0.3922,0.2725,16
OSBS_037,2025-10-14,2025,287,0.348,0.2033,16
OSBS_028,2025-10-14,2025,287,0.3482,0.1823,16
OSBS_021,2025-10-14,2025,287,0.3478,0.137,16
OSBS_041,2025-10-14,2025,287,0.3618,0.2186,16
OSBS_009,2025-10-14,2025,287,0.4946,0.3981,16
OSBS_031,2025-10-14,2025,287,0.3296,0.1858,16
OSBS_033,2025-10-14,2025,287,0.3876,0.2579,16
OSBS_032,2025-10-14,2025,287,0.3224,0.1743,16
OSBS_044,2025-10-14,2025,287,0.3478,0.2019,16
OSBS_027,2025-10-14,2025,287,0.3321,0.1335,16
OSBS_034,2025-10-14,2025,287,0.3602,0.2381,16
OSBS_026,2025-10-14,2025,287,0.3399,0.156,16
OSBS_063,2025-10-14,2025,287,0.3618,0.2036,16
OSBS_067,2025-10-14,2025,287,0.3909,0.2346,16
OSBS_066,2025-10-14,2025,287,0.491,0.3774,16
OSBS_068,2025-10-14,2025,287,0.3907,0.2654,16
OSBS_070,2025-10-14,2025,287,0.3596,0.2213,16
OSBS_073,2025-10-14,2025,287,0.4273,0.2679,16
OSBS_002,2025-10-14,2025,287,0.3941,0.2779,16
OSBS_006,2025-10-14,2025,287,0.3323,0.1704,16
OSBS_048,2025-10-14,2025,287,0.4348,0.3084,16
OSBS_001,2025-10-14,2025,287,0.4976,0.3968,16
OSBS_018,2025-10-14,2025,287,0.4368,0.2901,16
OSBS_014,2025-10-14,2025,287,0.4167,0.3033,16
OSBS_004,2025-10-14,2025,287,0.3924,0.2605,16
OSBS_023,2025-10-14,2025,287,0.2295,-0.0364,16
OSBS_049,2025-10-14,2025,287,0.401,0.2134,16
OSBS_003,2025-10-14,2025,287,0.4789,0.3553,16
OSBS_012,2025-10-14,2025,287,0.2945,0.0605,16
OSBS_013,2025-10-14,2025,287,0.3711,0.2376,16
OSBS_024,2025-10-14,2025,287,0.1941,-0.0755,16
OSBS_016,2025-10-14,2025,287,0.3969,0.3281,1
OSBS_008,2025-10-14,2025,287,0.3636,0.2271,16
OSBS_010,2025-10-14,2025,287,0.4571,0.3429,16
OSBS_051,2025-10-14,2025,287,0.2675,0.1177,16
OSBS_050,2025-10-14,2025,287,0.3009,0.146,16
OSBS_007,2025-10-14,2025,287,0.3584,0.2322,16
OSBS_005,2025-10-14,2025,287,0.3281,0.1002,16
OSBS_017,2025-10-14,2025,287,0.4717,0.3593,16
OSBS_043,2025-10-14,2025,287,0.3132,0.1231,16
OSBS_022,2025-10-14,2025,287,0.3007,0.0578,16
OSBS_039,2025-10-14,2025,287,0.2779,0.0799,16
OSBS_036,2025-10-14,2025,287,0.3313,0.1564,16
OSBS_029,2025-10-14,2025,287,0.2841,0.0552,16
OSBS_040,2025-10-14,2025,287,0.3674,0.2438,16
OSBS_015,2025-10-14,2025,287,0.3249,0.1339,16
OSBS_025,2025-10-14,2025,287,0.3001,0.0975,16
OSBS_030,2025-10-14,2025,287,0.3536,0.204,16
OSBS_038,2025-10-14,2025,287,0.3715,0.2054,16
OSBS_042,2025-10-14,2025,287,0.3917,0.2154,16
OSBS_035,2025-10-14,2025,287,0.3958,0.2733,16
OSBS_037,2025-10-14,2025,287,0.3513,0.2039,16
OSBS_028,2025-10-14,2025,287,0.3508,0.1829,16
OSBS_021,2025-10-14,2025,287,0.35,0.1366,16
OSBS_041,2025-10-14,2025,287,0.3652,0.2197,16
OSBS_009,2025-10-14,2025,287,0.4985,0.3994,16
OSBS_031,2025-10-14,2025,287,0.3325,0.1863,16
OSBS_033,2025-10-14,2025,287,0.391,0.2585,16
OSBS_032,2025-10-14,2025,287,0.3252,0.174,16
OSBS_044,2025-10-14,2025,287,0.3511,0.2019,16
OSBS_027,2025-10-14,2025,287,0.3354,0.1339,16
OSBS_034,2025-10-14,2025,287,0.3633,0.2382,16
OSBS_026,2025-10-14,2025,287,0.3431,0.1556,16
OSBS_063,2025-10-14,2025,287,0.3653,0.2041,16
OSBS_067,2025-10-14,2025,287,0.3951,0.2354,16
OSBS_066,2025-10-14,2025,287,0.4957,0.3789,16
OSBS_068,2025-10-14,2025,287,0.3942,0.2665,16
OSBS_070,2025-10-14,2025,287,0.363,0.2215,16
OSBS_073,2025-10-14,2025,287,0.4315,0.2682,16
OSBS_002,2025-09-24,2025,267,0.3851,0.2645,16
OSBS_048,2025-09-24,2025,267,0.409,0.3255,8
OSBS_001,2025-09-24,2025,267,0.5023,0.4181,16
OSBS_018,2025-09-24,2025,267,0.4158,0.2773,16
OSBS_011,2025-09-24,2025,267,0.5026,0.4149,16
OSBS_014,2025-09-24,2025,267,0.4137,0.3075,16
OSBS_004,2025-09-24,2025,267,0.3901,0.2568,16
OSBS_020,2025-09-24,2025,267,0.4801,0.3715,16
OSBS_023,2025-09-24,2025,267,0.1703,-0.001,16
OSBS_049,2025-09-24,2025,267,0.3977,0.2262,16
OSBS_003,2025-09-24,2025,267,0.472,0.3598,16
OSBS_013,2025-09-24,2025,267,0.3676,0.2266,16
OSBS_016,2025-09-24,2025,267,0.4738,0.3739,16
OSBS_008,2025-09-24,2025,267,0.3037,0.1789,4
OSBS_010,2025-09-24,2025,267,0.4589,0.3451,16
OSBS_051,2025-09-24,2025,267,0.2458,0.1013,16
OSBS_005,2025-09-24,2025,267,0.3909,0.2083,16
OSBS_015,2025-09-24,2025,267,0.371,0.2193,16
OSBS_025,2025-09-24,2025,267,0.2875,0.1445,4
OSBS_042,2025-09-24,2025,267,0.3712,0.2181,8
OSBS_035,2025-09-24,2025,267,0.3844,0.2956,16
OSBS_021,2025-09-24,2025,267,0.3515,0.1595,16
OSBS_009,2025-09-24,2025,267,0.5154,0.4149,16
OSBS_031,2025-09-24,2025,267,0.3154,0.1821,4
OSBS_032,2025-09-24,2025,267,0.2957,0.1822,4
OSBS_044,2025-09-24,2025,267,0.3595,0.2187,16
OSBS_027,2025-09-24,2025,267,0.3251,0.1515,10
OSBS_063,2025-09-24,2025,267,0.3597,0.2224,16
OSBS_067,2025-09-24,2025,267,0.3755,0.2334,16
OSBS_066,2025-09-24,2025,267,0.4913,0.3924,16
OSBS_002,2025-09-24,2025,267,0.389,0.2651,16
OSBS_048,2025-09-24,2025,267,0.4143,0.3262,8
OSBS_001,2025-09-24,2025,267,0.5088,0.4192,16
OSBS_018,2025-09-24,2025,267,0.42,0.2777,16
OSBS_011,2025-09-24,2025,267,0.5088,0.416,16
OSBS_014,2025-09-24,2025,267,0.418,0.3084,16
OSBS_004,2025-09-24,2025,267,0.3946,0.2573,16
OSBS_020,2025-09-24,2025,267,0.4846,0.3728,16
OSBS_023,2025-09-24,2025,267,0.1711,-0.0067,16
OSBS_049,2025-09-24,2025,267,0.4018,0.2268,16
OSBS_003,2025-09-24,2025,267,0.477,0.3608,16
OSBS_013,2025-09-24,2025,267,0.372,0.226,16
OSBS_016,2025-09-24,2025,267,0.4807,0.376,16
OSBS_008,2025-09-24,2025,267,0.307,0.1784,4
OSBS_010,2025-09-24,2025,267,0.464,0.3458,16
OSBS_051,2025-09-24,2025,267,0.2484,0.0987,16
OSBS_005,2025-09-24,2025,267,0.3949,0.208,16
OSBS_015,2025-09-24,2025,267,0.3729,0.2181,16
OSBS_025,2025-09-24,2025,267,0.2909,0.1437,4
OSBS_042,2025-09-24,2025,267,0.3758,0.2173,8
OSBS_035,2025-09-24,2025,267,0.3892,0.2958,16
OSBS_021,2025-09-24,2025,267,0.3549,0.1606,16
OSBS_009,2025-09-24,2025,267,0.5206,0.4161,16
OSBS_031,2025-09-24,2025,267,0.319,0.1802,4
OSBS_032,2025-09-24,2025,267,0.2987,0.1807,4
OSBS_044,2025-09-24,2025,267,0.3638,0.2175,16
OSBS_027,2025-09-24,2025,267,0.329,0.15,10
OSBS_063,2025-09-24,2025,267,0.3631,0.2215,16
OSBS_067,2025-09-24,2025,267,0.3795,0.2326,16
OSBS_066,2025-09-24,2025,267,0.4968,0.3932,16
OSBS_002,2025-09-19,2025,262,0.3874,0.2574,16
OSBS_006,2025-09-19,2025,262,0.3314,0.139,16
OSBS_048,2025-09-19,2025,262,0.4292,0.3135,16
OSBS_001,2025-09-19,2025,262,0.5021,0.4051,16
OSBS_018,2025-09-19,2025,262,0.4303,0.2807,16
OSBS_011,2025-09-19,2025,262,0.4908,0.3974,16
OSBS_014,2025-09-19,2025,262,0.4192,0.2941,16
OSBS_004,2025-09-19,2025,262,0.3995,0.2507,16
OSBS_020,2025-09-19,2025,262,0.4815,0.3857,16
OSBS_023,2025-09-19,2025,262,0.2116,-0.0513,16
OSBS_049,2025-09-19,2025,262,0.4143,0.232,16
OSBS_003,2025-09-19,2025,262,0.4787,0.3661,16
OSBS_012,2025-09-19,2025,262,0.2909,0.0516,16
OSBS_013,2025-09-19,2025,262,0.3731,0.2162,16
OSBS_024,2025-09-19,2025,262,0.1834,-0.0939,16
OSBS_016,2025-09-19,2025,262,0.4761,0.3772,16
OSBS_008,2025-09-19,2025,262,0.3591,0.1974,16
OSBS_010,2025-09-19,2025,262,0.4653,0.3518,16
OSBS_051,2025-09-19,2025,262,0.252,0.0606,16
OSBS_050,2025-09-19,2025,262,0.2819,0.1206,13
OSBS_007,2025-09-19,2025,262,0.3683,0.2187,16
OSBS_005,2025-09-19,2025,262,0.3769,0.1456,16
OSBS_017,2025-09-19,2025,262,0.4845,0.3764,16
OSBS_043,2025-09-19,2025,262,0.3029,0.0874,16
OSBS_022,2025-09-19,2025,262,0.3071,0.0656,16
OSBS_039,2025-09-19,2025,262,0.2651,0.0467,16
OSBS_036,2025-09-19,2025,262,0.3175,0.1113,16
OSBS_029,2025-09-19,2025,262,0.2845,0.0232,16
OSBS_040,2025-09-19,2025,262,0.3679,0.2216,16
OSBS_015,2025-09-19,2025,262,0.3751,0.1926,16
OSBS_025,2025-09-19,2025,262,0.2856,0.0618,16
OSBS_030,2025-09-19,2025,262,0.3467,0.1716,16
OSBS_038,2025-09-19,2025,262,0.3633,0.1726,16
OSBS_042,2025-09-19,2025,262,0.3712,0.1815,16
OSBS_035,2025-09-19,2025,262,0.3928,0.255,16
OSBS_037,2025-09-19,2025,262,0.3461,0.1776,16
OSBS_028,2025-09-19,2025,262,0.3415,0.1534,16
OSBS_021,2025-09-19,2025,262,0.3614,0.157,16
OSBS_041,2025-09-19,2025,262,0.3596,0.1876,16
OSBS_009,2025-09-19,2025,262,0.5061,0.4041,16
OSBS_031,2025-09-19,2025,262,0.3327,0.162,16
OSBS_033,2025-09-19,2025,262,0.3874,0.2409,16
OSBS_032,2025-09-19,2025,262,0.3236,0.1434,16
OSBS_044,2025-09-19,2025,262,0.3442,0.1652,16
OSBS_027,2025-09-19,2025,262,0.3215,0.0962,16
OSBS_034,2025-09-19,2025,262,0.3619,0.2113,16
OSBS_026,2025-09-19,2025,262,0.3329,0.1271,16
OSBS_063,2025-09-19,2025,262,0.3676,0.192,16
OSBS_067,2025-09-19,2025,262,0.3821,0.1997,16
OSBS_066,2025-09-19,2025,262,0.4956,0.3865,16
OSBS_068,2025-09-19,2025,262,0.3952,0.2568,16
OSBS_070,2025-09-19,2025,262,0.3605,0.2034,16
OSBS_073,2025-09-19,2025,262,0.426,0.2635,16
OSBS_002,2025-09-19,2025,262,0.3916,0.2572,16
OSBS_006,2025-09-19,2025,262,0.3361,0.1387,16
OSBS_048,2025-09-19,2025,262,0.4355,0.3137,16
OSBS_001,2025-09-19,2025,262,0.5104,0.4061,16
OSBS_018,2025-09-19,2025,262,0.4356,0.2805,16
OSBS_011,2025-09-19,2025,262,0.499,0.3995,16
OSBS_014,2025-09-19,2025,262,0.4249,0.2952,16
OSBS_004,2025-09-19,2025,262,0.4044,0.2503,16
OSBS_020,2025-09-19,2025,262,0.488,0.3869,16
OSBS_023,2025-09-19,2025,262,0.2119,-0.0522,16
OSBS_049,2025-09-19,2025,262,0.4202,0.2327,16
OSBS_003,2025-09-19,2025,262,0.4854,0.3676,16
OSBS_012,2025-09-19,2025,262,0.294,0.0516,16
OSBS_013,2025-09-19,2025,262,0.3769,0.2163,16
OSBS_024,2025-09-19,2025,262,0.1844,-0.1007,16
OSBS_016,2025-09-19,2025,262,0.4853,0.3787,16
OSBS_008,2025-09-19,2025,262,0.3639,0.198,16
OSBS_010,2025-09-19,2025,262,0.4719,0.3535,16
OSBS_051,2025-09-19,2025,262,0.2546,0.0601,16
OSBS_050,2025-09-19,2025,262,0.2854,0.1223,13
OSBS_007,2025-09-19,2025,262,0.3733,0.2186,16
OSBS_005,2025-09-19,2025,262,0.3801,0.1463,16
OSBS_017,2025-09-19,2025,262,0.4918,0.3766,16
OSBS_043,2025-09-19,2025,262,0.3064,0.0869,16
OSBS_022,2025-09-19,2025,262,0.3109,0.0632,16
OSBS_039,2025-09-19,2025,262,0.2667,0.0471,16
OSBS_036,2025-09-19,2025,262,0.3215,0.1111,16
OSBS_029,2025-09-19,2025,262,0.2869,0.0231,16
OSBS_040,2025-09-19,2025,262,0.3735,0.223,16
OSBS_015,2025-09-19,2025,262,0.379,0.1943,16
OSBS_025,2025-09-19,2025,262,0.2891,0.0619,16
OSBS_030,2025-09-19,2025,262,0.3514,0.1718,16
OSBS_038,2025-09-19,2025,262,0.3685,0.1734,16
OSBS_042,2025-09-19,2025,262,0.3768,0.1816,16
OSBS_035,2025-09-19,2025,262,0.399,0.2566,16
OSBS_037,2025-09-19,2025,262,0.3507,0.1784,16
OSBS_028,2025-09-19,2025,262,0.3459,0.1538,16
OSBS_021,2025-09-19,2025,262,0.3654,0.1567,16
OSBS_041,2025-09-19,2025,262,0.3645,0.1883,16
OSBS_009,2025-09-19,2025,262,0.5142,0.4055,16
OSBS_031,2025-09-19,2025,262,0.3379,0.1626,16
OSBS_033,2025-09-19,2025,262,0.393,0.2422,16
OSBS_032,2025-09-19,2025,262,0.3279,0.1438,16
OSBS_044,2025-09-19,2025,262,0.3486,0.1657,16
OSBS_027,2025-09-19,2025,262,0.3253,0.0955,16
OSBS_034,2025-09-19,2025,262,0.3671,0.2124,16
OSBS_026,2025-09-19,2025,262,0.3365,0.128,16
OSBS_063,2025-09-19,2025,262,0.3721,0.1919,16
OSBS_067,2025-09-19,2025,262,0.3874,0.2005,16
OSBS_066,2025-09-19,2025,262,0.5031,0.3871,16
OSBS_068,2025-09-19,2025,262,0.4014,0.2581,16
OSBS_070,2025-09-19,2025,262,0.3657,0.2041,16
OSBS_073,2025-09-19,2025,262,0.4323,0.2631,16
OSBS_006,2025-08-20,2025,232,0.3409,0.1407,16
OSBS_048,2025-08-20,2025,232,0.4468,0.3168,16
OSBS_001,2025-08-20,2025,232,0.5191,0.4078,16
OSBS_018,2025-08-20,2025,232,0.4485,0.2894,16
OSBS_011,2025-08-20,2025,232,0.5016,0.397,16
OSBS_004,2025-08-20,2025,232,0.3963,0.2529,16
OSBS_020,2025-08-20,2025,232,0.5274,0.4187,16
OSBS_023,2025-08-20,2025,232,0.2247,-0.0511,16
OSBS_003,2025-08-20,2025,232,0.5073,0.378,16
OSBS_024,2025-08-20,2025,232,0.2251,-0.0558,16
OSBS_008,2025-08-20,2025,232,0.3593,0.1743,16
OSBS_010,2025-08-20,2025,232,0.4904,0.3609,16
OSBS_051,2025-08-20,2025,232,0.2115,0.0417,16
OSBS_050,2025-08-20,2025,232,0.2842,0.1318,4
OSBS_005,2025-08-20,2025,232,0.41,0.2103,16
OSBS_017,2025-08-20,2025,232,0.5158,0.3955,16
OSBS_043,2025-08-20,2025,232,0.2813,0.045,16
OSBS_039,2025-08-20,2025,232,0.2417,0.0157,16
OSBS_036,2025-08-20,2025,232,0.2888,0.0638,16
OSBS_029,2025-08-20,2025,232,0.2762,0.0132,16
OSBS_040,2025-08-20,2025,232,0.3561,0.1943,16
OSBS_015,2025-08-20,2025,232,0.4239,0.2419,16
OSBS_025,2025-08-20,2025,232,0.247,0.0026,16
OSBS_030,2025-08-20,2025,232,0.3383,0.1419,16
OSBS_038,2025-08-20,2025,232,0.3406,0.1401,16
OSBS_042,2025-08-20,2025,232,0.3146,0.0996,16
OSBS_035,2025-08-20,2025,232,0.3825,0.2334,16
OSBS_037,2025-08-20,2025,232,0.3437,0.1618,16
OSBS_028,2025-08-20,2025,232,0.3243,0.1242,16
OSBS_041,2025-08-20,2025,232,0.3479,0.1501,16
OSBS_009,2025-08-20,2025,232,0.53,0.4063,16
OSBS_031,2025-08-20,2025,232,0.3257,0.1393,16
OSBS_033,2025-08-20,2025,232,0.3774,0.2228,16
OSBS_032,2025-08-20,2025,232,0.3119,0.1246,16
OSBS_044,2025-08-20,2025,232,0.3345,0.1246,16
OSBS_027,2025-08-20,2025,232,0.2948,0.0566,16
OSBS_034,2025-08-20,2025,232,0.3654,0.2009,16
OSBS_026,2025-08-20,2025,232,0.3113,0.0899,16
OSBS_067,2025-08-20,2025,232,0.3689,0.1828,16
OSBS_066,2025-08-20,2025,232,0.529,0.4075,16
OSBS_068,2025-08-20,2025,232,0.395,0.2485,16
OSBS_070,2025-08-20,2025,232,0.359,0.1933,16
OSBS_073,2025-08-20,2025,232,0.4658,0.2915,16
OSBS_006,2025-08-15,2025,227,0.3396,0.1488,16
OSBS_048,2025-08-15,2025,227,0.447,0.3197,16
OSBS_018,2025-08-15,2025,227,0.4398,0.2868,16
OSBS_004,2025-08-15,2025,227,0.4011,0.2373,16
OSBS_020,2025-08-15,2025,227,0.4436,0.3496,11
OSBS_013,2025-08-15,2025,227,0.3753,0.2072,16
OSBS_010,2025-08-15,2025,227,0.4965,0.3715,16
OSBS_051,2025-08-15,2025,227,0.168,0.0439,15
OSBS_050,2025-08-15,2025,227,0.2603,0.1287,4
OSBS_005,2025-08-15,2025,227,0.4706,0.2504,16
OSBS_017,2025-08-15,2025,227,0.5369,0.43,16
OSBS_022,2025-08-15,2025,227,0.3174,0.0765,16
OSBS_040,2025-08-15,2025,227,0.3392,0.2128,16
OSBS_028,2025-08-15,2025,227,0.3189,0.1381,16
OSBS_009,2025-08-15,2025,227,0.5329,0.4239,16
OSBS_034,2025-08-15,2025,227,0.3578,0.2163,16
OSBS_070,2025-08-15,2025,227,0.3158,0.1809,16
OSBS_006,2025-08-15,2025,227,0.3404,0.1457,16
OSBS_048,2025-08-15,2025,227,0.4471,0.3193,16
OSBS_018,2025-08-15,2025,227,0.4405,0.2847,16
OSBS_004,2025-08-15,2025,227,0.4011,0.2333,16
OSBS_020,2025-08-15,2025,227,0.4443,0.347,11
OSBS_013,2025-08-15,2025,227,0.3758,0.2047,16
OSBS_010,2025-08-15,2025,227,0.4974,0.3696,16
OSBS_051,2025-08-15,2025,227,0.1678,0.04,15
OSBS_050,2025-08-15,2025,227,0.261,0.1245,4
OSBS_005,2025-08-15,2025,227,0.4718,0.2487,16
OSBS_017,2025-08-15,2025,227,0.5372,0.4266,16
OSBS_022,2025-08-15,2025,227,0.3171,0.0711,16
OSBS_040,2025-08-15,2025,227,0.3388,0.2085,16
OSBS_028,2025-08-15,2025,227,0.3189,0.1336,16
OSBS_009,2025-08-15,2025,227,0.5341,0.424,16
OSBS_034,2025-08-15,2025,227,0.3578,0.2125,16
OSBS_070,2025-08-15,2025,227,0.3156,0.1777,16
OSBS_073,2025-08-15,2025,227,0.3099,0.2546,16
OSBS_002,2025-07-28,2025,209,0.3719,0.1903,16
OSBS_006,2025-07-28,2025,209,0.3265,0.1085,16
OSBS_001,2025-07-28,2025,209,0.5491,0.4183,16
OSBS_011,2025-07-28,2025,209,0.5029,0.3866,16
OSBS_014,2025-07-28,2025,209,0.4187,0.2872,4
OSBS_004,2025-07-28,2025,209,0.372,0.2003,16
OSBS_020,2025-07-28,2025,209,0.5482,0.4291,16
OSBS_023,2025-07-28,2025,209,0.2362,0.0005,16
OSBS_049,2025-07-28,2025,209,0.3572,0.1272,16
OSBS_003,2025-07-28,2025,209,0.5294,0.3884,16
OSBS_012,2025-07-28,2025,209,0.2963,0.0806,16
OSBS_013,2025-07-28,2025,209,0.3516,0.1536,16
OSBS_024,2025-07-28,2025,209,0.2804,0.0157,16
OSBS_016,2025-07-28,2025,209,0.5359,0.4068,16
OSBS_008,2025-07-28,2025,209,0.3378,0.1372,16
OSBS_051,2025-07-28,2025,209,0.2932,0.1533,16
OSBS_050,2025-07-28,2025,209,0.2574,0.096,4
OSBS_005,2025-07-28,2025,209,0.4898,0.2507,16
OSBS_017,2025-07-28,2025,209,0.5459,0.4092,16
OSBS_043,2025-07-28,2025,209,0.2362,-0.0293,16
OSBS_039,2025-07-28,2025,209,0.1737,-0.0261,16
OSBS_036,2025-07-28,2025,209,0.2079,-0.0212,16
OSBS_029,2025-07-28,2025,209,0.2468,-0.0277,16
OSBS_040,2025-07-28,2025,209,0.3306,0.1507,16
OSBS_015,2025-07-28,2025,209,0.3704,0.1786,16
OSBS_025,2025-07-28,2025,209,0.1596,-0.0455,16
OSBS_030,2025-07-28,2025,209,0.2969,0.089,16
OSBS_038,2025-07-28,2025,209,0.3164,0.0932,16
OSBS_042,2025-07-28,2025,209,0.2432,0.0085,16
OSBS_035,2025-07-28,2025,209,0.3617,0.1867,16
OSBS_037,2025-07-28,2025,209,0.3188,0.1133,16
OSBS_028,2025-07-28,2025,209,0.2917,0.0812,16
OSBS_021,2025-07-28,2025,209,0.3138,0.0407,16
OSBS_041,2025-07-28,2025,209,0.3161,0.1059,16
OSBS_009,2025-07-28,2025,209,0.177,0.1268,4
OSBS_031,2025-07-28,2025,209,0.3052,0.0964,16
OSBS_033,2025-07-28,2025,209,0.3677,0.186,16
OSBS_032,2025-07-28,2025,209,0.2916,0.0816,16
OSBS_044,2025-07-28,2025,209,0.2679,0.0514,16
OSBS_027,2025-07-28,2025,209,0.2053,-0.047,16
OSBS_034,2025-07-28,2025,209,0.3534,0.1678,16
OSBS_026,2025-07-28,2025,209,0.2159,-0.0276,16
OSBS_063,2025-07-28,2025,209,0.3435,0.1391,16
OSBS_067,2025-07-28,2025,209,0.3501,0.1446,16
OSBS_066,2025-07-28,2025,209,0.5477,0.4103,16
OSBS_068,2025-07-28,2025,209,0.376,0.2062,16
OSBS_070,2025-07-28,2025,209,0.3472,0.1543,16
OSBS_073,2025-07-28,2025,209,0.4837,0.2852,16
OSBS_002,2025-07-28,2025,209,0.3697,0.1896,16
OSBS_006,2025-07-28,2025,209,0.3244,0.1079,16
OSBS_001,2025-07-28,2025,209,0.5393,0.4146,16
OSBS_011,2025-07-28,2025,209,0.494,0.3826,16
OSBS_014,2025-07-28,2025,209,0.4129,0.2852,4
OSBS_004,2025-07-28,2025,209,0.3683,0.1966,16
OSBS_020,2025-07-28,2025,209,0.5384,0.4224,16
OSBS_023,2025-07-28,2025,209,0.2393,0.0035,16
OSBS_049,2025-07-28,2025,209,0.3524,0.1271,16
OSBS_003,2025-07-28,2025,209,0.5215,0.383,16
OSBS_012,2025-07-28,2025,209,0.2973,0.0841,16
OSBS_013,2025-07-28,2025,209,0.3484,0.1514,16
OSBS_024,2025-07-28,2025,209,0.2801,0.0196,16
OSBS_016,2025-07-28,2025,209,0.527,0.4028,16
OSBS_008,2025-07-28,2025,209,0.3352,0.137,16
OSBS_051,2025-07-28,2025,209,0.2914,0.1525,16
OSBS_050,2025-07-28,2025,209,0.2581,0.0967,4
OSBS_005,2025-07-28,2025,209,0.4852,0.2479,16
OSBS_017,2025-07-28,2025,209,0.5364,0.4047,16
OSBS_043,2025-07-28,2025,209,0.2378,-0.027,16
OSBS_039,2025-07-28,2025,209,0.1779,-0.0262,16
OSBS_036,2025-07-28,2025,209,0.2104,-0.0203,16
OSBS_029,2025-07-28,2025,209,0.248,-0.0266,16
OSBS_040,2025-07-28,2025,209,0.3275,0.149,16
OSBS_015,2025-07-28,2025,209,0.3695,0.1788,16
OSBS_025,2025-07-28,2025,209,0.1644,-0.0455,16
OSBS_030,2025-07-28,2025,209,0.2953,0.088,16
OSBS_038,2025-07-28,2025,209,0.3141,0.0924,16
OSBS_042,2025-07-28,2025,209,0.2445,0.0099,16
OSBS_035,2025-07-28,2025,209,0.3566,0.1838,16
OSBS_037,2025-07-28,2025,209,0.3165,0.1131,16
OSBS_028,2025-07-28,2025,209,0.2912,0.0793,16
OSBS_021,2025-07-28,2025,209,0.3125,0.0417,16
OSBS_041,2025-07-28,2025,209,0.313,0.1043,16
OSBS_009,2025-07-28,2025,209,0.183,0.1227,4
OSBS_031,2025-07-28,2025,209,0.3032,0.0958,16
OSBS_033,2025-07-28,2025,209,0.3631,0.1838,16
OSBS_032,2025-07-28,2025,209,0.2909,0.0805,16
OSBS_044,2025-07-28,2025,209,0.2683,0.0509,16
OSBS_027,2025-07-28,2025,209,0.2081,-0.0455,16
OSBS_034,2025-07-28,2025,209,0.3493,0.1664,16
OSBS_026,2025-07-28,2025,209,0.2183,-0.0259,16
OSBS_063,2025-07-28,2025,209,0.341,0.1375,16
OSBS_067,2025-07-28,2025,209,0.3469,0.1424,16
OSBS_066,2025-07-28,2025,209,0.5395,0.4063,16
OSBS_068,2025-07-28,2025,209,0.3712,0.2043,16
OSBS_070,2025-07-28,2025,209,0.3431,0.1524,16
OSBS_073,2025-07-28,2025,209,0.4772,0.2817,16
OSBS_002,2025-07-26,2025,207,0.3819,0.2334,16
OSBS_006,2025-07-26,2025,207,0.326,0.1467,16
OSBS_048,2025-07-26,2025,207,0.3647,0.2591,16
OSBS_001,2025-07-26,2025,207,0.5452,0.4391,16
OSBS_049,2025-07-26,2025,207,0.3659,0.171,16
OSBS_013,2025-07-26,2025,207,0.341,0.211,4
OSBS_016,2025-07-26,2025,207,0.5355,0.4242,16
OSBS_008,2025-07-26,2025,207,0.3333,0.1887,16
OSBS_051,2025-07-26,2025,207,0.2979,0.1717,1
OSBS_050,2025-07-26,2025,207,0.2621,0.1317,4
OSBS_017,2025-07-26,2025,207,0.3463,0.3344,16
OSBS_015,2025-07-26,2025,207,0.3923,0.2381,16
OSBS_034,2025-07-26,2025,207,0.3479,0.1979,16
OSBS_063,2025-07-26,2025,207,0.3518,0.1749,16
OSBS_067,2025-07-26,2025,207,0.354,0.1806,16
OSBS_066,2025-07-26,2025,207,0.5505,0.4279,16
OSBS_068,2025-07-26,2025,207,0.3752,0.2345,16
OSBS_070,2025-07-26,2025,207,0.3382,0.1919,16
OSBS_073,2025-07-26,2025,207,0.48,0.323,16
OSBS_002,2025-07-26,2025,207,0.3812,0.2299,16
OSBS_006,2025-07-26,2025,207,0.3241,0.1416,16
OSBS_048,2025-07-26,2025,207,0.4143,0.3062,8
OSBS_001,2025-07-26,2025,207,0.5448,0.4366,16
OSBS_049,2025-07-26,2025,207,0.3647,0.1677,16
OSBS_016,2025-07-26,2025,207,0.5351,0.4224,16
OSBS_008,2025-07-26,2025,207,0.3327,0.1849,16
OSBS_051,2025-07-26,2025,207,0.2972,0.1663,1
OSBS_017,2025-07-26,2025,207,0.3463,0.3315,16
OSBS_015,2025-07-26,2025,207,0.3928,0.2365,16
OSBS_034,2025-07-26,2025,207,0.3466,0.1931,16
OSBS_063,2025-07-26,2025,207,0.3525,0.1723,16
OSBS_067,2025-07-26,2025,207,0.3549,0.179,16
OSBS_066,2025-07-26,2025,207,0.551,0.4274,16
OSBS_068,2025-07-26,2025,207,0.3746,0.2319,16
OSBS_070,2025-07-26,2025,207,0.3364,0.187,16
OSBS_073,2025-07-26,2025,207,0.48,0.3199,16
OSBS_002,2025-07-01,2025,182,0.3375,0.1447,16
OSBS_006,2025-07-01,2025,182,0.3104,0.1091,16
OSBS_048,2025-07-01,2025,182,0.4566,0.3053,16
OSBS_001,2025-07-01,2025,182,0.5529,0.4265,16
OSBS_018,2025-07-01,2025,182,0.2914,0.1676,16
OSBS_014,2025-07-01,2025,182,0.4299,0.2706,16
OSBS_049,2025-07-01,2025,182,0.3173,0.0572,6
OSBS_003,2025-07-01,2025,182,0.5302,0.3938,16
OSBS_016,2025-07-01,2025,182,0.5261,0.3887,16
OSBS_010,2025-07-01,2025,182,0.2358,0.0848,16
OSBS_051,2025-07-01,2025,182,0.2849,0.1099,6
OSBS_050,2025-07-01,2025,182,0.2391,0.0778,4
OSBS_007,2025-07-01,2025,182,0.3791,0.2023,14
OSBS_005,2025-07-01,2025,182,0.4602,0.2348,16
OSBS_017,2025-07-01,2025,182,0.5626,0.4391,16
OSBS_039,2025-07-01,2025,182,0.2798,0.0504,12
OSBS_015,2025-07-01,2025,182,0.3322,0.1354,16
OSBS_025,2025-07-01,2025,182,0.3028,0.0708,16
OSBS_030,2025-07-01,2025,182,0.2521,0.0373,16
OSBS_038,2025-07-01,2025,182,0.2945,0.0716,16
OSBS_042,2025-07-01,2025,182,0.3542,0.1598,16
OSBS_035,2025-07-01,2025,182,0.2804,0.0808,16
OSBS_037,2025-07-01,2025,182,0.3031,0.0889,16
OSBS_028,2025-07-01,2025,182,0.2647,0.0474,16
OSBS_021,2025-07-01,2025,182,0.2697,0.0009,16
OSBS_041,2025-07-01,2025,182,0.2442,0.0772,16
OSBS_009,2025-07-01,2025,182,0.5578,0.4274,16
OSBS_027,2025-07-01,2025,182,0.3408,0.1226,16
OSBS_026,2025-07-01,2025,182,0.3588,0.1524,16
OSBS_063,2025-07-01,2025,182,0.335,0.1239,16
OSBS_067,2025-07-01,2025,182,0.3209,0.1154,16
OSBS_073,2025-07-01,2025,182,0.4885,0.3012,16
OSBS_002,2025-06-21,2025,172,0.3305,0.1375,16
OSBS_006,2025-06-21,2025,172,0.3249,0.1121,16
OSBS_048,2025-06-21,2025,172,0.4487,0.3032,16
OSBS_001,2025-06-21,2025,172,0.328,0.0808,16
OSBS_018,2025-06-21,2025,172,0.431,0.256,16
OSBS_011,2025-06-21,2025,172,0.4987,0.3851,16
OSBS_014,2025-06-21,2025,172,0.4216,0.2767,16
OSBS_004,2025-06-21,2025,172,0.3783,0.1901,16
OSBS_020,2025-06-21,2025,172,0.506,0.3896,16
OSBS_023,2025-06-21,2025,172,0.3029,0.0646,16
OSBS_049,2025-06-21,2025,172,0.2898,0.0363,16
OSBS_003,2025-06-21,2025,172,0.5184,0.3843,16
OSBS_012,2025-06-21,2025,172,0.3434,0.1749,16
OSBS_013,2025-06-21,2025,172,0.3223,0.14,16
OSBS_024,2025-06-21,2025,172,0.2954,0.1476,16
OSBS_016,2025-06-21,2025,172,0.5142,0.3925,16
OSBS_010,2025-06-21,2025,172,0.5123,0.3756,16
OSBS_050,2025-06-21,2025,172,0.2579,0.0971,4
OSBS_007,2025-06-21,2025,172,0.3783,0.2083,16
OSBS_017,2025-06-21,2025,172,0.5615,0.441,16
OSBS_043,2025-06-21,2025,172,0.3057,0.0854,16
OSBS_022,2025-06-21,2025,172,0.296,0.0419,16
OSBS_039,2025-06-21,2025,172,0.2941,0.0644,16
OSBS_036,2025-06-21,2025,172,0.3315,0.1294,16
OSBS_029,2025-06-21,2025,172,0.3128,0.0575,16
OSBS_040,2025-06-21,2025,172,0.3129,0.1382,16
OSBS_015,2025-06-21,2025,172,0.3347,0.1512,16
OSBS_025,2025-06-21,2025,172,0.3065,0.0764,16
OSBS_030,2025-06-21,2025,172,0.2543,0.0484,16
OSBS_038,2025-06-21,2025,172,0.2957,0.0853,16
OSBS_042,2025-06-21,2025,172,0.353,0.1696,16
OSBS_035,2025-06-21,2025,172,0.3437,0.1699,16
OSBS_037,2025-06-21,2025,172,0.2958,0.0953,16
OSBS_028,2025-06-21,2025,172,0.2655,0.058,16
OSBS_021,2025-06-21,2025,172,0.2236,-0.0733,16
OSBS_041,2025-06-21,2025,172,0.2997,0.0783,16
OSBS_009,2025-06-21,2025,172,0.5564,0.4414,16
OSBS_031,2025-06-21,2025,172,0.293,0.0774,16
OSBS_033,2025-06-21,2025,172,0.3628,0.1895,16
OSBS_032,2025-06-21,2025,172,0.2758,0.0611,16
OSBS_044,2025-06-21,2025,172,0.3473,0.1659,16
OSBS_027,2025-06-21,2025,172,0.3425,0.1304,16
OSBS_034,2025-06-21,2025,172,0.3372,0.1557,16
OSBS_026,2025-06-21,2025,172,0.3572,0.1608,16
OSBS_063,2025-06-21,2025,172,0.3258,0.1187,16
OSBS_067,2025-06-21,2025,172,0.3289,0.1271,16
OSBS_066,2025-06-21,2025,172,0.5471,0.4194,16
OSBS_068,2025-06-21,2025,172,0.3658,0.189,16
OSBS_070,2025-06-21,2025,172,0.3331,0.1386,16
OSBS_073,2025-06-21,2025,172,0.4997,0.3281,16
OSBS_002,2025-06-01,2025,152,0.3042,0.1056,16
OSBS_006,2025-06-01,2025,152,0.3451,0.1215,16
OSBS_048,2025-06-01,2025,152,0.4636,0.3363,10
OSBS_001,2025-06-01,2025,152,0.5682,0.4595,16
OSBS_011,2025-06-01,2025,152,0.4968,0.3908,16
OSBS_014,2025-06-01,2025,152,0.429,0.2867,16
OSBS_004,2025-06-01,2025,152,0.3856,0.195,16
OSBS_020,2025-06-01,2025,152,0.5081,0.3826,16
OSBS_023,2025-06-01,2025,152,0.3361,0.1359,16
OSBS_049,2025-06-01,2025,152,0.2595,-0.0044,16
OSBS_003,2025-06-01,2025,152,0.5404,0.414,16
OSBS_012,2025-06-01,2025,152,0.358,0.227,16
OSBS_013,2025-06-01,2025,152,0.3215,0.1279,16
OSBS_024,2025-06-01,2025,152,0.354,0.2378,16
OSBS_016,2025-06-01,2025,152,0.5253,0.4088,16
OSBS_008,2025-06-01,2025,152,0.3423,0.1525,16
OSBS_010,2025-06-01,2025,152,0.5387,0.4126,16
OSBS_051,2025-06-01,2025,152,0.2807,0.1381,16
OSBS_050,2025-06-01,2025,152,0.2633,0.0857,4
OSBS_007,2025-06-01,2025,152,0.384,0.2275,16
OSBS_005,2025-06-01,2025,152,0.4121,0.171,16
OSBS_043,2025-06-01,2025,152,0.309,0.1164,16
OSBS_022,2025-06-01,2025,152,0.2952,0.0229,16
OSBS_039,2025-06-01,2025,152,0.3034,0.0752,16
OSBS_036,2025-06-01,2025,152,0.3456,0.1476,16
OSBS_029,2025-06-01,2025,152,0.3313,0.0783,16
OSBS_040,2025-06-01,2025,152,0.323,0.1383,16
OSBS_015,2025-06-01,2025,152,0.3222,0.1371,16
OSBS_025,2025-06-01,2025,152,0.3213,0.1011,16
OSBS_030,2025-06-01,2025,152,0.2638,0.0496,16
OSBS_038,2025-06-01,2025,152,0.3078,0.0864,16
OSBS_042,2025-06-01,2025,152,0.3732,0.1973,16
OSBS_035,2025-06-01,2025,152,0.3414,0.1636,16
OSBS_037,2025-06-01,2025,152,0.3052,0.0939,16
OSBS_028,2025-06-01,2025,152,0.2747,0.0581,16
OSBS_021,2025-06-01,2025,152,0.1607,-0.027,8
OSBS_041,2025-06-01,2025,152,0.307,0.0844,16
OSBS_009,2025-06-01,2025,152,0.5562,0.4491,16
OSBS_031,2025-06-01,2025,152,0.3013,0.0802,16
OSBS_033,2025-06-01,2025,152,0.3748,0.1975,16
OSBS_032,2025-06-01,2025,152,0.2852,0.0686,16
OSBS_044,2025-06-01,2025,152,0.3512,0.18,16
OSBS_027,2025-06-01,2025,152,0.3573,0.1435,16
OSBS_034,2025-06-01,2025,152,0.3429,0.1636,16
OSBS_026,2025-06-01,2025,152,0.356,0.1751,16
OSBS_063,2025-06-01,2025,152,0.3228,0.1184,16
OSBS_067,2025-06-01,2025,152,0.3339,0.1286,16
OSBS_066,2025-06-01,2025,152,0.5709,0.447,16
OSBS_068,2025-06-01,2025,152,0.3778,0.2109,16
OSBS_070,2025-06-01,2025,152,0.3319,0.1365,16
OSBS_002,2025-06-01,2025,152,0.3058,0.1042,16
OSBS_006,2025-06-01,2025,152,0.3506,0.1227,16
OSBS_048,2025-06-01,2025,152,0.4726,0.3378,8
OSBS_001,2025-06-01,2025,152,0.5835,0.4649,16
OSBS_011,2025-06-01,2025,152,0.5108,0.3947,16
OSBS_014,2025-06-01,2025,152,0.4367,0.2899,16
OSBS_004,2025-06-01,2025,152,0.3926,0.1977,16
OSBS_020,2025-06-01,2025,152,0.521,0.3877,16
OSBS_023,2025-06-01,2025,152,0.3396,0.1333,16
OSBS_049,2025-06-01,2025,152,0.2609,-0.0132,16
OSBS_003,2025-06-01,2025,152,0.5532,0.4188,16
OSBS_012,2025-06-01,2025,152,0.3626,0.2255,16
OSBS_013,2025-06-01,2025,152,0.3243,0.1279,16
OSBS_024,2025-06-01,2025,152,0.3614,0.2326,16
OSBS_016,2025-06-01,2025,152,0.5396,0.4138,16
OSBS_008,2025-06-01,2025,152,0.348,0.1534,16
OSBS_010,2025-06-01,2025,152,0.5517,0.4187,16
OSBS_051,2025-06-01,2025,152,0.2823,0.1356,16
OSBS_050,2025-06-01,2025,152,0.2643,0.0871,4
OSBS_007,2025-06-01,2025,152,0.3901,0.2291,16
OSBS_005,2025-06-01,2025,152,0.4172,0.172,16
OSBS_043,2025-06-01,2025,152,0.312,0.1171,16
OSBS_022,2025-06-01,2025,152,0.2986,0.0182,16
OSBS_039,2025-06-01,2025,152,0.3074,0.0763,16
OSBS_036,2025-06-01,2025,152,0.3509,0.1489,16
OSBS_029,2025-06-01,2025,152,0.3363,0.0808,16
OSBS_040,2025-06-01,2025,152,0.3284,0.1393,16
OSBS_015,2025-06-01,2025,152,0.321,0.1349,16
OSBS_025,2025-06-01,2025,152,0.3266,0.1023,16
OSBS_030,2025-06-01,2025,152,0.2649,0.0495,16
OSBS_038,2025-06-01,2025,152,0.3118,0.0868,16
OSBS_042,2025-06-01,2025,152,0.3816,0.1994,16
OSBS_035,2025-06-01,2025,152,0.348,0.1655,16
OSBS_037,2025-06-01,2025,152,0.3089,0.0952,16
OSBS_028,2025-06-01,2025,152,0.2764,0.0594,16
OSBS_021,2025-06-01,2025,152,0.1534,-0.0325,8
OSBS_041,2025-06-01,2025,152,0.3119,0.0861,16
OSBS_009,2025-06-01,2025,152,0.569,0.4546,16
OSBS_031,2025-06-01,2025,152,0.3055,0.0798,16
OSBS_033,2025-06-01,2025,152,0.3824,0.2,16
OSBS_032,2025-06-01,2025,152,0.2882,0.0697,16
OSBS_044,2025-06-01,2025,152,0.3576,0.1824,16
OSBS_027,2025-06-01,2025,152,0.3641,0.1452,16
OSBS_034,2025-06-01,2025,152,0.3501,0.1653,16
OSBS_026,2025-06-01,2025,152,0.3629,0.1762,16
OSBS_063,2025-06-01,2025,152,0.3258,0.1183,16
OSBS_067,2025-06-01,2025,152,0.3384,0.13,16
OSBS_066,2025-06-01,2025,152,0.5837,0.4518,16
OSBS_068,2025-06-01,2025,152,0.3862,0.2138,16
OSBS_070,2025-06-01,2025,152,0.3382,0.1371,16
OSBS_002,2025-05-27,2025,147,0.2955,0.1068,16
OSBS_006,2025-05-27,2025,147,0.3357,0.1162,16
OSBS_048,2025-05-27,2025,147,0.462,0.3214,16
OSBS_001,2025-05-27,2025,147,0.5775,0.4498,16
OSBS_018,2025-05-27,2025,147,0.4305,0.2691,16
OSBS_011,2025-05-27,2025,147,0.5129,0.3907,16
OSBS_014,2025-05-27,2025,147,0.4356,0.2959,16
OSBS_004,2025-05-27,2025,147,0.3671,0.1826,16
OSBS_020,2025-05-27,2025,147,0.5009,0.3626,16
OSBS_023,2025-05-27,2025,147,0.335,0.1416,16
OSBS_049,2025-05-27,2025,147,0.241,-0.0377,16
OSBS_003,2025-05-27,2025,147,0.5373,0.3987,16
OSBS_012,2025-05-27,2025,147,0.375,0.2363,16
OSBS_013,2025-05-27,2025,147,0.3152,0.1238,16
OSBS_024,2025-05-27,2025,147,0.3411,0.2285,16
OSBS_016,2025-05-27,2025,147,0.5287,0.3954,16
OSBS_008,2025-05-27,2025,147,0.3316,0.1443,16
OSBS_010,2025-05-27,2025,147,0.5264,0.4066,16
OSBS_051,2025-05-27,2025,147,0.2562,0.1273,16
OSBS_050,2025-05-27,2025,147,0.2368,0.0866,4
OSBS_007,2025-05-27,2025,147,0.3826,0.2295,16
OSBS_005,2025-05-27,2025,147,0.3692,0.1488,16
OSBS_017,2025-05-27,2025,147,0.5926,0.4659,16
OSBS_043,2025-05-27,2025,147,0.312,0.1106,16
OSBS_022,2025-05-27,2025,147,0.281,0.0123,16
OSBS_039,2025-05-27,2025,147,0.2914,0.0792,16
OSBS_036,2025-05-27,2025,147,0.3325,0.1432,16
OSBS_029,2025-05-27,2025,147,0.3248,0.08,16
OSBS_040,2025-05-27,2025,147,0.3057,0.135,16
OSBS_015,2025-05-27,2025,147,0.3207,0.1431,16
OSBS_035,2025-05-27,2025,147,0.1482,0.0539,16
OSBS_037,2025-05-27,2025,147,0.198,0.0849,16
OSBS_028,2025-05-27,2025,147,0.1592,0.036,16
OSBS_021,2025-05-27,2025,147,0.1884,-0.1319,16
OSBS_041,2025-05-27,2025,147,0.1199,0.0144,8
OSBS_009,2025-05-27,2025,147,0.587,0.456,16
OSBS_031,2025-05-27,2025,147,0.2826,0.0755,16
OSBS_033,2025-05-27,2025,147,0.3707,0.1909,16
OSBS_032,2025-05-27,2025,147,0.2699,0.0777,16
OSBS_044,2025-05-27,2025,147,0.267,0.1198,16
OSBS_027,2025-05-27,2025,147,0.3418,0.1414,16
OSBS_034,2025-05-27,2025,147,0.3325,0.1511,16
OSBS_026,2025-05-27,2025,147,0.3551,0.1697,16
OSBS_067,2025-05-27,2025,147,0.2384,0.0739,16
OSBS_066,2025-05-27,2025,147,0.5922,0.4568,16
OSBS_068,2025-05-27,2025,147,0.3765,0.2001,16
OSBS_070,2025-05-27,2025,147,0.3113,0.1304,16
OSBS_073,2025-05-27,2025,147,0.5226,0.3585,16
OSBS_002,2025-05-17,2025,137,0.2659,0.0664,16
OSBS_006,2025-05-17,2025,137,0.3297,0.1266,16
OSBS_048,2025-05-17,2025,137,0.4499,0.3195,16
OSBS_001,2025-05-17,2025,137,0.5701,0.4527,16
OSBS_018,2025-05-17,2025,137,0.4264,0.2739,16
OSBS_011,2025-05-17,2025,137,0.4884,0.3825,16
OSBS_014,2025-05-17,2025,137,0.4246,0.2994,16
OSBS_004,2025-05-17,2025,137,0.3662,0.1915,16
OSBS_020,2025-05-17,2025,137,0.4739,0.3418,16
OSBS_023,2025-05-17,2025,137,0.3329,0.1563,16
OSBS_049,2025-05-17,2025,137,0.2323,-0.0327,16
OSBS_003,2025-05-17,2025,137,0.5222,0.3937,16
OSBS_012,2025-05-17,2025,137,0.3664,0.2522,16
OSBS_013,2025-05-17,2025,137,0.3126,0.1293,16
OSBS_024,2025-05-17,2025,137,0.3408,0.2313,16
OSBS_016,2025-05-17,2025,137,0.5222,0.3974,16
OSBS_008,2025-05-17,2025,137,0.3331,0.1567,16
OSBS_010,2025-05-17,2025,137,0.5167,0.3935,16
OSBS_051,2025-05-17,2025,137,0.249,0.1319,16
OSBS_050,2025-05-17,2025,137,0.2467,0.103,4
OSBS_007,2025-05-17,2025,137,0.376,0.2318,16
OSBS_005,2025-05-17,2025,137,0.346,0.146,16
OSBS_017,2025-05-17,2025,137,0.5793,0.4622,16
OSBS_043,2025-05-17,2025,137,0.3056,0.1159,16
OSBS_022,2025-05-17,2025,137,0.2621,0.0231,16
OSBS_039,2025-05-17,2025,137,0.2903,0.0858,16
OSBS_036,2025-05-17,2025,137,0.3298,0.1459,16
OSBS_029,2025-05-17,2025,137,0.3177,0.0929,16
OSBS_040,2025-05-17,2025,137,0.3041,0.1398,16
OSBS_015,2025-05-17,2025,137,0.3059,0.1536,16
OSBS_025,2025-05-17,2025,137,0.3016,0.1041,16
OSBS_030,2025-05-17,2025,137,0.2408,0.0412,16
OSBS_038,2025-05-17,2025,137,0.2949,0.0852,16
OSBS_042,2025-05-17,2025,137,0.3549,0.1912,16
OSBS_035,2025-05-17,2025,137,0.3244,0.1625,16
OSBS_037,2025-05-17,2025,137,0.2844,0.0938,16
OSBS_028,2025-05-17,2025,137,0.2527,0.0604,16
OSBS_021,2025-05-17,2025,137,0.1944,-0.0855,16
OSBS_041,2025-05-17,2025,137,0.2892,0.0864,16
OSBS_009,2025-05-17,2025,137,0.5891,0.4659,16
OSBS_031,2025-05-17,2025,137,0.2826,0.0845,16
OSBS_033,2025-05-17,2025,137,0.3649,0.1932,16
OSBS_032,2025-05-17,2025,137,0.2732,0.0691,16
OSBS_044,2025-05-17,2025,137,0.3362,0.175,16
OSBS_027,2025-05-17,2025,137,0.3432,0.1516,16
OSBS_034,2025-05-17,2025,137,0.3303,0.1554,16
OSBS_026,2025-05-17,2025,137,0.3519,0.1746,16
OSBS_063,2025-05-17,2025,137,0.304,0.1162,16
OSBS_067,2025-05-17,2025,137,0.3251,0.1393,16
OSBS_066,2025-05-17,2025,137,0.5636,0.4423,16
OSBS_068,2025-05-17,2025,137,0.3632,0.1953,16
OSBS_070,2025-05-17,2025,137,0.3201,0.1289,16
OSBS_073,2025-05-17,2025,137,0.512,0.3605,16
OSBS_002,2025-05-17,2025,137,0.2677,0.0634,16
OSBS_006,2025-05-17,2025,137,0.3344,0.1273,16
OSBS_048,2025-05-17,2025,137,0.4585,0.3228,16
OSBS_001,2025-05-17,2025,137,0.5832,0.4576,16
OSBS_018,2025-05-17,2025,137,0.4331,0.2761,16
OSBS_011,2025-05-17,2025,137,0.4999,0.3855,16
OSBS_014,2025-05-17,2025,137,0.4323,0.3026,16
OSBS_004,2025-05-17,2025,137,0.3713,0.1916,16
OSBS_020,2025-05-17,2025,137,0.4834,0.3458,16
OSBS_023,2025-05-17,2025,137,0.3368,0.1555,16
OSBS_049,2025-05-17,2025,137,0.2339,-0.0391,16
OSBS_003,2025-05-17,2025,137,0.5329,0.3973,16
OSBS_012,2025-05-17,2025,137,0.3714,0.2537,16
OSBS_013,2025-05-17,2025,137,0.3167,0.1292,16
OSBS_024,2025-05-17,2025,137,0.3481,0.2279,16
OSBS_016,2025-05-17,2025,137,0.5347,0.402,16
OSBS_008,2025-05-17,2025,137,0.3383,0.1566,16
OSBS_010,2025-05-17,2025,137,0.527,0.3979,16
OSBS_051,2025-05-17,2025,137,0.2517,0.1274,16
OSBS_050,2025-05-17,2025,137,0.2487,0.1033,4
OSBS_007,2025-05-17,2025,137,0.382,0.2335,16
OSBS_005,2025-05-17,2025,137,0.3489,0.1465,16
OSBS_017,2025-05-17,2025,137,0.5914,0.4671,16
OSBS_043,2025-05-17,2025,137,0.3097,0.1161,16
OSBS_022,2025-05-17,2025,137,0.2647,0.0189,16
OSBS_039,2025-05-17,2025,137,0.2937,0.0865,16
OSBS_036,2025-05-17,2025,137,0.3355,0.1467,16
OSBS_029,2025-05-17,2025,137,0.3221,0.0941,16
OSBS_040,2025-05-17,2025,137,0.3085,0.1406,16
OSBS_015,2025-05-17,2025,137,0.3067,0.1531,16
OSBS_025,2025-05-17,2025,137,0.306,0.1041,16
OSBS_030,2025-05-17,2025,137,0.2426,0.0411,16
OSBS_038,2025-05-17,2025,137,0.2993,0.0852,16
OSBS_042,2025-05-17,2025,137,0.3619,0.1924,16
OSBS_035,2025-05-17,2025,137,0.3298,0.1635,16
OSBS_037,2025-05-17,2025,137,0.288,0.0947,16
OSBS_028,2025-05-17,2025,137,0.2548,0.0622,16
OSBS_021,2025-05-17,2025,137,0.1924,-0.0946,16
OSBS_041,2025-05-17,2025,137,0.2936,0.0874,16
OSBS_009,2025-05-17,2025,137,0.6013,0.4704,16
OSBS_031,2025-05-17,2025,137,0.2869,0.0847,16
OSBS_033,2025-05-17,2025,137,0.3719,0.195,16
OSBS_032,2025-05-17,2025,137,0.2761,0.0684,16
OSBS_044,2025-05-17,2025,137,0.3417,0.1762,16
OSBS_027,2025-05-17,2025,137,0.3487,0.1534,16
OSBS_034,2025-05-17,2025,137,0.336,0.1563,16
OSBS_026,2025-05-17,2025,137,0.358,0.1765,16
OSBS_063,2025-05-17,2025,137,0.3078,0.116,16
OSBS_067,2025-05-17,2025,137,0.3311,0.14,16
OSBS_066,2025-05-17,2025,137,0.5743,0.446,16
OSBS_068,2025-05-17,2025,137,0.3701,0.1967,16
OSBS_070,2025-05-17,2025,137,0.3257,0.1287,16
OSBS_073,2025-05-17,2025,137,0.5211,0.3639,16
OSBS_006,2025-05-02,2025,122,0.3436,0.1682,16
OSBS_048,2025-05-02,2025,122,0.4561,0.3436,16
OSBS_001,2025-05-02,2025,122,0.5899,0.4793,16
OSBS_018,2025-05-02,2025,122,0.451,0.305,16
OSBS_011,2025-05-02,2025,122,0.5198,0.4215,16
OSBS_004,2025-05-02,2025,122,0.372,0.2067,16
OSBS_020,2025-05-02,2025,122,0.4693,0.3353,16
OSBS_023,2025-05-02,2025,122,0.3358,0.1818,12
OSBS_003,2025-05-02,2025,122,0.5426,0.4263,16
OSBS_012,2025-05-02,2025,122,0.3393,0.2315,16
OSBS_013,2025-05-02,2025,122,0.3231,0.1388,16
OSBS_016,2025-05-02,2025,122,0.4441,0.3778,16
OSBS_008,2025-05-02,2025,122,0.3433,0.1767,16
OSBS_010,2025-05-02,2025,122,0.5255,0.4199,16
OSBS_051,2025-05-02,2025,122,0.2597,0.1313,16
OSBS_050,2025-05-02,2025,122,0.2506,0.0999,4
OSBS_005,2025-05-02,2025,122,0.1942,0.1164,10
OSBS_025,2025-05-02,2025,122,0.3235,0.1484,16
OSBS_030,2025-05-02,2025,122,0.2582,0.0652,16
OSBS_038,2025-05-02,2025,122,0.3214,0.1145,16
OSBS_035,2025-05-02,2025,122,0.3398,0.1798,16
OSBS_037,2025-05-02,2025,122,0.2887,0.1109,16
OSBS_028,2025-05-02,2025,122,0.2684,0.0813,16
OSBS_021,2025-05-02,2025,122,0.213,-0.0412,16
OSBS_041,2025-05-02,2025,122,0.286,0.1147,16
OSBS_009,2025-05-02,2025,122,0.2889,0.2424,16
OSBS_063,2025-05-02,2025,122,0.3258,0.1486,16
OSBS_066,2025-05-02,2025,122,0.4678,0.3551,16
OSBS_070,2025-05-02,2025,122,0.3236,0.1616,16
OSBS_006,2025-05-02,2025,122,0.3436,0.1667,16
OSBS_048,2025-05-02,2025,122,0.456,0.3421,16
OSBS_001,2025-05-02,2025,122,0.5894,0.4786,16
OSBS_018,2025-05-02,2025,122,0.4514,0.3041,16
OSBS_011,2025-05-02,2025,122,0.5201,0.4211,16
OSBS_004,2025-05-02,2025,122,0.3714,0.2043,16
OSBS_020,2025-05-02,2025,122,0.4687,0.334,16
OSBS_023,2025-05-02,2025,122,0.328,0.1604,8
OSBS_003,2025-05-02,2025,122,0.5426,0.4252,16
OSBS_012,2025-05-02,2025,122,0.3468,0.23,15
OSBS_013,2025-05-02,2025,122,0.3226,0.1371,16
OSBS_016,2025-05-02,2025,122,0.4431,0.3758,16
OSBS_008,2025-05-02,2025,122,0.3442,0.1765,16
OSBS_010,2025-05-02,2025,122,0.526,0.4191,16
OSBS_051,2025-05-02,2025,122,0.2605,0.1309,16
OSBS_050,2025-05-02,2025,122,0.2513,0.0996,4
OSBS_005,2025-05-02,2025,122,0.2618,0.2072,2
OSBS_025,2025-05-02,2025,122,0.3244,0.1452,8
OSBS_030,2025-05-02,2025,122,0.2589,0.0645,16
OSBS_038,2025-05-02,2025,122,0.3218,0.114,16
OSBS_035,2025-05-02,2025,122,0.3401,0.1792,16
OSBS_037,2025-05-02,2025,122,0.2888,0.1101,16
OSBS_028,2025-05-02,2025,122,0.2687,0.0808,16
OSBS_021,2025-05-02,2025,122,0.2119,-0.0444,16
OSBS_041,2025-05-02,2025,122,0.2862,0.1137,16
OSBS_009,2025-05-02,2025,122,0.2894,0.2394,16
OSBS_063,2025-05-02,2025,122,0.3249,0.1466,16
OSBS_066,2025-05-02,2025,122,0.5218,0.387,4
OSBS_070,2025-05-02,2025,122,0.3234,0.16,16
OSBS_010,2025-04-27,2025,117,0.4868,0.3899,16
OSBS_002,2025-04-17,2025,107,0.2274,0.0226,16
OSBS_006,2025-04-17,2025,107,0.3298,0.1477,16
OSBS_048,2025-04-17,2025,107,0.4387,0.3353,16
OSBS_001,2025-04-17,2025,107,0.5708,0.469,16
OSBS_018,2025-04-17,2025,107,0.458,0.3227,16
OSBS_011,2025-04-17,2025,107,0.4801,0.3918,16
OSBS_014,2025-04-17,2025,107,0.3904,0.2635,16
OSBS_004,2025-04-17,2025,107,0.3341,0.1596,16
OSBS_020,2025-04-17,2025,107,0.4513,0.3076,16
OSBS_023,2025-04-17,2025,107,0.3487,0.1844,16
OSBS_049,2025-04-17,2025,107,0.2219,-0.0189,16
OSBS_003,2025-04-17,2025,107,0.5373,0.4274,16
OSBS_012,2025-04-17,2025,107,0.38,0.3071,16
OSBS_013,2025-04-17,2025,107,0.3056,0.1231,16
OSBS_024,2025-04-17,2025,107,0.3194,0.233,16
OSBS_016,2025-04-17,2025,107,0.4988,0.3847,16
OSBS_008,2025-04-17,2025,107,0.3388,0.1882,16
OSBS_010,2025-04-17,2025,107,0.4894,0.3761,16
OSBS_051,2025-04-17,2025,107,0.2511,0.1388,16
OSBS_050,2025-04-17,2025,107,0.2428,0.1069,4
OSBS_007,2025-04-17,2025,107,0.3437,0.2108,16
OSBS_005,2025-04-17,2025,107,0.2514,0.0841,16
OSBS_017,2025-04-17,2025,107,0.5647,0.4625,16
OSBS_043,2025-04-17,2025,107,0.3238,0.1523,16
OSBS_022,2025-04-17,2025,107,0.2516,0.0683,16
OSBS_039,2025-04-17,2025,107,0.3005,0.12,16
OSBS_036,2025-04-17,2025,107,0.3363,0.1762,16
OSBS_029,2025-04-17,2025,107,0.3361,0.1331,16
OSBS_040,2025-04-17,2025,107,0.3117,0.1633,16
OSBS_015,2025-04-17,2025,107,0.2987,0.1503,16
OSBS_025,2025-04-17,2025,107,0.32,0.1393,16
OSBS_030,2025-04-17,2025,107,0.2536,0.0736,16
OSBS_038,2025-04-17,2025,107,0.3007,0.1155,16
OSBS_042,2025-04-17,2025,107,0.3613,0.2122,16
OSBS_035,2025-04-17,2025,107,0.3236,0.1785,16
OSBS_037,2025-04-17,2025,107,0.2898,0.1142,16
OSBS_028,2025-04-17,2025,107,0.2671,0.0792,16
OSBS_021,2025-04-17,2025,107,0.1952,-0.0164,16
OSBS_041,2025-04-17,2025,107,0.2909,0.111,16
OSBS_009,2025-04-17,2025,107,0.5712,0.466,16
OSBS_031,2025-04-17,2025,107,0.285,0.1054,16
OSBS_033,2025-04-17,2025,107,0.3469,0.189,16
OSBS_032,2025-04-17,2025,107,0.2801,0.0957,16
OSBS_044,2025-04-17,2025,107,0.3426,0.1809,16
OSBS_027,2025-04-17,2025,107,0.3494,0.1741,16
OSBS_034,2025-04-17,2025,107,0.3277,0.1772,16
OSBS_026,2025-04-17,2025,107,0.355,0.1936,16
OSBS_063,2025-04-17,2025,107,0.3179,0.1384,16
OSBS_067,2025-04-17,2025,107,0.3286,0.1448,16
OSBS_066,2025-04-17,2025,107,0.5549,0.4519,16
OSBS_068,2025-04-17,2025,107,0.3617,0.2176,16
OSBS_070,2025-04-17,2025,107,0.3167,0.1419,16
OSBS_073,2025-04-17,2025,107,0.5208,0.3782,16
OSBS_002,2025-04-17,2025,107,0.2288,0.0207,16
OSBS_006,2025-04-17,2025,107,0.3326,0.1474,16
OSBS_048,2025-04-17,2025,107,0.4433,0.3363,16
OSBS_001,2025-04-17,2025,107,0.5763,0.4712,16
OSBS_018,2025-04-17,2025,107,0.4618,0.3236,16
OSBS_011,2025-04-17,2025,107,0.4855,0.3938,16
OSBS_014,2025-04-17,2025,107,0.3944,0.2643,16
OSBS_004,2025-04-17,2025,107,0.3369,0.1594,16
OSBS_020,2025-04-17,2025,107,0.4556,0.3079,16
OSBS_023,2025-04-17,2025,107,0.3521,0.1848,16
OSBS_049,2025-04-17,2025,107,0.224,-0.021,16
OSBS_003,2025-04-17,2025,107,0.5425,0.4295,16
OSBS_012,2025-04-17,2025,107,0.3833,0.3074,16
OSBS_013,2025-04-17,2025,107,0.3081,0.1218,16
OSBS_024,2025-04-17,2025,107,0.3233,0.2315,16
OSBS_016,2025-04-17,2025,107,0.5049,0.3874,16
OSBS_008,2025-04-17,2025,107,0.3424,0.1884,16
OSBS_010,2025-04-17,2025,107,0.4941,0.3773,16
OSBS_051,2025-04-17,2025,107,0.253,0.1386,16
OSBS_050,2025-04-17,2025,107,0.2447,0.1072,4
OSBS_007,2025-04-17,2025,107,0.3466,0.211,16
OSBS_005,2025-04-17,2025,107,0.2533,0.0832,16
OSBS_017,2025-04-17,2025,107,0.5699,0.4647,16
OSBS_043,2025-04-17,2025,107,0.3267,0.1519,16
OSBS_022,2025-04-17,2025,107,0.254,0.0678,16
OSBS_039,2025-04-17,2025,107,0.3028,0.1196,16
OSBS_036,2025-04-17,2025,107,0.3395,0.1764,16
OSBS_029,2025-04-17,2025,107,0.3388,0.1336,16
OSBS_040,2025-04-17,2025,107,0.3144,0.164,16
OSBS_015,2025-04-17,2025,107,0.2998,0.1482,16
OSBS_025,2025-04-17,2025,107,0.3228,0.1389,16
OSBS_030,2025-04-17,2025,107,0.2557,0.0735,16
OSBS_038,2025-04-17,2025,107,0.3035,0.1155,16
OSBS_042,2025-04-17,2025,107,0.3648,0.2122,16
OSBS_035,2025-04-17,2025,107,0.3267,0.1796,16
OSBS_037,2025-04-17,2025,107,0.2921,0.1143,16
OSBS_028,2025-04-17,2025,107,0.2688,0.0798,16
OSBS_021,2025-04-17,2025,107,0.1968,-0.0192,16
OSBS_041,2025-04-17,2025,107,0.2936,0.1117,16
OSBS_009,2025-04-17,2025,107,0.5761,0.4676,16
OSBS_031,2025-04-17,2025,107,0.2872,0.1051,16
OSBS_033,2025-04-17,2025,107,0.3501,0.1895,16
OSBS_032,2025-04-17,2025,107,0.2828,0.0957,16
OSBS_044,2025-04-17,2025,107,0.3462,0.1809,16
OSBS_027,2025-04-17,2025,107,0.3531,0.1746,16
OSBS_034,2025-04-17,2025,107,0.3316,0.1772,16
OSBS_026,2025-04-17,2025,107,0.3578,0.1938,16
OSBS_063,2025-04-17,2025,107,0.3205,0.1379,16
OSBS_067,2025-04-17,2025,107,0.3311,0.145,16
OSBS_066,2025-04-17,2025,107,0.5605,0.454,16
OSBS_068,2025-04-17,2025,107,0.3653,0.2183,16
OSBS_070,2025-04-17,2025,107,0.3194,0.1421,16
OSBS_073,2025-04-17,2025,107,0.5255,0.3794,16
