plotID,siteID,year,Canopy_Ht,Max_Ht,Rumple,Rugosity,Deep_Gap,Vert_SD,Vert_CV,Gini,VCI,FHD,LAI,Q95,Ht_Ratio,NDVI,EVI,ARVI,SAVI,domain
TREE_042,TREE,2016,19.60098898410797,24.203048825263977,1.2893829345703125,5.306831449270248,0.05264739599078894,3.345631703734398,0.1731629241257906,0.08785957610234618,0.707680955529213,2.5833932906389236,3.0190876945853233,23.202521681785583,7.596247509121895,,,,,D05
TREE_042,TREE,2017,20.17241358757019,24.37915349006653,1.283120185136795,5.274626314640045,0.05587144021410495,3.20204995572567,0.1607590103521943,0.07745783030986786,0.6682825684547424,2.447613760828972,3.033525340259075,23.36473798751831,7.414689138531685,0.883302628993988,0.6426980495452881,0.8499851226806641,0.5926083922386169,D05
TREE_042,TREE,2019,19.2462317943573,25.209051847457886,1.3536939918994904,6.278667986392975,0.07768740702886134,3.7786395847797394,0.19713377207517624,0.10215106373652816,0.7751313000917435,2.8097751140594482,2.55873042345047,23.51023030281067,10.582419991493225,,,,,D05
TREE_042,TREE,2020,19.338942646980286,25.268507838249207,1.3029350489377975,5.544303745031357,0.04853268526494503,3.807693839073181,0.1988140745088458,0.1033769566565752,0.7725662738084793,2.853514224290848,3.0226493775844574,23.581671476364136,8.134769141674042,,,,,D05
TREE_042,TREE,2022,18.91025173664093,25.09196698665619,1.419566698372364,7.055117219686508,0.10587845463305712,4.316154137253761,0.2305672625079751,0.12064253655262291,0.7974502593278885,2.809273913502693,2.2340137735009193,23.698017954826355,15.241705596446991,0.8916652202606201,0.6505814790725708,0.8746089339256287,0.5868915915489197,D05
TREE_042,TREE,2024,18.906504690647125,25.211180806159973,1.420717529952526,7.0045554637908936,0.10565857053734362,4.280798703432083,0.23198075871914625,0.12139966571703553,0.7897403948009014,2.766807422041893,2.238280273973942,23.774500131607056,15.72262305021286,0.8847326040267944,0.6394590139389038,0.8629769086837769,0.5823081731796265,D05
TREE_042,TREE,2025,18.876471757888794,25.19282603263855,1.4264094606041908,7.053459852933884,0.10806679911911488,4.315737709403038,0.23476606607437134,0.1230980702675879,0.7929115369915962,2.7838835567235947,2.20024336874485,23.76409101486206,16.22122311592102,0.9012682437896729,0.6195371747016907,0.8964227437973022,0.5627679824829102,D05
TREE_053,TREE,2016,16.421661853790283,23.629430770874023,1.4226986095309258,6.0300344824790955,0.09458967653336003,4.378914341330528,0.2740396820008755,0.15320777567103505,0.8262508362531662,2.6987189650535583,2.5769499763846397,22.30408251285553,18.895038291811943,,,,,D05
TREE_053,TREE,2017,17.00818967819214,23.58164894580841,1.3796431496739388,5.81447334587574,0.07472820347175002,4.2281941920518875,0.25412921141833067,0.14043207187205553,0.8133225813508034,2.6255469620227814,2.80064444988966,22.448537230491638,14.972605164162815,0.8840052485466003,0.6004781126976013,0.8521762490272522,0.5607333183288574,D05
TREE_053,TREE,2019,16.8906991481781,24.357864022254944,1.3942461982369423,6.066951096057892,0.07986807217821479,4.219002455472946,0.25383354257792234,0.14150957204401493,0.8470793999731541,2.8445761501789093,2.580186888575554,22.598322868347168,15.277888536453247,,,,,D05
TREE_053,TREE,2020,16.633187472820282,24.144914031028748,1.3529002889990807,5.513414621353149,0.049797966494224966,4.3244514018297195,0.2637207927182317,0.14785841666162014,0.8545253314077854,2.8395619839429855,3.0640503019094467,22.502499103546143,13.841559767723083,,,,,D05
TREE_053,TREE,2022,16.27636843919754,24.052122116088867,1.4796099811792374,6.768031150102615,0.12096374528482556,4.623038724064827,0.28839828819036484,0.1606318922713399,0.8665405735373497,2.842652052640915,2.200802080333233,22.43624758720398,22.383288145065308,0.8745371103286743,0.634342610836029,0.8527153134346008,0.5741090774536133,D05
TREE_053,TREE,2024,16.77008694410324,24.284703254699707,1.4176611006259918,6.287414640188217,0.08800638129469007,4.490057662129402,0.2712138267233968,0.15040130633860826,0.8502085879445076,2.8329340368509293,2.578257516026497,22.65666139125824,17.85980013012886,0.8815917372703552,0.6653105020523071,0.8557170629501343,0.6029776930809021,D05
TREE_053,TREE,2025,16.539794504642487,24.115635871887207,1.3976940587162971,6.068611949682236,0.07168331334833056,4.507393032312393,0.2752796458080411,0.1529477797448635,0.859856840223074,2.8680629432201385,2.6457389295101166,22.51507580280304,16.722995698451996,0.9001900553703308,0.664624810218811,0.8908599019050598,0.5980898141860962,D05
TREE_049,TREE,2016,18.30888521671295,23.724653363227844,1.3882743492722511,6.137139722704887,0.09502725256606936,3.96052585542202,0.22344776429235935,0.11721373605541885,0.7542504519224167,2.6458566039800644,2.593225695192814,22.68134903907776,15.945993974804878,,,,,D05
TREE_049,TREE,2017,18.99836266040802,23.86617934703827,1.3395373225212097,5.7184257209300995,0.07567171129630879,3.571578897535801,0.19460627436637878,0.10010008234530687,0.7114906832575798,2.5419055223464966,2.8205662295222282,22.863197803497314,12.426870569586754,0.905454397201538,0.6182804703712463,0.8907073140144348,0.5680787563323975,D05
TREE_049,TREE,2019,18.276706516742706,24.800453305244446,1.3853344172239304,6.404730975627899,0.08457529963925481,4.077559977769852,0.2268164660781622,0.12249385751783848,0.8121597208082676,2.8550868034362793,2.474978342652321,23.232782125473022,14.25279027223587,,,,,D05
TREE_049,TREE,2020,18.465620756149292,24.946510553359985,1.3218839541077614,5.5372167229652405,0.050281299976632,4.085895538330078,0.2249909657984972,0.12075469829142094,0.8065298944711685,2.8992376625537872,3.1377742290496826,23.321269512176514,11.035271629691124,,,,,D05
TREE_049,TREE,2022,17.995467483997345,25.079679489135742,1.4043126553297043,6.534100204706192,0.08801847230643034,4.472590774297714,0.25179437082260847,0.13672760454937816,0.830586701631546,2.8942029029130936,2.5222630873322487,23.291938066482544,16.5118008852005,0.8950533270835876,0.6716420650482178,0.8782299160957336,0.6035698056221008,D05
TREE_049,TREE,2024,18.581225395202637,25.274189114570618,1.3785351887345314,6.401251554489136,0.08132970309816301,4.211964413523674,0.22880516946315765,0.12348360009491444,0.8136419840157032,2.8774924129247665,2.604319140315056,23.602673649787903,13.780300199985504,0.897742509841919,0.676237165927887,0.8826556205749512,0.6082423329353333,D05
TREE_049,TREE,2025,18.457059919834137,25.20058012008667,1.383136086165905,6.432539194822311,0.08239431015681475,4.249787375330925,0.2327214004471898,0.12590431701391935,0.8181831315159798,2.882828563451767,2.5914491191506386,23.549999356269836,14.359969824552536,0.9111046195030212,0.6697896718978882,0.912043571472168,0.5982367396354675,D05
TREE_046,TREE,2016,16.58254635334015,23.414003133773804,1.453088141977787,6.76016166806221,0.09898068499751389,4.913271442055702,0.2966513568535447,0.1604531491175294,0.8307256996631622,2.7460052520036697,2.3437540382146835,22.28589618206024,22.076952517032623,,,,,D05
TREE_046,TREE,2017,16.877841532230377,23.473779439926147,1.445662871003151,6.642660349607468,0.10061600059270859,4.844907194375992,0.288956206291914,0.15413334872573614,0.8106146827340126,2.6719494611024857,2.397001937031746,22.288814783096313,21.00579845905304,0.8939000964164734,0.6017308831214905,0.8686760663986206,0.5594133138656616,D05
TREE_046,TREE,2019,15.876141905784607,24.186500668525696,1.471940465271473,6.714358955621719,0.0975624118000269,5.052948921918869,0.3220047987997532,0.1757516609504819,0.875748947262764,2.8960696011781693,2.2715529054403305,22.197489976882935,24.043094217777252,,,,,D05
TREE_046,TREE,2020,15.899524748325348,24.09184694290161,1.4162285551428795,6.173238962888718,0.06093367701396346,5.078856110572815,0.3208876959979534,0.1772464895620942,0.8788675330579281,2.859580382704735,2.8528109043836594,22.16206932067871,21.162781596183777,,,,,D05
TREE_046,TREE,2022,15.347399234771729,24.26865804195404,1.5351940467953682,7.048780739307404,0.12349761510267854,5.319713845849037,0.3535168841481209,0.19659180473536253,0.8887346982955933,2.846861496567726,2.130592256784439,22.223279118537903,29.955971240997314,0.888995349407196,0.6549437642097473,0.8704712390899658,0.5891255140304565,D05
TREE_046,TREE,2024,16.025597095489502,24.252740383148193,1.472367100417614,6.771364390850067,0.0967511655180715,5.128702953457832,0.3231199225410819,0.1775143016129732,0.8737206608057022,2.8313344717025757,2.475506380200386,22.468254923820496,25.040133953094482,0.8861324787139893,0.6639525294303894,0.863097071647644,0.6008074283599854,D05
TREE_046,TREE,2025,15.644959032535553,24.2996768951416,1.4838558956980705,6.745595067739487,0.09742906468454748,5.207885965704918,0.3362171882763505,0.1859975317493081,0.8868215270340443,2.8577357679605484,2.4390535950660706,22.305927634239197,26.164710342884064,0.9034711122512816,0.6628966331481934,0.8967227935791016,0.5952852964401245,D05
TREE_055,TREE,2016,16.349885165691376,24.759239673614502,1.5663569867610931,7.684493392705917,0.1471909019164741,5.7868335247039795,0.3584915716201067,0.19968497101217508,0.8764531798660755,2.8092997521162033,1.9733600690960884,23.318405389785767,30.126899421215057,,,,,D05
TREE_055,TREE,2017,16.80633455514908,24.801116704940796,1.5646511539816856,7.870949149131775,0.1530074207112193,5.702749520540237,0.34603493567556143,0.19005184480920434,0.8534915111958981,2.794357568025589,1.8837661743164062,23.374215722084045,29.09980273246765,0.8833832144737244,0.5753024220466614,0.8539127707481384,0.5398990511894226,D05
TREE_055,TREE,2019,15.982825696468353,25.660735249519348,1.5268753319978714,7.460966199636459,0.09687035321258008,6.185805767774582,0.3937090439721942,0.219987528398633,0.9143219403922558,2.9950783997774124,2.1970343366265297,23.650641679763794,27.576538920402527,,,,,D05
TREE_055,TREE,2020,15.674085259437561,25.76895034313202,1.5064219310879707,7.159171879291534,0.0814926540479064,6.082808822393417,0.39498576801270247,0.2220000820234418,0.9207951128482819,2.9870127141475677,2.3928130120038986,23.458815097808838,27.229857623577118,,,,,D05
TREE_055,TREE,2022,15.37008261680603,25.69499945640564,1.606588989496231,7.770984411239624,0.1507542971521616,6.095362633466721,0.40216217190027237,0.22540977038443089,0.9094200693070889,2.937799334526062,1.8266873806715012,23.199666738510132,33.1624493598938,0.8815268874168396,0.5839648842811584,0.8645972013473511,0.5364517569541931,D05
TREE_055,TREE,2024,15.787115573883057,25.78882670402527,1.551971010863781,7.512541323900223,0.11638684826903045,6.083502694964409,0.3925875509157777,0.21891524316743016,0.9044697694480419,2.9342803359031677,2.079296499490738,23.493090271949768,28.96748447418213,0.8966590166091919,0.6150680780410767,0.8875700235366821,0.5617287158966064,D05
TREE_055,TREE,2025,15.501305937767029,25.934854388237,1.5707589983940125,7.624117612838745,0.12028968427330256,6.2717709839344025,0.4100490203127265,0.22865761630237103,0.9101367332041264,2.950151741504669,2.0051652938127518,23.443835735321045,30.830272555351257,0.90987229347229,0.6163656711578369,0.9111045598983764,0.5604459643363953,D05
TREE_056,TREE,2016,13.687473237514496,21.105728030204773,1.5958507806062698,6.680602818727493,0.17774855578318238,4.631223261356354,0.3425962124019861,0.18774955440312624,0.8737772516906261,2.7016485780477524,1.662399746477604,19.54861629009247,35.86552405357361,,,,,D05
TREE_056,TREE,2017,13.685925602912903,20.905121088027954,1.669500045478344,6.950662732124329,0.2290073586627841,4.655855238437653,0.3461099863052368,0.18965657893568277,0.8557833917438984,2.603746846318245,1.4337495267391205,19.42721652984619,39.27391368150711,0.8757556676864624,0.5348573923110962,0.8412814140319824,0.5096316933631897,D05
TREE_056,TREE,2019,13.25009673833847,21.996082663536072,1.551754206418991,6.371422976255417,0.11997873336076736,5.010087162256241,0.3848146088421345,0.21292880456894636,0.9065104052424431,2.804431051015854,1.968430019915104,19.640242338180542,34.18208682537079,,,,,D05
TREE_056,TREE,2020,13.299509048461914,21.772334933280945,1.5007879883050919,6.0338084399700165,0.08833946008235216,4.938537418842316,0.37618194706737995,0.20838591549545527,0.9097764790058136,2.80224746465683,2.259510077536106,19.564814805984497,31.7563236951828,,,,,D05
TREE_056,TREE,2022,12.643864154815674,21.61578333377838,1.6135908737778664,6.560739129781723,0.14175825915299356,5.287053823471069,0.42792355082929134,0.23966305050998926,0.9231494516134262,2.7957344353199005,1.8029014319181442,19.48298490047455,40.37679719924927,0.8863239288330078,0.5982304215431213,0.8677021861076355,0.5500922203063965,D05
TREE_056,TREE,2024,12.784284174442291,21.5093674659729,1.5876427963376045,6.468965113162994,0.1265338968951255,5.3233524560928345,0.4230066817253828,0.23569975327700377,0.9191300980746746,2.7848267555236816,1.9235024750232697,19.497437596321106,38.15081751346588,0.890178918838501,0.5979156494140625,0.8742595911026001,0.5519505739212036,D05
TREE_056,TREE,2025,12.949252545833588,21.51460886001587,1.5492323711514473,6.272038221359253,0.10467279935255647,5.2239110469818115,0.41055273823440075,0.2284435098990798,0.9157233908772469,2.7972202003002167,2.0785758569836617,19.489697813987732,35.66825258731842,0.9033912420272828,0.5937628746032715,0.8985408544540405,0.5459792613983154,D05
TREE_050,TREE,2016,11.489354584366083,17.89451129734516,1.980871170759201,5.644830203149468,0.370350772049278,4.502178624388762,0.39579441980458796,0.21448352187871933,0.8474284529685974,2.445565479142325,1.699208683201245,16.80081756040454,56.68607044219971,,,,,D05
TREE_050,TREE,2017,12.084461644291878,17.87965566664934,2.065370239317417,5.520835703238845,0.3864001993497368,4.374369497410953,0.4009441304951906,0.21142415842041373,0.775383822619915,2.3368897097451344,1.737090112393101,16.994965970516205,55.34279417991638,0.8351563811302185,0.3890224695205688,0.871135950088501,0.3703764379024505,D05
TREE_050,TREE,2019,11.227151114493608,19.138322100043297,1.8020592331886292,5.487561011686921,0.26086501800455153,4.764853984117508,0.4351433739066124,0.2410112889483571,0.8825768828392029,2.607856954847063,1.8922347684701284,17.230576179921627,52.94482636451721,,,,,D05
TREE_050,TREE,2020,11.147081695497036,19.501250334084034,1.7492627054452896,5.420690523460507,0.21868244698271155,4.91267123259604,0.465030025690794,0.2548510702326894,0.8905638977885246,2.636925058705466,2.2832668657813753,17.55251456797123,51.53370547294617,,,,,D05
TREE_050,TREE,2022,11.022470083087683,19.65335000306368,1.8259095177054405,5.796181965619326,0.27219540788792074,4.8727961126714945,0.4650982581079006,0.25792865455150604,0.8881176672875881,2.6749952265194485,1.4917863150437674,17.552464723587036,55.973554372787476,0.7877275347709656,0.4903411269187927,0.7423754930496216,0.459433376789093,D05
TREE_050,TREE,2024,11.274595133960247,19.501533553004265,1.8201798796653748,5.780188854783773,0.269647715264,4.83494857698679,0.4635550044476986,0.2543146815150976,0.8666175752878189,2.7727070404933047,1.4496684987097979,17.680180564522743,53.66102397441864,0.807729184627533,0.5106043815612793,0.768582820892334,0.4773237407207489,D05
TREE_050,TREE,2025,11.436677984893322,19.680406227707863,1.7829279005527496,5.740748472511768,0.25720708817243576,4.795999873429537,0.45034874230623245,0.24781427718698978,0.8676250539720058,2.7738396387833815,1.475283371284604,17.747947074472904,52.228758215904236,0.8116181492805481,0.5068308115005493,0.7743533849716187,0.4749009609222412,D05
TREE_054,TREE,2016,11.122755587100983,18.807300925254822,1.5097285211086273,5.02582848072052,0.08725619234610349,4.3181272149086,0.39462111610919237,0.2235948322340846,0.9051645807921886,2.5207911282777786,2.4576208293437958,17.44569504261017,48.04634606838226,,,,,D05
TREE_054,TREE,2017,11.505946606397629,18.66148865222931,1.4945522472262383,4.98480623960495,0.09236651181709021,4.188087061047554,0.37120261136442423,0.20931561151519418,0.8816010542213917,2.480734810233116,2.580788731575012,17.416326463222504,45.765115201473236,0.8416004180908203,0.5228056311607361,0.7856876254081726,0.5036416053771973,D05
TREE_054,TREE,2019,10.543055176734924,19.657597064971924,1.556054264307022,5.203086972236633,0.09565851325169206,4.47009339928627,0.43214200250804424,0.24624766409397125,0.9295199885964394,2.6299049109220505,2.174856424331665,17.32328027486801,52.912621557712555,,,,,D05
TREE_054,TREE,2020,10.620495796203613,19.550843238830566,1.4994007423520088,4.853189870715141,0.06392639910336584,4.3434823006391525,0.4155697673559189,0.23726072628051043,0.9252817444503307,2.5960582196712494,2.6257981956005096,17.266585528850555,50.20125114917755,,,,,D05
TREE_054,TREE,2022,10.630725085735321,19.109755039215088,1.6082951202988625,5.338995486497879,0.14383040089160204,4.386336326599121,0.41651540249586105,0.23684701975435019,0.9293181225657463,2.6205653995275497,1.9497181326150894,17.156324326992035,53.17019069194794,0.8483392596244812,0.5556652545928955,0.8188774585723877,0.5108156800270081,D05
TREE_054,TREE,2024,10.931653439998627,18.970247089862823,1.5712928250432014,5.252332150936127,0.1279096732614562,4.304137200117111,0.3972440417855978,0.22464476339519024,0.9186077229678631,2.6041568964719772,2.1081974171102047,17.195640206336975,50.01315891742706,0.8729717135429382,0.5778358578681946,0.8593699932098389,0.5284001231193542,D05
TREE_054,TREE,2025,11.03969919681549,18.97877013683319,1.5513476878404617,5.171114847064018,0.11706660623895004,4.267090603709221,0.3917643874883652,0.221248185262084,0.913527637720108,2.6057977378368378,2.213722065091133,17.244039297103882,48.48653221130371,0.8880231976509094,0.5906323790550232,0.8851325511932373,0.5353499054908752,D05
TREE_052,TREE,2016,9.235083132982254,18.100659489631653,1.639390230178833,5.152577787637711,0.11850856855744496,4.549818128347397,0.4976698439568281,0.28247362934052944,0.9244370348751545,2.437054216861725,1.8728208243846893,15.965098679065704,62.71141958236694,,,,,D05
TREE_052,TREE,2017,10.037503480911255,18.146490156650543,1.5972495824098587,5.270053848624229,0.10826799442293122,4.658399701118469,0.4654411692172289,0.2637981167063117,0.918260995298624,2.473921537399292,2.0945437848567963,16.541407465934753,54.84465157985687,0.8727371692657471,0.509209930896759,0.8475565314292908,0.4859819412231445,D05
TREE_052,TREE,2019,9.041104853153229,18.849863290786743,1.606287032365799,5.059800237417221,0.0789356220047921,4.6348055601119995,0.5124222356826067,0.29335324838757515,0.9446218460798264,2.5225170701742172,1.972045212984085,16.219546854496002,61.363890647888184,,,,,D05
TREE_052,TREE,2020,9.332991510629654,18.881134569644928,1.5546172857284546,4.888570576906204,0.054817210300825536,4.562082797288895,0.4892384707927704,0.2799056004732847,0.9435627944767475,2.529540851712227,2.2587571889162064,16.39917141199112,58.446995973587036,,,,,D05
TREE_052,TREE,2022,8.927324384450912,19.194145381450653,1.5757980942726135,4.8350988030433655,0.05722808907739818,4.5242744237184525,0.5081761348992586,0.2911565247923136,0.9403517171740532,2.50156332552433,2.1715313121676445,16.149994909763336,61.45763349533081,0.8570277690887451,0.520698606967926,0.8429694175720215,0.4866503477096557,D05
TREE_052,TREE,2024,8.303089767694473,18.392939507961273,1.583873227238655,4.566395550966263,0.0531545338453725,4.315257832407951,0.5220255888998508,0.29787526931613684,0.9340282753109932,2.3968498706817627,2.2051681131124496,15.384821712970734,66.45492577552795,0.8217020034790039,0.4807897508144378,0.7992960214614868,0.4528559446334839,D05
TREE_052,TREE,2025,8.198508083820343,18.420311987400055,1.5895602107048035,4.540722623467445,0.051200240035541356,4.311599671840668,0.530662888661027,0.3024088842794299,0.9321505948901176,2.3863169252872467,2.198485240340233,15.331873536109924,67.05675768852234,0.815973162651062,0.4690523743629455,0.7949814200401306,0.4415271580219269,D05
TREE_051,TREE,2016,12.516076862812042,20.978319883346558,1.4739225581288338,5.365394085645676,0.07745981501648203,4.464752897620201,0.36329098604619503,0.20331226475536823,0.8730291128158569,2.606295809149742,2.6515989303588867,19.082911014556885,35.33253884315491,,,,,D05
TREE_051,TREE,2017,13.00982517004013,20.947538137435913,1.4466407671570778,5.235289439558983,0.07201860802888405,4.305616453289986,0.3386985044926405,0.18829370848834515,0.8442080356180668,2.5074120610952377,2.9589378386735916,19.260137796401978,30.60003399848938,0.8703500628471375,0.5531114339828491,0.831128716468811,0.525542676448822,D05
TREE_051,TREE,2019,12.155567288398743,21.855220913887024,1.4908779114484787,5.5049808621406555,0.06602661742363125,4.771771356463432,0.3984492886811495,0.2248661508783698,0.9126985482871532,2.7367989867925644,2.6167719066143036,19.32762920856476,37.06392765045166,,,,,D05
TREE_051,TREE,2020,12.154041707515717,21.718501806259155,1.4500763714313507,5.148970752954483,0.04312931187450886,4.624488487839699,0.38812333904206753,0.21856054663658142,0.903201587498188,2.6956696212291718,3.0272917300462723,19.201342821121216,35.840866446495056,,,,,D05
TREE_051,TREE,2022,12.28898799419403,21.896737337112427,1.448768936097622,5.18763867020607,0.045324161648750305,4.6346549689769745,0.38390046916902065,0.21636110730469227,0.905861247330904,2.71633417904377,2.962383657693863,19.345556378364563,35.069159269332886,0.9091643691062928,0.6556025147438049,0.9006764888763428,0.5922120809555054,D05
TREE_051,TREE,2024,12.935556948184967,21.860922813415527,1.4234055876731873,5.159166723489761,0.04277056106366217,4.521152451634407,0.3575207591056824,0.20010028313845396,0.8962512612342834,2.743742361664772,2.993642136454582,19.533803462982178,29.655943036079407,0.901139795780182,0.6486198902130127,0.892341673374176,0.5873291492462158,D05
TREE_051,TREE,2025,13.149595856666565,22.001874089241028,1.3986012563109398,4.938848629593849,0.03632222904707305,4.384848967194557,0.34208383318036795,0.19092560466378927,0.8838085830211639,2.7427677512168884,3.250827096402645,19.571970224380493,27.56222039461136,0.9125030636787416,0.6546314358711243,0.9120628237724304,0.5896808505058289,D05
TREE_057,TREE,2016,13.634149372577667,21.702794313430786,1.6294977888464928,6.823775082826614,0.19062990229576826,4.9385055005550385,0.36834297329187393,0.19964610878378153,0.8705267310142517,2.671246111392975,1.541832447052002,19.658939123153687,36.28517413139343,,,,,D05
TREE_057,TREE,2017,13.89023894071579,21.87265396118164,1.6518169268965721,6.972747653722763,0.1998882917687297,5.131117165088654,0.3789615649729967,0.20226557552814484,0.8509617559611797,2.628913775086403,1.5241668745875359,19.985323309898376,36.13767671585083,0.896755039691925,0.5146446228027344,0.8841535449028015,0.4864646792411804,D05
TREE_057,TREE,2019,12.932301342487335,22.86886203289032,1.5785347521305084,6.54764786362648,0.11195304151624441,5.494624227285385,0.43258282355964184,0.23868779931217432,0.9094450026750565,2.786724865436554,1.856296882033348,20.023874282836914,35.31063520908356,,,,,D05
TREE_057,TREE,2020,12.71357810497284,22.960760593414307,1.5484206303954124,6.298075973987579,0.07803481502924114,5.595494121313095,0.4497472606599331,0.24982508085668087,0.9194358922541142,2.813147649168968,2.0720460042357445,19.94853961467743,34.70302152633667,,,,,D05
TREE_057,TREE,2022,12.379933714866638,23.161558747291565,1.5763797760009766,6.41089203953743,0.07785310922190547,5.7721951603889465,0.480563897639513,0.26896878983825445,0.9252110049128532,2.8263324350118637,2.0154085531830788,20.160329937934875,37.94780087471008,0.8939723968505859,0.6573419570922852,0.881177544593811,0.5911245346069336,D05
TREE_057,TREE,2024,12.035723596811295,23.29172945022583,1.5822956264019012,6.265947580337524,0.06736961391288787,5.768677353858948,0.5014440845698118,0.28037133533507586,0.923932708799839,2.811441034078598,2.0480289831757545,20.13989555835724,39.23335391283035,0.8852100372314453,0.6324927806854248,0.8732454776763916,0.5728806853294373,D05
TREE_057,TREE,2025,12.436679661273956,23.442669987678528,1.5469931960105896,6.1261081993579865,0.057393084513023496,5.638669073581696,0.47597276233136654,0.26492484100162983,0.9174523130059242,2.803903266787529,2.2365009635686874,20.3084659576416,36.872106313705444,0.8936896920204163,0.6544957160949707,0.8845487236976624,0.5875223278999329,D05
TREE_025,TREE,2016,12.429493635892868,20.34319394826889,1.6637391969561577,6.256464019417763,0.19658233877271414,4.726712316274643,0.3972526714205742,0.219343070872128,0.8623894080519676,2.5568808764219284,1.629303626716137,18.531725347042084,43.2985178232193,,,,,D05
TREE_025,TREE,2017,12.857732385396957,20.128101706504822,1.6316754147410393,6.192191228270531,0.18672876933123916,4.534278959035873,0.3751367488875985,0.2042778404429555,0.8367681875824928,2.488252706825733,1.7432247027754784,18.602370142936707,39.946958780288696,0.8970992565155029,0.5284032821655273,0.8923960328102112,0.4948278963565826,D05
TREE_025,TREE,2019,12.57622504234314,21.774964928627014,1.5210164040327072,5.755552977323532,0.09717414900660515,4.7407475262880325,0.3879200145602226,0.21606835816055536,0.90149250254035,2.7486367523670197,2.202791064977646,19.027877688407898,36.99495255947113,,,,,D05
TREE_025,TREE,2020,12.59732323884964,21.821152329444885,1.5204498022794724,5.816371649503708,0.08924546092748642,4.877500399947166,0.4009928274899721,0.22239793371409178,0.9016185328364372,2.748815730214119,2.098147861659527,19.10631787776947,35.54318034648895,,,,,D05
TREE_025,TREE,2022,12.550356924533844,22.17623543739319,1.5092969983816147,5.79106430709362,0.07437386165838689,4.987030312418938,0.4094307813793421,0.2280279928818345,0.908766645938158,2.7702612429857254,2.1727739199995995,19.258492827415466,35.33676505088806,0.895887017250061,0.6012425422668457,0.8923571109771729,0.5478054285049438,D05
TREE_025,TREE,2024,13.003688931465149,22.629362106323242,1.4778227135539055,5.6894083470106125,0.06327184505062178,4.9396447986364365,0.3912029080092907,0.2162350695580244,0.8980003967881203,2.772542431950569,2.308262638747692,19.557715952396393,31.2700714468956,0.897056519985199,0.6116276383399963,0.8949306011199951,0.557094156742096,D05
TREE_025,TREE,2025,13.324899673461914,22.71710705757141,1.4549601897597313,5.56334000825882,0.05769380269339308,4.84208357334137,0.37439197301864624,0.2064492842182517,0.8910997174680233,2.782372623682022,2.4604706689715385,19.698582887649536,29.083694517612457,0.9047420024871826,0.6202414631843567,0.9080864191055298,0.5613189935684204,D05
TREE_043,TREE,2016,9.290788173675537,18.784866333007812,1.7106265053153038,5.380523070693016,0.17738008312880993,4.416967362165451,0.4896959811449051,0.2748846607282758,0.8850116617977619,2.3699174374341965,1.4060064554214478,16.340520679950714,60.76942777633667,,,,,D05
TREE_043,TREE,2017,9.537900626659393,19.066956877708435,1.7178287729620934,5.540383115410805,0.18739959667436779,4.470588818192482,0.48576778545975685,0.2717982344329357,0.8784492872655392,2.3566507920622826,1.3918920010328293,16.679725468158722,61.96023416519165,0.8490778207778931,0.3469708561897278,0.8596423268318176,0.3421991467475891,D05
TREE_043,TREE,2019,9.262571424245834,20.390960812568665,1.6437815725803375,5.287019953131676,0.10633161058649421,4.683556154370308,0.5159623436629772,0.2925131134688854,0.9241152442991734,2.5476133823394775,1.7941034436225891,16.97266411781311,60.789045095443726,,,,,D05
TREE_043,TREE,2020,9.419388055801392,20.591745257377625,1.5998270809650421,5.1650151163339615,0.07884431292768568,4.679317533969879,0.5054193995893002,0.2860787333920598,0.9222046360373497,2.5393683314323425,2.0137432515621185,17.076607584953308,58.43756568431854,,,,,D05
TREE_043,TREE,2022,9.619446188211441,21.0471088886261,1.567609317600727,5.094569802284241,0.061735730268992484,4.683345288038254,0.4926191307604313,0.2792078098282218,0.9214491061866283,2.5310513973236084,2.2914477437734604,17.230831742286682,56.214975357055664,0.8381472826004028,0.3912251889705658,0.8280655145645142,0.3815675675868988,D05
TREE_043,TREE,2024,9.747499465942383,21.436519026756287,1.554382048547268,5.12067286670208,0.048591436847345904,4.809933200478554,0.4967626892030239,0.28168601635843515,0.9247499108314514,2.527267947793007,2.547539748251438,17.65126496553421,55.76369118690491,0.8256697654724121,0.4044411778450012,0.8160153031349182,0.3907233476638794,D05
TREE_043,TREE,2025,9.958129733800888,21.338597774505615,1.5125916823744774,4.924532949924469,0.033935077546630055,4.679609581828117,0.47107755206525326,0.2673421064391732,0.9203269258141518,2.488859087228775,3.0100745037198067,17.70897126197815,54.666722536087036,0.8209827542304993,0.4391422569751739,0.8269772529602051,0.4127201437950134,D05
TREE_044,TREE,2016,7.611137241125107,11.029636263847351,1.5773355588316917,3.5348841696977615,0.20993268303573132,1.918168194591999,0.2557494258508086,0.11960376799106598,0.6464670728892088,1.4300998970866203,1.3861865103244781,9.742801427841187,96.6812744140625,,,,,D05
TREE_044,TREE,2017,8.349010974168777,12.068054854869843,1.385521650314331,2.9200535714626312,0.10391047270968556,1.5613604560494423,0.18907975731417537,0.08683956693857908,0.5879691652953625,1.3874910697340965,2.09497182816267,10.203984677791595,92.50011825561523,0.8742818832397461,0.5223574042320251,0.8644283413887024,0.4928987920284271,D05
TREE_044,TREE,2019,8.389755010604858,14.335475325584412,1.5415209755301476,3.912309005856514,0.13969553029164672,2.8384283930063248,0.34124087914824486,0.18587920162826777,0.8519668728113174,2.272060349583626,1.7408500239253044,12.034709751605988,72.59136939048767,,,,,D05
TREE_044,TREE,2020,9.456923842430115,15.420869171619415,1.431656375527382,3.706242009997368,0.09388644527643919,2.610668122768402,0.27906916849315166,0.146397789940238,0.7920499779284,2.1996473520994186,2.143058367073536,12.856762766838074,57.64289474487305,,,,,D05
TREE_044,TREE,2022,9.656183063983917,15.849600672721863,1.5236172825098038,4.466828390955925,0.12179141072556376,3.3263174146413803,0.3490319848060608,0.18540797382593155,0.8425468094646931,2.330707088112831,1.759927086532116,13.621455192565918,49.28102779388428,0.9065518379211426,0.6637318730354309,0.9000287055969238,0.6017322540283203,D05
TREE_044,TREE,2024,10.455522179603577,16.405319035053253,1.5096336156129837,4.768645823001862,0.10390552645549178,3.6910653859376907,0.3604677589610219,0.18808633321896195,0.8309223726391792,2.3480220288038254,1.8270277604460716,14.463865220546722,36.264286160469055,0.8876208662986755,0.6311297416687012,0.8755292296409607,0.5759408473968506,D05
TREE_044,TREE,2025,10.840271174907684,17.03543746471405,1.4686065465211868,4.65680368244648,0.08120104111731052,3.72030371427536,0.3493090085685253,0.1813428378663957,0.8250347450375557,2.386489599943161,2.035732865333557,14.883938312530518,31.87279236316681,0.9121493101119996,0.684398353099823,0.9158645272254944,0.6105122566223145,D05
TREE_048,TREE,2016,7.9883211851119995,18.428762912750244,1.8729802668094635,5.369216486811638,0.22087888605892658,4.8461911380290985,0.6239931862801313,0.351612227037549,0.9112680368125439,2.4293430149555206,1.0864153057336807,15.33699381351471,67.76748847961426,,,,,D05
TREE_048,TREE,2017,7.7560849487781525,17.97496861219406,1.93984866887331,5.4173907190561295,0.24186304258182645,4.999392732977867,0.6684547327458858,0.3739699339494109,0.8863984011113644,2.343944028019905,0.9949386976659298,15.281126022338867,68.78159165382385,0.7936628460884094,0.3597965836524963,0.7722975015640259,0.353104680776596,D05
TREE_048,TREE,2019,7.458639472723007,19.071004271507263,1.7797179147601128,4.972365021705627,0.13292500376701355,4.614335313439369,0.6338855884969234,0.3563466602936387,0.9139547720551491,2.3864094614982605,1.4150007888674736,15.27380257844925,70.5101158618927,,,,,D05
TREE_048,TREE,2020,6.8724435567855835,19.085201144218445,1.7813954874873161,4.836361318826675,0.0864790182095021,4.650745779275894,0.692491564899683,0.38633299246430397,0.9074255675077438,2.3627527728676796,1.3645331263542175,14.870502650737762,72.33108925819397,,,,,D05
TREE_048,TREE,2022,6.7113228142261505,18.77541822195053,1.7924468293786049,4.7537989765405655,0.08916555345058441,4.572707086801529,0.7004277687519789,0.3887397460639477,0.905237790197134,2.329653926193714,1.359475739300251,14.777712106704712,73.72789072990417,0.8295338749885559,0.4108162820339203,0.8197140693664551,0.3962492346763611,D05
TREE_048,TREE,2024,6.703280359506607,18.671184837818146,1.7402587458491325,4.582238063216209,0.06807338143698871,4.41017347574234,0.6701529920101166,0.37051901035010815,0.9028683193027973,2.2203001901507378,1.6115899085998535,14.676808953285217,74.97633337974548,0.8260071277618408,0.4352272450923919,0.8107588887214661,0.4172934889793396,D05
TREE_048,TREE,2025,6.723035633563995,18.422622859477997,1.721013680100441,4.506710171699524,0.061127034947276115,4.344700366258621,0.6580478474497795,0.36440762504935265,0.9028952680528164,2.2058775052428246,1.6731712818145752,14.606153726577759,74.92712426185608,0.8488087058067322,0.4213652908802032,0.8552039861679077,0.4031322002410888,D05
TREE_047,TREE,2016,16.061695337295532,21.94466984272003,1.519376926124096,6.639885812997818,0.16446361341513693,3.967369094491005,0.2562831323593855,0.13694820972159505,0.7906197868287563,2.5335786789655685,1.9029893353581429,20.761817932128906,26.239468336105347,,,,,D05
TREE_047,TREE,2017,16.54155820608139,21.98624038696289,1.513598270714283,6.712933272123337,0.1711085451534018,3.7533381283283234,0.23567994870245457,0.12322171777486801,0.7587415501475334,2.442393906414509,1.9126530066132545,20.88530206680298,25.836026459932327,0.8732106685638428,0.5579221844673157,0.8479865193367004,0.520674467086792,D05
TREE_047,TREE,2019,15.743982374668121,22.622641682624817,1.4597819074988365,6.296935945749283,0.11291482578963041,4.239159286022186,0.2762722261250019,0.1487849415279925,0.8391382098197937,2.7664549350738525,2.178472578525543,20.937283515930176,22.69279533624649,,,,,D05
TREE_047,TREE,2020,15.73994791507721,22.43846344947815,1.40773107111454,5.696756958961487,0.08213823661208153,4.121790856122971,0.27122801169753075,0.14620242500677705,0.8361232094466686,2.7569802701473236,2.5654344484210014,20.906488180160522,20.25021794438362,,,,,D05
TREE_047,TREE,2022,15.529879987239838,22.550894618034363,1.4391253516077995,6.019501298666,0.09608958172611892,4.270297527313232,0.28391202818602324,0.1527644689194858,0.8441534601151943,2.7754708379507065,2.328615315258503,20.727904319763184,22.562354147434235,0.904860258102417,0.6672202944755554,0.8989140391349792,0.5975550413131714,D05
TREE_047,TREE,2024,16.11773407459259,22.816279649734497,1.3835581913590431,5.599558621644974,0.0695393718779087,4.111317664384842,0.26428369898349047,0.14052096335217357,0.8239665888249874,2.746507778763771,2.6516268104314804,21.021145820617676,18.412638902664185,0.8966406583786011,0.6687669157981873,0.8849595189094543,0.6010815501213074,D05
TREE_047,TREE,2025,16.059330105781555,22.697171092033386,1.3613281175494194,5.33025461435318,0.054269227606710047,4.089466467499733,0.26543486304581165,0.14123106561601162,0.8242435231804848,2.7583303451538086,2.846688248217106,20.934549808502197,16.92560723423958,0.9020549654960632,0.6727726459503174,0.8960224986076355,0.6021749377250671,D05
TREE_041,TREE,2016,19.085804045200348,24.899704337120056,1.5063174813985825,7.849028497934341,0.1672696308232844,4.267384424805641,0.22722656093537807,0.11773248482495546,0.7718441151082516,2.5720065534114838,1.8244745954871178,23.94505286216736,20.955294847488403,,,,,D05
TREE_041,TREE,2017,19.41906726360321,25.00626575946808,1.510388694703579,7.9732985496521,0.17274218890815973,4.197107970714569,0.22091480484232306,0.11236004810780287,0.7545711286365986,2.506722792983055,1.8128953203558922,24.018903017044067,21.126677572727203,0.882333517074585,0.5786346793174744,0.8523617386817932,0.5414209365844727,D05
TREE_041,TREE,2019,18.96542513370514,25.783363580703735,1.4688536748290062,7.546685725450516,0.13856732146814466,4.290238901972771,0.2299460442736745,0.12085753353312612,0.802271094173193,2.7163850516080856,1.975111797451973,24.143534660339355,18.190225780010223,,,,,D05
TREE_041,TREE,2020,18.934231758117676,25.67919635772705,1.3850949481129646,6.527650445699692,0.08371350076049566,4.314045250415802,0.2335324650630355,0.1236734394915402,0.805335346609354,2.7709340900182724,2.491674929857254,24.13706874847412,13.921488136053085,,,,,D05
TREE_041,TREE,2022,18.71863943338394,25.78260362148285,1.3879748359322548,6.512827217578888,0.08200352487619966,4.36330783367157,0.23992602340877056,0.12763170804828405,0.8124131597578526,2.789795860648155,2.4904138520359993,24.06001377105713,14.338812083005905,0.9073123335838318,0.6599539518356323,0.8972017168998718,0.5970897674560547,D05
TREE_041,TREE,2024,19.07287949323654,25.99070966243744,1.3708264976739883,6.310755044221878,0.07682051934534684,4.299729734659195,0.23253164999186993,0.12305682664737105,0.8006539419293404,2.7618205696344376,2.6246770918369293,24.31053864955902,12.992999583482742,0.8985934257507324,0.6540452837944031,0.8833523988723755,0.594936728477478,D05
TREE_041,TREE,2025,19.04827970266342,25.9301917552948,1.3648764342069626,6.3107896745204926,0.06810548901557922,4.412189424037933,0.23935272172093391,0.1258622999303043,0.8017941564321518,2.755648523569107,2.594661131501198,24.297104954719543,12.462475463747978,0.9055781364440918,0.6495628952980042,0.8973988890647888,0.589379608631134,D05
TREE_040,TREE,2016,7.758766204118729,15.412744998931885,1.5622610673308372,3.820342034101486,0.0961311578284949,3.0865446850657463,0.43442955426871777,0.2399789192713797,0.8538261838257313,2.0590506345033646,2.0458678752183914,12.984512716531754,71.92609405517578,,,,,D05
TREE_040,TREE,2017,7.758876264095306,15.241143345832825,1.5515762865543365,3.759812392294407,0.10161197488196194,2.980061285197735,0.4139076266437769,0.22469490813091397,0.8264523148536682,2.0018130764365196,2.143938437104225,12.687185883522034,72.49773406982422,0.8434380292892456,0.4641126692295074,0.8269896507263184,0.4428323805332184,D05
TREE_040,TREE,2019,7.488490909337997,16.634232878684998,1.5963337868452072,3.772257521748543,0.10414750734344125,3.1690316572785378,0.46495550498366356,0.26103300089016557,0.8791296519339085,2.2097160816192627,1.8138923570513725,12.884494066238403,73.40054655075073,,,,,D05
TREE_040,TREE,2020,7.08257582783699,16.42121571302414,1.6197846978902817,3.6813030540943146,0.0899397898465395,3.2489241659641266,0.5115315448492765,0.28489912347868085,0.8779260776937008,2.184010550379753,1.7704705633223057,12.621527642011642,75.01084113121033,,,,,D05
TREE_040,TREE,2022,6.7436410039663315,16.160181522369385,1.6641351506114006,3.7410809248685837,0.10092010977678001,3.317902058362961,0.5455960351973772,0.30344587564468384,0.8753936029970646,2.1558995991945267,1.553791604936123,12.371620059013367,76.75405669212341,0.8546930551528931,0.5105807781219482,0.8372291922569275,0.4785203635692596,D05
TREE_040,TREE,2024,7.018900066614151,16.170345425605774,1.6106522381305695,3.6392167061567307,0.07998154719825834,3.272288456559181,0.5155128613114357,0.28509015031158924,0.8694523796439171,2.1112044155597687,1.8523079231381416,12.47732526063919,74.3678127527237,0.8703677654266357,0.5470227599143982,0.8635431528091431,0.5065240859985352,D05
TREE_040,TREE,2025,6.981219097971916,16.278104066848755,1.6175819262862206,3.6855807080864906,0.0764256565598771,3.3282659351825714,0.5276900064200163,0.29094640724360943,0.8703123331069946,2.1097814962267876,1.8008173815906048,12.487614631652832,74.24724519252777,0.8722512722015381,0.5205796360969543,0.867376983165741,0.485046237707138,D05
TREE_039,TREE,2016,13.988172829151154,21.04695975780487,1.5458670407533646,6.136728435754776,0.1400170475244522,4.7334529757499695,0.34662314504384995,0.18894731532782316,0.8489943780004978,2.5994337499141693,2.3074777722358704,19.62524700164795,31.72929096221924,,,,,D05
TREE_039,TREE,2017,14.437635242938995,21.05555009841919,1.585300274193287,6.469974383711815,0.16847265837714076,4.759417086839676,0.3399933772161603,0.18155021453276277,0.8152865990996361,2.5141983032226562,2.0128173511475325,19.749212503433228,31.485477566719055,0.8726707100868225,0.4983669221401214,0.8468492031097412,0.4765678942203522,D05
TREE_039,TREE,2019,13.852736830711365,22.044462084770203,1.4936738088726997,6.021896630525589,0.08625732979271561,5.057508125901222,0.37382690235972404,0.20475651510059834,0.8869332112371922,2.7633164674043655,2.420740209519863,20.154006123542786,28.352193117141724,,,,,D05
TREE_039,TREE,2020,13.876436233520508,22.21924078464508,1.4746459051966667,5.940835207700729,0.07064992631785572,5.092463836073875,0.37726836651563644,0.2066082009114325,0.8893144093453884,2.7776844650506973,2.4684331715106964,20.191390991210938,26.961079627275467,,,,,D05
TREE_039,TREE,2022,13.227260291576385,22.352165579795837,1.5158665478229523,6.048541456460953,0.07247552968328819,5.392949253320694,0.4220647346228361,0.2340489411726594,0.9032711423933506,2.8023746013641357,2.346481055021286,20.053762078285217,31.318997144699097,0.8861305117607117,0.5796890258789062,0.8749127388000488,0.5339981317520142,D05
TREE_039,TREE,2024,13.514740943908691,22.717981576919556,1.50987658649683,6.071727693080902,0.07429575762944296,5.287961110472679,0.4119142461568117,0.22756027802824974,0.8937151320278645,2.8042096942663193,2.3996697552502155,20.278585195541382,30.48761847615242,0.8791980743408203,0.5717039704322815,0.8686683773994446,0.5278103947639465,D05
TREE_039,TREE,2025,13.699241161346436,22.539625883102417,1.4877244904637337,5.991302043199539,0.06498597422614694,5.230441942811012,0.39963324181735516,0.2208719695918262,0.8881308324635029,2.794925272464752,2.5142256021499634,20.284188270568848,28.774706959724426,0.8905806541442871,0.5797780156135559,0.8861806392669678,0.5329247117042542,D05
TREE_045,TREE,2016,12.990760147571564,21.103145956993103,1.6388638690114021,6.293196111917496,0.2076083559077233,4.4486236572265625,0.3490034332498908,0.18912153504788876,0.8424892276525497,2.5251592993736267,1.6565072163939476,18.956365942955017,38.94919979572296,,,,,D05
TREE_045,TREE,2017,13.281494557857513,21.37089467048645,1.6273656785488129,6.415220946073532,0.20015497284475714,4.573627322912216,0.348168951459229,0.18509034998714924,0.8330468609929085,2.521886169910431,1.5874575711786747,18.96231496334076,37.43039047718048,0.8678760528564453,0.5017444491386414,0.8538304567337036,0.4734544456005096,D05
TREE_045,TREE,2019,13.047629415988922,22.39886963367462,1.5175484344363213,5.856824696063995,0.11864659888669848,4.466438442468643,0.3458065455779433,0.19093693140894175,0.8782979361712933,2.712146073579788,2.05793946236372,19.241708874702454,32.73981291055679,,,,,D05
TREE_045,TREE,2020,12.402739524841309,21.97101926803589,1.5374174490571022,5.899778366088867,0.09086277295136824,5.091906577348709,0.4201498404145241,0.23040377721190453,0.8854733258485794,2.701748415827751,1.9795166030526161,19.11537528038025,33.74208873510361,,,,,D05
TREE_045,TREE,2022,12.270294725894928,22.22807216644287,1.5359400734305382,5.950081706047058,0.0835171629441902,5.178685560822487,0.4274223577231169,0.23657956812530756,0.9009025506675243,2.7321866005659103,1.9931154549121857,19.0791996717453,34.64474928379059,0.8744177222251892,0.5409740805625916,0.86289381980896,0.5024449229240417,D05
TREE_045,TREE,2024,12.37377655506134,22.42271602153778,1.5318864583969116,5.948173820972443,0.07778641331242397,5.247207894921303,0.43190944753587246,0.23800657596439123,0.894880510866642,2.7487561404705048,2.036095444113016,19.042829990386963,33.36327564716339,0.8771922588348389,0.5455843210220337,0.8735607862472534,0.5047664642333984,D05
TREE_045,TREE,2025,12.60340279340744,22.801767349243164,1.504706397652626,5.794329226016998,0.0682768635742832,5.143776759505272,0.41575153917074203,0.22943010833114386,0.8925744481384754,2.774740368127823,2.2253942787647247,19.255884051322937,31.57844203710556,0.8837419152259827,0.5723357200622559,0.8806627988815308,0.5231978297233582,D05
TREE_017,TREE,2016,9.470513343811035,20.752472162246704,1.969670131802559,6.40224789083004,0.2716170148923993,5.798041969537735,0.6451255585998297,0.35661604069173336,0.855904970318079,2.3796138763427734,1.0282774288207293,18.662761509418488,65.50587844848633,,,,,D05
TREE_017,TREE,2017,9.082427471876144,20.71600043773651,1.9726149216294289,6.32109147310257,0.26516822213307023,5.825530976057053,0.6625613030046225,0.36072385776787996,0.8277807086706161,2.3054573461413383,0.9975983053445816,18.61861777305603,67.91288137435913,0.8836743235588074,0.5082765221595764,0.870124340057373,0.4824570119380951,D05
TREE_017,TREE,2019,9.639587134122849,22.02604830265045,1.7226809486746788,6.004889160394669,0.1112966442015022,5.540919706225395,0.5957668554037809,0.3326675184071064,0.9111289195716381,2.637022390961647,1.5784769468009472,18.942796170711517,60.09020113945007,,,,,D05
TREE_017,TREE,2020,9.129023641347885,21.772728323936462,1.6973980963230133,5.746311917901039,0.07459785888204351,5.463148802518845,0.6170698087662458,0.34419092163443565,0.9156295880675316,2.5881734639406204,1.6465758606791496,18.467181861400604,62.636088252067566,,,,,D05
TREE_017,TREE,2022,9.410668522119522,21.96251630783081,1.6896870881319046,5.763734817504883,0.0914087105775252,5.386366784572601,0.5885058231651783,0.3305923203006387,0.9184689298272133,2.648864835500717,1.5528095252811909,18.457936227321625,61.96615731716156,0.9097943305969238,0.6594752073287964,0.9033119082450868,0.5946794152259827,D05
TREE_017,TREE,2024,9.759425193071365,22.02283489704132,1.6372609063982964,5.69207227230072,0.06270256405696273,5.3898292779922485,0.5679519567638636,0.32043291442096233,0.9166378937661648,2.635019361972809,1.7074432224035263,18.597555994987488,57.64807486534119,0.9127843379974364,0.6595393419265747,0.9112396240234376,0.594923734664917,D05
TREE_017,TREE,2025,9.921490341424942,21.87518060207367,1.6055194735527039,5.568900316953659,0.05011801974615082,5.309841603040695,0.5495584961026907,0.3094182042405009,0.9139992892742157,2.6280997544527054,1.8224710673093796,18.510118782520294,55.95661103725433,0.9088413715362548,0.68304443359375,0.9150196313858032,0.6064344644546509,D05
TREE_019,TREE,2016,11.003000020980835,18.98945587873459,1.5920405015349388,5.4659164398908615,0.1303877326718066,4.322370111942291,0.4161121351644397,0.2319489736109972,0.8779808878898621,2.4890045821666718,1.9729285947978497,17.279119908809662,49.05157399177551,,,,,D05
TREE_019,TREE,2017,12.135897636413574,19.280011653900146,1.6300171911716461,5.847525045275688,0.19322877936065197,4.093064829707146,0.3558746576309204,0.19284556759521365,0.8319583982229233,2.4270899668335915,1.6955681554973125,17.775249481201172,45.91364538669586,0.8787134885787964,0.5065506100654602,0.8667653203010559,0.4776400625705719,D05
TREE_019,TREE,2019,11.422389924526215,20.517332553863525,1.5575640052556992,5.5028537809848785,0.10472229740116745,4.5240797996521,0.41615202836692333,0.23212373815476894,0.9052608795464039,2.6654078364372253,2.0469932183623314,18.04179173707962,44.27112555503845,,,,,D05
TREE_019,TREE,2020,11.689459711313248,20.970961093902588,1.5027099326252937,5.2440667152404785,0.07359312457265332,4.50634329020977,0.4033119063824415,0.22387548815459013,0.891837865114212,2.67417174577713,2.3399523124098778,18.177496373653412,40.51852226257324,,,,,D05
TREE_019,TREE,2022,11.706036418676376,21.002657055854797,1.506411261856556,5.371109023690224,0.06665894360048696,4.716990917921066,0.4180757738649845,0.2327903164550662,0.9025248065590858,2.712195470929146,2.2754026725888252,18.359559655189514,39.33012020587921,0.8973631858825684,0.621683657169342,0.8883241415023804,0.5652324557304382,D05
TREE_019,TREE,2024,12.205416202545166,21.368152737617493,1.4791397154331207,5.421611487865448,0.05386946036014706,4.815845832228661,0.40557380951941013,0.2248821360990405,0.9027452990412712,2.7441253811120987,2.3608265221118927,18.84680926799774,34.51992881298065,0.8853940963745117,0.5936526656150818,0.878959059715271,0.5434393286705017,D05
TREE_019,TREE,2025,12.459773361682892,21.34497618675232,1.4563515484333038,5.317748486995697,0.04174525756388903,4.81585006415844,0.3983251824975014,0.2197884488850832,0.8953005522489548,2.740963965654373,2.5209502577781677,18.913426458835602,32.34233504533768,0.8899515867233276,0.586723804473877,0.888409435749054,0.5342185497283936,D05
TREE_010,TREE,2016,8.065072387456894,16.826316118240356,1.6398906484246254,4.563446491956711,0.06982581730699167,4.29052247107029,0.5599314663559198,0.30815917206928134,0.8531122915446758,2.305625282227993,1.6288091503083706,14.344780147075653,63.42900097370148,,,,,D05
TREE_010,TREE,2017,9.199934184551239,17.12708044052124,1.5960671827197075,4.573648706078529,0.09346310480032116,4.143493056297302,0.47989310696721077,0.26408048532903194,0.827859528362751,2.2978956401348114,1.913491042330861,14.873355269432068,50.258036851882935,0.8863365054130554,0.5662122964859009,0.8758265972137451,0.5266940593719482,D05
TREE_010,TREE,2019,9.197284638881683,19.84443736076355,1.5933789759874344,5.057943373918533,0.05808019882533699,4.722015917301178,0.5239686034619808,0.2946691270917654,0.8983039446175098,2.434802010655403,2.0293484330177307,16.13787752389908,51.803269267082214,,,,,D05
TREE_010,TREE,2020,9.94408792257309,19.78363573551178,1.5551117062568665,5.120084971189499,0.048956603510305285,4.76263365149498,0.4947033189237118,0.2762826541438699,0.9091196991503239,2.5305798947811127,2.127889335155487,16.743893206119537,45.05181384086609,,,,,D05
TREE_010,TREE,2022,10.268727362155914,20.178481340408325,1.569131299853325,5.441096127033234,0.05527527735102922,5.038756281137466,0.5018864218145609,0.28156560380011797,0.9214846342802048,2.565464362502098,2.105123393237591,17.382726192474365,44.311630606651306,0.9151983857154846,0.702009379863739,0.909057319164276,0.6287153959274292,D05
TREE_010,TREE,2024,10.811554491519928,20.700713396072388,1.5405931696295738,5.486070275306702,0.044232086394913495,5.115538835525513,0.48555496521294117,0.27137358393520117,0.9150597155094147,2.601872354745865,2.232332892715931,17.774952054023743,41.55678594112396,0.901653289794922,0.6620705723762512,0.8981220722198486,0.5970938801765442,D05
TREE_010,TREE,2025,11.193185538053513,20.899226188659668,1.514660783112049,5.483577758073807,0.03422821807907894,5.18000140786171,0.4718041308224201,0.2630326086655259,0.9153139889240265,2.6306883841753006,2.353305920958519,18.046823859214783,38.274876832962036,0.915186882019043,0.7038366198539734,0.91566801071167,0.625436007976532,D05
TREE_016,TREE,2016,11.704705387353897,20.102482080459595,1.9232828095555305,6.94951656460762,0.3269266183488071,5.4612440168857574,0.47521884832531214,0.2607452096417546,0.8367033079266548,2.396282896399498,1.1185788586735725,18.8623349070549,60.34714078903198,,,,,D05
TREE_016,TREE,2017,11.648507505655289,19.751560509204865,1.9748631715774536,6.992795422673225,0.33618284901604056,5.709563799202442,0.4945027297362685,0.2693429277278483,0.8006717525422573,2.2942528650164604,0.9033689592033625,18.639813363552094,60.917925119400024,0.8841695189476013,0.5033913850784302,0.8707493543624878,0.4775827527046203,D05
TREE_016,TREE,2019,11.07368329167366,21.786296904087067,1.7616348639130592,6.745948523283005,0.16571829305030406,5.857511550188065,0.5598787292838097,0.3037801617756486,0.864912997931242,2.618613302707672,1.2875294843688607,19.074805855751038,52.17771029472351,,,,,D05
TREE_016,TREE,2020,9.736477851867676,21.54566740989685,1.7174618616700172,6.525340065360069,0.039564372491440736,6.363468647003174,0.675235066562891,0.36912719532847404,0.8548443801701069,2.601214200258255,1.4431934170424938,19.062774062156677,52.76908564567566,,,,,D05
TREE_016,TREE,2022,9.779169112443924,21.584720730781555,1.7307513803243637,6.468015089631081,0.07223390811122954,6.2269405871629715,0.6528645660728216,0.3601585775613785,0.8725563883781433,2.6452262848615646,1.3897655103355646,18.850113689899445,53.238396406173706,0.915566861629486,0.6802010536193848,0.9038894772529602,0.6135393977165222,D05
TREE_016,TREE,2024,9.730404824018478,21.536316514015198,1.700831152498722,6.299179643392563,0.047293316456489265,6.122160866856575,0.6503830533474684,0.35822820756584406,0.8763432465493679,2.6286705061793327,1.5148217678070068,18.737931191921234,52.402448415756226,0.9118537306785583,0.6727482080459595,0.906046450138092,0.6057862639427185,D05
TREE_016,TREE,2025,9.817119598388672,21.169992446899414,1.6860889047384262,6.148240819573402,0.05223653023131192,5.9588802754879,0.6303704585880041,0.3474616324529052,0.8801777623593807,2.6589942276477814,1.563982293009758,18.471832811832428,51.59505105018616,0.9053642749786376,0.6766707301139832,0.905811071395874,0.6036911010742188,D05
TREE_001,TREE,2016,16.23451256752014,26.899017691612244,1.6595441699028015,8.792053431272507,0.15560813143383712,7.162333816289902,0.4586124448105693,0.2431640326976776,0.8382627852261066,2.6783930957317352,1.5689228773117065,24.537728428840637,35.12220573425293,,,,,D05
TREE_001,TREE,2017,16.601130664348602,26.893944144248962,1.6883649602532387,8.982783168554306,0.17152340395841748,7.472239911556244,0.4692788701504469,0.24859836045652628,0.8141941167414188,2.5915576368570328,1.5266074500977993,24.929163813591003,35.93271780014038,0.8734785914421082,0.4265737235546112,0.8893792033195496,0.4051453471183777,D05
TREE_001,TREE,2019,15.993604600429535,29.08165729045868,1.6131867617368698,8.614437520503998,0.09846973279491067,7.614195168018341,0.4911428801715374,0.2673243470489979,0.8967226408421993,2.9546713531017303,1.8865972459316254,25.65712881088257,33.85266125202179,,,,,D05
TREE_001,TREE,2020,17.57384541630745,28.659114837646484,1.6590632647275925,8.994309306144714,0.15206864150241017,7.16071543097496,0.44678758550435305,0.23367374297231436,0.8400948196649551,2.882844015955925,1.516376830637455,25.99658453464508,30.46133118867874,,,,,D05
TREE_001,TREE,2022,15.902773350477219,29.28202772140503,1.7327472269535065,9.29180496931076,0.11093759839423001,8.331617802381516,0.5987959271296859,0.30787414126098156,0.826120238751173,2.8226411417126656,1.375794854015112,26.261457324028015,35.82355880737305,0.8664572238922119,0.5840798020362854,0.8418874740600586,0.5371277928352356,D05
TREE_001,TREE,2024,15.117238223552704,29.72083830833435,1.7452996671199799,9.618596136569977,0.07217388006392866,9.095252960920334,0.6639633644372225,0.3450672775506973,0.8129426129162312,2.74492709338665,1.3449875973165035,26.47466492652893,38.9796536564827,0.8736701011657715,0.5447769165039062,0.8670639991760254,0.5059234499931335,D05
TREE_001,TREE,2025,15.51383775472641,29.57104742527008,1.722589172422886,9.646035939455032,0.07093985530082136,8.998648315668106,0.6383555699139833,0.3329733330756426,0.8184655569493771,2.6995293498039246,1.4754995703697205,26.64914858341217,38.08251702785492,0.8558169007301331,0.5614868998527527,0.8585466146469116,0.5105168223381042,D05
TREE_014,TREE,2016,9.71138721704483,18.64755243062973,1.7889481633901596,5.559747040271759,0.22933995444327593,4.659497857093811,0.4904842674732208,0.2703912388533354,0.8310461714863777,2.2481581196188927,1.1591003201901913,16.239918440580368,61.82044267654419,,,,,D05
TREE_014,TREE,2017,9.654364049434662,19.155810832977295,1.7503385245800018,5.557462304830551,0.17234496446326375,4.937035821378231,0.5391045175492764,0.29468684596940875,0.8217089101672173,2.2596640586853027,1.2314759865403175,16.56667160987854,60.95717531442642,0.8840639591217041,0.4428670704364776,0.8852038383483887,0.4262163937091827,D05
TREE_014,TREE,2019,9.970818370580673,20.74806410074234,1.6525326743721962,5.575544819235802,0.10880395281128585,4.987985044717789,0.5206451620906591,0.2913752421736717,0.9034701287746429,2.4952789321541786,1.673830047249794,17.370843470096588,61.10967582464218,,,,,D05
TREE_014,TREE,2020,9.467687249183655,19.849524974822998,1.8505393788218498,5.733110874891281,0.20949686598032713,5.105066388845444,0.5851799696683884,0.3238401496782899,0.867246724665165,2.4318902045488358,1.1670533325523138,16.96964067220688,69.34016156196594,,,,,D05
TREE_014,TREE,2022,8.270315945148468,20.40459018945694,1.843698412179947,5.828133434057236,0.10833511629607528,5.455572336912155,0.7231029774993658,0.38014752231538296,0.852791853249073,2.461144044995308,1.1354223228991032,17.288875997066498,72.03994798660278,0.8947216868400574,0.6481900811195374,0.8773773908615112,0.5877160429954529,D05
TREE_014,TREE,2024,8.682235658168793,20.446597933769226,1.7922247499227524,5.802425980567932,0.08895817608572543,5.4954110980033875,0.6944524142891169,0.3629219988361001,0.8603369891643524,2.417999304831028,1.2865023203194141,17.60098946094513,69.7590479850769,0.8981248140335083,0.6678643226623535,0.887941300868988,0.6010881066322327,D05
TREE_014,TREE,2025,8.745566800236702,21.040398001670837,1.7883872538805008,5.888055086135864,0.07908959983615205,5.631068468093872,0.7005629949271679,0.3638021722435951,0.8514295034110546,2.448250450193882,1.3388414606451988,17.91501420736313,68.39598524570465,0.8889029026031494,0.6675882339477539,0.8885005712509155,0.5937111973762512,D05
TREE_009,TREE,2016,12.430333077907562,21.307968497276306,1.6865007355809212,6.584664702415466,0.20764085068367422,4.732380986213684,0.400683818385005,0.22220277599990368,0.8786744959652424,2.596848800778389,1.4452563636004925,18.858190834522247,44.73281764984131,,,,,D05
TREE_009,TREE,2017,12.529309511184692,21.582682371139526,1.73661108314991,6.785133928060532,0.2313688371796161,4.92716920375824,0.4173370013013482,0.23022855212911963,0.8622190542519093,2.55343234539032,1.3665960617363453,19.11686885356903,46.23181331157684,0.8057687878608704,0.3030642867088318,0.7967745661735535,0.304552674293518,D05
TREE_009,TREE,2019,11.29432338476181,22.137908697128296,1.6402566507458687,6.180031061172485,0.12445945595391095,5.25377357006073,0.4826705399900675,0.27113919518887997,0.9127563461661339,2.693873167037964,1.7379557564854622,18.862788498401642,46.22335994243622,,,,,D05
TREE_009,TREE,2020,10.824319809675217,22.313680052757263,1.6593022048473358,6.156870126724243,0.11382665671408176,5.45690843462944,0.5207349713891745,0.2934219930320978,0.923760823905468,2.7081851810216904,1.732894204556942,18.952318608760834,49.53267502784729,,,,,D05
TREE_009,TREE,2022,10.793341308832169,22.44139075279236,1.685852698981762,6.301384806632996,0.1224158531986177,5.596922650933266,0.5377702303230762,0.30261135287582874,0.9231822453439236,2.6899011433124542,1.6924777887761593,19.153054356575012,50.57173311710358,0.8389124870300293,0.4037490487098694,0.8207217454910278,0.3909119367599487,D05
TREE_009,TREE,2024,10.520634293556213,22.57693636417389,1.7265218421816826,6.462122559547424,0.12055771448649466,5.901899039745331,0.5857066866010427,0.3276278283447027,0.917317982763052,2.6364569813013077,1.6539820730686188,19.388575196266174,52.5139856338501,0.8178470134735107,0.388978511095047,0.80109703540802,0.3796946108341217,D05
TREE_009,TREE,2025,10.364244610071182,22.539041757583618,1.7287380173802376,6.456773340702057,0.10821872600354254,5.972735434770584,0.603860042989254,0.3366118958219886,0.9151646830141544,2.609558403491974,1.6835832595825195,19.47399342060089,52.97553062438965,0.8045215010643005,0.4129233062267303,0.8024370074272156,0.3928937315940857,D05
TREE_060,TREE,2016,6.97768609970808,17.328562185168266,1.9710691943764687,4.678903941065073,0.27066580415703356,4.4807237554341555,0.6181797739118338,0.3394356369972229,0.8521684482693672,2.1731057008107504,1.302186205983162,14.656721979379654,78.13753414154053,,,,,D05
TREE_060,TREE,2017,7.6397353038191795,18.115373916924,1.855152115225792,4.95495849289,0.2278053153422661,4.684915278106928,0.5841333251446486,0.32291474286466837,0.8495345413684845,2.201113398869832,1.595727519194285,15.28635136783123,75.43045377731323,0.8662236332893372,0.482454240322113,0.8407869935035706,0.4643997550010681,D05
TREE_060,TREE,2019,8.10770520567894,20.04894483089447,1.8328104317188263,5.091559991240501,0.16018167755100876,4.836921870708466,0.6145326197147369,0.328631442040205,0.8726946003735065,2.2817098647356033,1.7392943063750863,16.73836651444435,73.81250786781311,,,,,D05
TREE_060,TREE,2020,8.087820664048195,19.463554948568344,1.6419331803917885,4.77149260789156,0.06385232671163976,4.57477793097496,0.5754006914794445,0.31895200442522764,0.8853613175451756,2.2486291714012623,2.149053320288658,16.172315910458565,71.90263724327087,,,,,D05
TREE_060,TREE,2022,8.644872769713402,20.565419554710388,1.614373080432415,4.825583666563034,0.06483341741841286,4.588427662849426,0.5414364375174046,0.2990918289870024,0.8825218193233013,2.2970565482974052,2.3642120622098446,16.744548559188843,68.23143291473389,0.8865658640861511,0.611686646938324,0.8666286468505859,0.5603527426719666,D05
TREE_060,TREE,2024,9.037205263972282,20.515136539936066,1.5662181228399277,4.766044102609158,0.04571775271324441,4.5464629754424095,0.5130557511001825,0.2861543381586671,0.8911391198635101,2.3312036395072937,2.6336458548903465,17.061133593320847,65.46971666812897,0.8790640830993652,0.5999915599822998,0.8612930774688721,0.5516830682754517,D05
TREE_060,TREE,2025,9.531644314527512,20.692026138305664,1.5176667496562004,4.6818332597613335,0.03164610473322682,4.513714857399464,0.48073402885347605,0.2693148422986269,0.8892850279808044,2.3579132482409477,3.036937929689884,17.338789343833923,61.29186296463013,0.8723632097244263,0.6102016568183899,0.861707329750061,0.5533844232559204,D05
TREE_012,TREE,2016,11.088307112455368,20.827704071998596,1.7697347328066826,6.3562275767326355,0.223843009211123,5.069381058216095,0.4897789806127548,0.2743854462169111,0.8988917320966721,2.5944549590349197,1.2589932158589363,18.354107439517975,52.670788407325745,,,,,D05
TREE_012,TREE,2017,11.567675739526749,20.830047488212585,1.9069902077317238,6.6568648517131805,0.31977852899581194,5.058375209569931,0.479826089926064,0.2681110203266144,0.8796180225908756,2.6240922659635544,0.9975501503795385,18.858332991600037,54.66697800159454,0.7795805335044861,0.3455632925033569,0.7340537309646606,0.3449000716209411,D05
TREE_012,TREE,2019,9.858700692653656,21.739019513130188,1.7511599585413933,6.038833752274513,0.1462049912661314,5.342754945158958,0.5793628841638565,0.3220848236232996,0.9142988547682762,2.627315528690815,1.4383197501301765,18.179503083229065,56.440478801727295,,,,,D05
TREE_012,TREE,2020,9.38636203110218,21.928404211997986,1.744520291686058,5.912503346800804,0.10670111910440028,5.404870480298996,0.6239016223698854,0.34616502095013857,0.9152713157236576,2.637995295226574,1.4433341473340988,18.065530002117157,57.302332520484924,,,,,D05
TREE_012,TREE,2022,9.254312381148338,22.104401350021362,1.7762100920081139,6.05158069729805,0.10672284848988056,5.607767477631569,0.6576866153627634,0.36274578515440226,0.9096250422298908,2.618272051215172,1.38495310023427,18.209768652915955,57.79377579689026,0.8193029165267944,0.4165408909320831,0.8043321967124939,0.398386687040329,D05
TREE_012,TREE,2024,8.907855421304703,22.081936597824097,1.811620555818081,6.183269217610359,0.10210239654406905,5.752915441989899,0.6986469216644764,0.38062767684459686,0.893581822514534,2.5264699533581734,1.3320339433848858,18.262639224529266,60.31524133682251,0.8041794896125793,0.4239260852336883,0.7856188416481018,0.4054180085659027,D05
TREE_012,TREE,2025,8.939374268054962,22.133439779281616,1.8150900825858116,6.156561434268951,0.10861884988844395,5.748495191335678,0.6969973891973495,0.37661803886294365,0.8896813578903675,2.495306022465229,1.3567666970193386,18.26313853263855,60.02510190010071,0.7999971508979797,0.4448965489864349,0.8011460304260254,0.4151462912559509,D05
TREE_005,TREE,2016,3.5862695892651875,9.235178750008345,1.9729100093245506,2.0685368459671736,0.404385004658252,1.935077119867007,0.4830245733261108,0.24858814775943755,0.7738706469535828,1.356620262969624,0.9596068428031036,7.376252142588298,97.18039655685425,,,,,D05
TREE_005,TREE,2017,3.8144164721171063,8.797026045620441,1.8544491603970528,2.0923390109091997,0.36830199393443763,1.900634934132298,0.42184528708457947,0.21710171115895113,0.7363013539995465,1.234600319312169,1.1966354373310293,7.199704416592916,96.22551250457764,0.8359771966934204,0.5108399987220764,0.8036635518074036,0.4839009642601013,D05
TREE_005,TREE,2019,3.6008286736905575,9.864156883209944,1.9319025427103043,2.2802626923657954,0.34979850705713034,1.999195158481598,0.48307535890489817,0.2605468169786036,0.805810006459554,1.389018109866551,0.8873645047346751,7.5232803374528885,95.94267082214355,,,,,D05
TREE_005,TREE,2020,3.1660526990890503,10.225164040923119,1.7371826022863388,2.1193040162324905,0.17876457376405597,1.9750933684408665,0.5701307840645313,0.29534391686320305,0.802743025124073,1.2888334819248743,0.934452474117279,7.163821443915367,96.24381113052368,,,,,D05
TREE_005,TREE,2022,3.2909361757338047,10.120443351566792,1.872543215751648,2.1982541028410196,0.31948614912107587,2.0042389556765556,0.5436670482158661,0.2888828497380018,0.767951563000679,1.3383166151387351,0.913457205252988,7.288503549993038,96.21283912658691,0.861591100692749,0.5928299427032471,0.8386982679367065,0.5437498688697815,D05
TREE_005,TREE,2024,3.3494253791868687,10.105552829802036,1.6328771337866783,2.1268021184951067,0.11420767498202622,1.9470769595354795,0.5202853884547949,0.27102293260395527,0.7779886741191149,1.3861029701573508,1.1571534925273486,7.342105783522129,96.3777847290039,0.8742175698280334,0.6059784293174744,0.8605432510375977,0.5536534786224365,D05
TREE_005,TREE,2025,3.3112425543367863,9.735319204628468,1.838263288140297,2.0732488085050136,0.29778367676772177,1.8782238895073533,0.4856991278938949,0.2597585776820779,0.8191406647364299,1.3184370948718145,1.1002903692424297,7.013974402099848,96.39437341690063,0.8588746786117554,0.6272560358047485,0.8512645363807678,0.56172114610672,D05
TREE_011,TREE,2016,4.3736942410469055,10.111411392688751,1.7034487798810005,2.4863585978746414,0.23944368679076433,1.8819727450609207,0.40648716129362583,0.21949131228029728,0.7683676593005657,1.3620134368538857,1.1370035111904144,7.104309529066086,94.96113109588623,,,,,D05
TREE_011,TREE,2017,4.457134768366814,9.647941410541534,1.7071442157030106,2.5572536438703537,0.2270687399432063,1.9902033433318138,0.43789539858698845,0.23738914262503386,0.8131185248494148,1.3497576527297497,1.1288316324353218,7.5844294130802155,93.53999137878418,0.8276306986808777,0.4539404809474945,0.8088799715042114,0.4338027834892273,D05
TREE_011,TREE,2019,4.03666564822197,10.953603684902191,1.7366122528910637,2.559482768177986,0.17931052250787616,2.2282135859131813,0.5243695322424173,0.28839169535785913,0.8263215571641922,1.5344723872840405,1.0049595423042774,8.054443746805191,94.27145433425903,,,,,D05
TREE_011,TREE,2020,3.8437150716781616,10.87594449520111,1.703849971294403,2.4818594083189964,0.1305359045509249,2.264680877327919,0.567775271832943,0.31167192943394184,0.8468157947063446,1.484208356589079,0.9980531819164753,7.951916754245758,94.02407503128052,,,,,D05
TREE_011,TREE,2022,3.8082281351089478,10.829237908124924,1.7873113602399826,2.533245638012886,0.20768675580620766,2.237597357481718,0.5548070222139359,0.3024434968829155,0.8276759386062622,1.4568610899150372,0.834477324038744,7.944308191537857,94.31842279434204,0.8534000515937805,0.575564444065094,0.8297711610794067,0.5311583876609802,D05
TREE_011,TREE,2024,3.7157061249017715,10.544071167707443,1.6953866183757782,2.3914916664361954,0.1499973963946104,2.1363550312817097,0.5303750429302454,0.2888768408447504,0.8159841485321522,1.3395244851708412,1.0126541145145893,7.803119316697121,94.86242389678955,0.8642056584358215,0.5665069222450256,0.8445165157318115,0.5265209674835205,D05
TREE_011,TREE,2025,3.8126835078001022,10.42770653963089,1.7167103812098503,2.458983540534973,0.17097840597853065,2.1628249548375607,0.5274915732443333,0.2895917296409607,0.830847654491663,1.3743950389325619,0.9670095629990101,7.867867738008499,94.24389028549194,0.8562697172164917,0.5892762541770935,0.8479973077774048,0.535898745059967,D05
TREE_018,TREE,2016,16.46501350402832,25.717860460281372,1.7145867943763733,8.87520545721054,0.21879252139478922,6.472138285636902,0.4074275363236666,0.2125260247848928,0.8125953078269958,2.5581308752298355,1.3123882561922073,23.827688097953796,36.17953896522522,,,,,D05
TREE_018,TREE,2017,17.417779564857483,25.95655131340027,1.5809343457221985,8.57348957657814,0.14328327937982976,6.419436544179916,0.37737921718508005,0.19004986295476556,0.7953046709299088,2.548943281173706,1.5857784450054169,24.146865844726562,27.526878595352173,0.868887722492218,0.4454681873321533,0.8604403734207153,0.4263438880443573,D05
TREE_018,TREE,2019,16.8937748670578,27.261760354042053,1.5629041120409966,8.407622694969177,0.10953304567374289,6.802853643894196,0.41185075137764215,0.21668821014463902,0.8611722029745579,2.798844426870346,1.7917727753520012,24.677708625793457,27.114631414413452,,,,,D05
TREE_018,TREE,2020,16.008535504341125,27.852484345436096,1.5668780282139778,8.497111141681671,0.051792931684758514,7.912865310907364,0.5033290460705757,0.2693244768306613,0.8714883551001549,2.848968356847763,1.8511217162013054,25.024115324020386,28.992114782333374,,,,,D05
TREE_018,TREE,2022,15.366809070110321,28.412899613380432,1.6168110817670822,8.82085332274437,0.061980464844964445,8.266793638467789,0.5443663373589516,0.29695538617670536,0.885437611490488,2.875506728887558,1.793749675154686,25.20568811893463,33.64946472644806,0.8489862680435181,0.4430282115936279,0.8295775055885315,0.4274320304393768,D05
TREE_018,TREE,2024,15.850970447063446,28.560341119766235,1.600510559976101,8.95075836777687,0.05556883628014475,8.415899902582169,0.5346649158746004,0.289305760525167,0.8730815798044205,2.8090250939130783,1.9585151001811028,25.59856343269348,32.60708713531494,0.8519929647445679,0.4645481705665588,0.8414931893348694,0.4434029161930084,D05
TREE_018,TREE,2025,16.173553824424744,28.70746922492981,1.5716541185975075,8.807972103357315,0.04157626269443426,8.362350314855576,0.5213700626045465,0.2812722912058234,0.8718389347195625,2.783097982406616,2.1610463932156563,25.737090349197388,30.759258151054382,0.8658949732780457,0.4454884231090545,0.8740169405937195,0.4245592355728149,D05
TREE_003,TREE,2016,16.247779667377472,21.908902168273926,1.590735100209713,7.070851713418961,0.21258801268413663,3.8410711139440536,0.23692467343062162,0.12609547981992364,0.7876149378716946,2.4809512943029404,1.6305367276072502,20.75196146965027,26.736383259296417,,,,,D05
TREE_003,TREE,2017,16.826846837997437,21.841451406478882,1.561016097664833,6.702624648809433,0.18421428743749857,3.7134383022785187,0.22205799911171198,0.11458586528897285,0.7515416704118252,2.414504289627075,1.8164400337263942,20.959430694580078,22.71825262904167,0.8967993259429932,0.5904173851013184,0.8750770092010498,0.5513786673545837,D05
TREE_003,TREE,2019,16.497404038906097,23.116214513778687,1.4468738287687302,6.210899814963341,0.12054527481086552,3.97749599814415,0.2430564183741808,0.1288259346038103,0.8124619126319885,2.664218455553055,2.2147118523716927,21.31302261352539,17.924483448266983,,,,,D05
TREE_003,TREE,2020,16.399227619171143,23.488805174827576,1.3808176219463348,5.410438850522041,0.07392227499803994,4.1346229910850525,0.25763833336532116,0.1374054802581668,0.8137875199317932,2.7171290665864944,2.807864785194397,21.490793108940125,14.326284617185593,,,,,D05
TREE_003,TREE,2022,15.95773446559906,23.63935160636902,1.4207327961921692,5.8299480676651,0.07091620581923053,4.536481723189354,0.305038383230567,0.1629415713250637,0.8225959725677967,2.7472128868103027,2.4711156394332647,21.61528193950653,17.075310170650482,0.9109084606170654,0.7026538252830505,0.8995369076728821,0.6300486326217651,D05
TREE_003,TREE,2024,16.979016482830048,23.929603099822998,1.3737576976418495,5.6671395897865295,0.06486695574130863,4.288341581821442,0.26177961379289627,0.13836609618738294,0.808453943580389,2.734670728445053,2.6241149082779884,22.105188608169556,13.147473692893982,0.9104558229446412,0.7025259733200073,0.9030716419219972,0.6285994052886963,D05
TREE_003,TREE,2025,17.33230072259903,23.941650867462158,1.32980827242136,5.1534465700387955,0.04621522221714258,4.184096321463585,0.25009131617844105,0.13024416426196694,0.7956177555024624,2.7378159761428833,3.0702498592436314,22.19082236289978,10.688776910305023,0.9090139865875244,0.7349112629890442,0.9068673849105836,0.6470839977264404,D05
TREE_007,TREE,2016,6.289339937269688,10.98225561901927,2.4180157259106636,3.274001113139093,0.7822780273854733,2.8613002789206803,0.4652627306059003,0.2452224032022059,0.6979581490159035,2.0067906454205513,0.31179574187844994,10.14863271638751,88.47355341911316,,,,,D05
TREE_007,TREE,2017,4.368960626423359,11.668602377176285,2.381553091108799,3.5017707785591483,0.6143589029088616,3.9776868894696236,0.7674207566305995,0.3623083643615246,0.567495109513402,1.715263929631975,0.19899712828919291,10.507205411791801,89.61650252342224,0.8530886173248291,0.5554638504981995,0.8124691843986511,0.5256593227386475,D05
TREE_007,TREE,2019,4.49959009885788,13.674007579684258,1.880586713552475,3.5728581696748734,0.23434988129884005,3.3176852203905582,0.5944880340248346,0.3027125205844641,0.6889146603643894,1.1988471229871114,0.7696241606026888,10.297394126653671,89.25756573677063,,,,,D05
TREE_007,TREE,2020,4.184952899813652,14.316763073205948,1.797346942126751,3.490260623395443,0.07893081405200064,3.420074962079525,0.7195786852389574,0.36580771394073963,0.7847903557121754,1.3491437882184982,1.0272664688527584,10.24425494670868,90.63317775726318,,,,,D05
TREE_007,TREE,2022,5.096999868750572,15.035345137119293,1.7312904670834541,3.5966954231262207,0.13305753050372005,3.3143613561987877,0.569872435182333,0.290428857319057,0.7700324356555939,1.5365899354219437,1.4462442174553871,10.883620083332062,90.769535779953,0.892882227897644,0.6509946584701538,0.872153639793396,0.595334529876709,D05
TREE_007,TREE,2024,5.899148464202881,16.009223103523254,1.6187276095151901,3.6945871487259865,0.06541878962889314,3.4743514880537987,0.5398397985845804,0.28195151686668396,0.8135259971022606,1.8293366208672523,1.8452520072460175,11.897248774766922,91.22769832611084,0.8935933113098145,0.6460230946540833,0.8839985728263855,0.5873876214027405,D05
TREE_007,TREE,2025,6.447179049253464,16.323429703712463,1.5558880642056465,3.6497675850987434,0.054324828553944826,3.406373515725136,0.48641579411923885,0.25467245001345873,0.8088934347033501,1.9061400145292282,2.181384988129139,12.287471890449524,91.03423142433167,0.8819113373756409,0.6610714197158813,0.8771081566810608,0.5908007025718689,D05
TREE_008,TREE,2016,4.0608089864254,8.135445892810822,1.678854152560234,2.2169435769319534,0.23358474299311638,1.5860591903328896,0.38562021777033806,0.20803898107260466,0.8054032698273659,1.3608971945941448,1.1508024707436562,6.580276966094971,98.57342147827148,,,,,D05
TREE_008,TREE,2017,3.989655449986458,8.290280818939209,1.6103304624557495,2.059551142156124,0.18773386627435684,1.4964277297258377,0.36889738589525223,0.19857241585850716,0.7794626839458942,1.3056421503424644,1.3384169563651085,6.25112047791481,98.66225004196167,0.8523449897766113,0.4946737289428711,0.8302849531173706,0.471004456281662,D05
TREE_008,TREE,2019,3.634646102786064,8.46104696393013,1.6810446381568909,2.0401785522699356,0.19872783217579126,1.6066184639930725,0.43498033471405506,0.2443092968314886,0.840399581938982,1.3776603862643242,1.0915784016251564,6.51939794421196,98.90762948989868,,,,,D05
TREE_008,TREE,2020,3.241643786430359,7.9211306273937225,1.6316786482930183,1.799956537783146,0.15620567882433534,1.5004820078611374,0.454382698982954,0.2559703402221203,0.8320356868207455,1.2345919534564018,1.0605463199317455,5.920894920825958,98.78769826889038,,,,,D05
TREE_008,TREE,2022,3.182407796382904,7.878246366977692,1.6895977854728699,1.8412648513913155,0.19947306718677282,1.4999321177601814,0.45826995372772217,0.2577508920803666,0.8392410315573215,1.1992461495101452,0.9390076547861099,5.8694658279418945,98.74894285202026,0.8765494227409363,0.6179146766662598,0.8562635779380798,0.5655174851417542,D05
TREE_008,TREE,2024,3.323704704642296,7.7289780378341675,1.567947268486023,1.7375305816531181,0.12552699260413647,1.4328932091593742,0.4177265204489231,0.23483396228402853,0.8311103619635105,1.1753109358251095,1.2333386912941933,5.774429827928543,99.08869695663452,0.8823754787445068,0.6298443078994751,0.8649222254753113,0.5756778120994568,D05
TREE_008,TREE,2025,3.297067880630493,7.697641521692276,1.5681157335639,1.7080360874533653,0.13151837140321732,1.3819015063345432,0.4069189019501209,0.22749322466552258,0.8260063119232655,1.1391014494001865,1.2378877773880959,5.6571453511714935,99.286612033844,0.876063883304596,0.6762875318527222,0.8686667084693909,0.6007548570632935,D05
TREE_006,TREE,2016,15.962967455387115,23.350456595420837,1.5755189061164856,6.662250280380249,0.1863446410279721,4.171706989407539,0.2730171699076891,0.14602103922516108,0.7888607829809189,2.5086732506752014,1.8926839586347342,21.244004607200623,26.607832491397858,,,,,D05
TREE_006,TREE,2017,16.28516502380371,21.54498203843832,2.023880712687969,6.699348300695419,0.45270116603933275,4.115664418538412,0.26211695969104765,0.1334776297211647,0.7425618131955465,2.2951841751734414,1.1091773817936579,21.767148844401042,49.72474676370621,0.7991966605186462,0.4700648784637451,0.7524979114532471,0.4498385787010193,D05
TREE_006,TREE,2019,13.650305151939392,21.318911142647266,1.844953492283821,6.2205755123868585,0.35900495108217,4.104140480980277,0.3126802025362849,0.1718746235128492,0.7603892609477043,2.651005370276315,1.418954179684321,19.314952455461025,45.88952940702438,,,,,D05
TREE_006,TREE,2020,11.331040766090155,21.740203373134136,1.7849084287881851,6.265453381463885,0.2266448992304504,5.501224082894623,0.5365405809134245,0.2822771705687046,0.7969084400683641,2.75492000579834,1.3479169999559721,19.577887304127216,50.84061801433563,,,,,D05
TREE_006,TREE,2022,11.243784185498953,22.10311323404312,1.869183100759983,6.434132467955351,0.2837234945036471,5.5310221537947655,0.5349771874025464,0.2949795974418521,0.8213827162981033,2.731487308229719,1.0832257065922022,19.28803800791502,55.2235164642334,0.8389394879341125,0.5999192595481873,0.7959684729576111,0.5534031987190247,D05
TREE_006,TREE,2024,9.861876286566257,22.692391216754913,1.855913795530796,6.531941093504429,0.1321088092518039,6.069268763065338,0.7043311707675457,0.3648296454921365,0.7634050119668245,2.4481203630566597,0.9943691035732627,19.32313235104084,56.40721756219864,0.8724967837333679,0.5991057753562927,0.8470544219017029,0.5538572072982788,D05
TREE_006,TREE,2025,10.490721464157104,22.348416805267334,1.953002229332924,6.428986828774214,0.21317313332110643,5.753764811903238,0.6884557818993926,0.3422712357714772,0.7698411662131548,2.588288450241089,1.0304535469040275,19.26202356815338,57.2737352848053,0.8679279088973999,0.6662230491638184,0.8521304130554199,0.5943419933319092,D05
TREE_004,TREE,2016,7.356796324253082,14.408234357833862,1.640768140554428,3.870243415236473,0.15703987795859575,3.0791164338588715,0.4408692102879286,0.24638389516621828,0.8684808984398842,2.1525614634156227,1.6491964682936668,12.116793096065521,77.43114686012268,,,,,D05
TREE_004,TREE,2017,7.459893852472305,14.257127821445465,1.6257879436016083,3.7550608962774277,0.15501224668696523,3.025262802839279,0.43138378113508224,0.23931413562968373,0.8538479954004288,2.125309482216835,1.7572956793010235,12.202178120613098,76.16068172454834,0.8275709748268127,0.3523022532463074,0.8126180768013,0.3501420617103576,D05
TREE_004,TREE,2019,7.045967757701874,15.461969316005707,1.6357590928673744,3.8477696776390076,0.13392868405207992,3.2265733629465103,0.46860044449567795,0.26510297134518623,0.9023969955742359,2.2527975663542747,1.6724813431501389,12.320642113685608,80.44758605957031,,,,,D05
TREE_004,TREE,2020,7.054804176092148,15.215949594974518,1.6023380756378174,3.6917081773281097,0.10100152483209968,3.2185550779104233,0.47835803404450417,0.26871604193001986,0.8985294848680496,2.244604505598545,1.802354123443365,12.24862813949585,78.6625623703003,,,,,D05
TREE_004,TREE,2022,6.964020311832428,15.144073963165283,1.604926310479641,3.6690300703048706,0.10257934359833598,3.165105015039444,0.47805062495172024,0.2686548260971904,0.8969105184078217,2.2309751212596893,1.739814918488264,12.06297492980957,79.16765403747559,0.8226219415664673,0.406647115945816,0.7929471135139465,0.3965272307395935,D05
TREE_004,TREE,2024,6.93768310546875,15.08372962474823,1.6042983457446098,3.6781068295240402,0.09719282621517777,3.2227221727371216,0.4868855085223913,0.27259716764092445,0.8986421711742878,2.2113635689020157,1.7413773834705353,12.081249713897705,78.79299330711365,0.8086902499198914,0.383289098739624,0.7906846404075623,0.3747375011444092,D05
TREE_004,TREE,2025,6.9202214777469635,15.127274751663208,1.6043130159378052,3.7041101157665253,0.09086382668465376,3.2761844247579575,0.49467992410063744,0.27687468845397234,0.9009177424013615,2.2102718129754066,1.75743917375803,12.165838241577148,78.46008896827698,0.7854184508323669,0.3949598968029022,0.7715044617652893,0.3791578114032745,D05
TREE_002,TREE,2016,9.672495603561401,19.29876470565796,1.7796271964907646,5.972658812999725,0.20593947009183466,5.028133273124695,0.5309356432408094,0.3008842719718814,0.9143075235188007,2.528732195496559,1.2903188727796078,16.971895039081573,61.58500671386719,,,,,D05
TREE_002,TREE,2017,10.27565336227417,19.25582754611969,1.7826151624321938,6.203145056962967,0.21756211388856173,5.178981781005859,0.5152392387390137,0.2902416102588177,0.9063109941780567,2.50787353515625,1.3140175305306911,17.63200271129608,58.51400327682495,0.7885627746582031,0.2946425080299377,0.7737300395965576,0.2954401671886444,D05
TREE_002,TREE,2019,9.543630570173264,19.932477593421936,1.6898656487464905,5.670617699623108,0.1337284524925053,4.9995986968278885,0.530670527368784,0.3027154207229614,0.9439566247165203,2.640371933579445,1.5942726358771324,17.201960802078247,58.82004463672638,,,,,D05
TREE_002,TREE,2020,8.968858182430267,19.926990270614624,1.7108743488788605,5.645084619522095,0.11453437246382236,5.183633536100388,0.5819310043007135,0.3321212884038687,0.9528976678848267,2.628362223505974,1.5268144235014915,17.117786049842834,61.876970052719116,,,,,D05
TREE_002,TREE,2022,8.520296603441238,20.166326642036438,1.7608853429555893,5.616632521152496,0.12568228784948587,5.24817331135273,0.6207805424928665,0.35412098839879036,0.946345753967762,2.6220517456531525,1.4299333207309246,17.02826726436615,64.93960237503052,0.7916768193244934,0.3556866645812988,0.7628848552703857,0.3496275246143341,D05
TREE_002,TREE,2024,7.80089208483696,19.61623978614807,1.7870701923966408,5.39211118221283,0.12096672179177403,5.122018486261368,0.6566496416926384,0.3745691515505314,0.9374020174145699,2.549084559082985,1.3685269579291344,16.318839192390442,68.88597822189331,0.7901290655136108,0.3986170291900635,0.7610006332397461,0.3860851526260376,D05
TREE_002,TREE,2025,7.638300329446793,19.49466723203659,1.7887728437781334,5.357562556862831,0.11161156720481813,5.1171905398368835,0.6696681790053844,0.38118392415344715,0.9327758811414242,2.5171926021575928,1.3793147318065166,16.198039710521698,69.94090342521667,0.7884001135826111,0.4117144346237182,0.7762970328330994,0.3917602002620697,D05
TREE_015,TREE,2016,13.521586239337921,21.595435619354248,1.452223189175129,5.536146283149719,0.08135541394585744,4.394570469856262,0.3308251090347767,0.17852489603683352,0.8413094617426395,2.6358935981988907,2.41809518635273,19.05235743522644,30.40472000837326,,,,,D05
TREE_015,TREE,2017,14.243728816509247,21.398409485816956,1.4261419102549553,5.378261357545853,0.08314447026350535,4.128045290708542,0.2974011218175292,0.15546865249052644,0.7988515459001064,2.5389836132526398,2.5443180724978447,19.239138543605804,26.718009531497955,0.8719595074653625,0.4885902106761932,0.8492255806922913,0.4691563546657562,D05
TREE_015,TREE,2019,13.5614213347435,22.191548228263855,1.4453983381390572,5.618482977151871,0.06725940282922238,4.570488318800926,0.342703515663743,0.18715425860136747,0.8807314187288284,2.7462922781705856,2.552042692899704,19.60887336730957,29.387174487113953,,,,,D05
TREE_015,TREE,2020,13.824262976646423,22.34586787223816,1.3973952531814575,5.129790037870407,0.049502297944854945,4.307047948241234,0.3191310251131654,0.17394525278359652,0.8650366179645061,2.760133057832718,2.902381047606468,19.48148685693741,26.12275195121765,,,,,D05
TREE_015,TREE,2022,13.862177193164825,22.64898693561554,1.4264848604798317,5.506715625524521,0.05985077528748661,4.556474059820175,0.3352193236351013,0.18240885250270367,0.8739451430737972,2.7807492315769196,2.552913933992386,19.802891731262207,27.393057107925415,0.8979465365409851,0.5880834460258484,0.88279789686203,0.5461490750312805,D05
TREE_015,TREE,2024,14.72341388463974,22.91013264656067,1.3890956044197083,5.278637453913689,0.058568723616190255,4.158065974712372,0.291963511146605,0.15596250165253878,0.8341636992990971,2.733626902103424,2.6362516954541206,20.166216731071472,22.267476677894592,0.879151463508606,0.5519915819168091,0.8640835285186768,0.5160649418830872,D05
TREE_015,TREE,2025,14.840041995048523,22.745503902435303,1.3745998963713646,5.129401206970215,0.05290258245076984,4.150964647531509,0.28773410618305206,0.15285781025886536,0.830323651432991,2.724805161356926,2.7342481911182404,20.18367224931717,21.17052811384201,0.8855388164520264,0.6068891882896423,0.8839467167854309,0.552374005317688,D05
TREE_023,TREE,2016,9.823514729738235,18.681462049484253,1.7765569612383842,5.475921541452408,0.23923741653561592,4.385452762246132,0.4657831974327564,0.26445480715483427,0.9031138941645622,2.502116933465004,1.3528719563037157,16.503203213214874,62.06143355369568,,,,,D05
TREE_023,TREE,2017,10.42463544011116,18.90048712491989,1.769782468676567,5.550518825650215,0.26072075916454196,4.208012133836746,0.41451351903378963,0.23262573964893818,0.8824558481574059,2.482086017727852,1.3849209751933813,16.820618987083435,60.08724296092987,0.8788070678710938,0.4839078783988952,0.8645087480545044,0.4612546265125274,D05
TREE_023,TREE,2019,9.86948275566101,20.336647748947144,1.626821979880333,5.152096450328827,0.12599982949905097,4.420495346188545,0.4671340025961399,0.2628649193793535,0.9186177216470242,2.57722270488739,1.925470720976591,16.986780047416687,57.819738030433655,,,,,D05
TREE_023,TREE,2020,9.79357898235321,20.49149650335312,1.6263656467199326,5.159251376986504,0.11964377923868597,4.516175910830498,0.48232669942080975,0.2722534015774727,0.9204473122954369,2.590974785387516,1.9047712795436382,16.877705812454224,57.68920302391052,,,,,D05
TREE_023,TREE,2022,9.891771048307419,20.73719674348831,1.6126146912574768,5.263867050409317,0.09908812982030213,4.716746896505356,0.49370821565389633,0.2799262525513768,0.9309786483645439,2.6137709468603134,1.932915948331356,17.12334495782852,56.25847148895264,0.8804287314414978,0.4943511486053467,0.8751897811889648,0.4653801321983337,D05
TREE_023,TREE,2024,9.992401093244553,21.363516449928284,1.6346136555075645,5.440251126885414,0.09656544658355415,4.931548938155174,0.5226693414151669,0.29601163044571877,0.920810878276825,2.658137686550617,1.8272390849888325,17.520479679107666,54.896570801734924,0.8559163212776184,0.4495503306388855,0.8474245071411133,0.4296059012413025,D05
TREE_023,TREE,2025,10.342836081981659,21.72934865951538,1.6123826429247856,5.445404872298241,0.09302562638185918,4.943028911948204,0.5035895258188248,0.28570109605789185,0.9222246930003166,2.6729720383882523,1.917640533298254,17.827043414115906,52.49116086959839,0.8531844019889832,0.4913861751556396,0.8642101883888245,0.455291748046875,D05
TREE_062,TREE,2016,7.36139777302742,14.27482670545578,1.6648404002189636,3.8818023055791855,0.21938100270926952,2.7659080773591995,0.3675545584410429,0.20707169827073812,0.8500227630138397,2.138901963829994,1.4917679727077484,12.142464399337769,87.02606177330017,,,,,D05
TREE_062,TREE,2017,7.4609654545784,14.423988282680511,1.7248239368200302,4.043645903468132,0.25661640614271164,2.8797609582543373,0.3800419457256794,0.21381714846938848,0.848720908164978,2.1486753821372986,1.321331214159727,12.398516535758972,87.61865162849426,0.8397296667098999,0.3460884392261505,0.8428807854652405,0.3415223956108093,D05
TREE_062,TREE,2019,7.162189275026321,16.101246178150177,1.6011381223797798,3.747616246342659,0.13211497804149985,3.08935010433197,0.430159505456686,0.24408850632607937,0.8842687457799911,2.247709423303604,1.8067293241620064,12.457431375980377,84.42829918861389,,,,,D05
TREE_062,TREE,2020,6.845004439353943,15.721686899662018,1.6508398577570915,3.811156004667282,0.1419416139833629,3.250397577881813,0.47905375622212887,0.2713568080216646,0.8991921544075012,2.253450959920883,1.63514544069767,12.428407669067383,85.52448225021362,,,,,D05
TREE_062,TREE,2022,6.9307167530059814,15.715473651885986,1.6497646197676659,3.8838393688201904,0.13545589009299874,3.33414264023304,0.48668472841382027,0.2755063669756055,0.9076347276568413,2.2784784138202667,1.6182290874421597,12.579563081264496,84.69059896469116,0.8398149013519287,0.3978118598461151,0.8295848965644836,0.3852076232433319,D05
TREE_062,TREE,2024,6.796695679426193,16.127488493919373,1.6884367763996124,4.018672063946724,0.13565597985871136,3.5372240096330643,0.5307514853775501,0.30080182757228613,0.9133938848972321,2.311460554599762,1.4784212373197079,12.775544464588165,83.4678692817688,0.8144818544387817,0.3821798861026764,0.8047221302986145,0.3710545599460602,D05
TREE_062,TREE,2025,6.884434521198273,16.194030821323395,1.6902279928326607,4.038069099187851,0.1499948725104332,3.492418810725212,0.5137127414345741,0.2911335211247206,0.9093199893832207,2.3084382861852646,1.499003291130066,12.833122491836548,83.67374205589294,0.7842109203338623,0.3664496839046478,0.7866978049278259,0.352473109960556,D05
TREE_064,TREE,2016,12.245426535606384,22.12436193227768,1.7584855258464813,6.812602236866951,0.21789300069212914,5.572877869009972,0.482401754707098,0.2714429246261716,0.9103214479982853,2.6767027154564857,1.4554177820682526,20.11370426416397,51.52012950181961,,,,,D05
TREE_064,TREE,2017,12.409256726503372,22.16772359609604,1.7766689881682396,7.064324364066124,0.21919079264625907,5.814844116568565,0.5023291995748878,0.28112477948889136,0.8947737067937851,2.6192524805665016,1.4244042411446571,20.3814035654068,52.311016619205475,0.8567522168159485,0.4051370620727539,0.8502086400985718,0.3939985632896423,D05
TREE_064,TREE,2019,12.09148108959198,23.37946182489395,1.6239043548703194,6.370158791542053,0.11056435666978359,5.5569630563259125,0.48561966978013515,0.2753521353006363,0.9285836778581142,2.7211053743958473,2.0360245667397976,20.558318436145782,47.04486691951752,,,,,D05
TREE_064,TREE,2020,12.030207931995392,23.831927180290222,1.6148978620767593,6.371770679950714,0.09428451349958777,5.68968066573143,0.5009378250688314,0.28420743718743324,0.9297425076365471,2.7223025411367416,2.1238218024373055,20.66416710615158,47.37378007173538,,,,,D05
TREE_064,TREE,2022,12.134054809808731,24.040126383304596,1.6224729269742966,6.55392462015152,0.09827014897018671,5.8406227976083755,0.5041101388633251,0.28638634644448757,0.9386149980127811,2.7684209793806076,2.046670712530613,20.99609100818634,48.48593735694885,0.8486511707305908,0.4415731728076935,0.8394871950149536,0.4193542897701263,D05
TREE_064,TREE,2024,12.321062207221985,24.401501655578613,1.6238744333386421,6.688692688941956,0.09811075893230736,6.000970274209976,0.5065620839595795,0.28747353609651327,0.9382178634405136,2.798804610967636,2.032434046268463,21.26304793357849,47.485357105731964,0.8303455114364624,0.4300782084465027,0.8203871846199036,0.4101942181587219,D05
TREE_064,TREE,2025,12.390378952026367,24.481791973114014,1.6072337478399277,6.621197387576103,0.08885510452091694,5.957162454724312,0.5002617184072733,0.2844424033537507,0.9414516426622868,2.7935195565223694,2.126931242644787,21.37268352508545,46.50634205341339,0.8181996941566467,0.4248927533626556,0.8268956542015076,0.399634450674057,D05
TREE_022,TREE,2016,17.848182022571564,25.522666454315186,1.8796956315636635,10.475971579551697,0.3151438655331731,7.510927632451057,0.44789410941302776,0.21444134367629886,0.6700584180653095,2.0049364790320396,0.8509527929127216,24.42132532596588,44.287580490112305,,,,,D05
TREE_022,TREE,2017,16.863909244537354,25.794705033302307,2.003512144088745,10.63011920452118,0.3414813717827201,8.751997917890549,0.5433598477393389,0.2675318857654929,0.6725087463855743,2.0012608617544174,0.7296080719679594,24.66423738002777,50.638309717178345,0.8569036722183228,0.4379740357398987,0.8349028825759888,0.4266884922981262,D05
TREE_022,TREE,2019,18.3759645819664,26.950676202774048,1.784444235265255,10.29590928554535,0.26973748952150345,7.07251663506031,0.40844413451850414,0.20137328747659922,0.7468108870089054,2.3666670322418213,1.0553038716316223,25.186135172843933,39.199060678482056,,,,,D05
TREE_022,TREE,2020,14.862125277519226,27.29099941253662,1.7872895374894142,10.183816313743591,0.09844663174590096,9.405713051557541,0.6715937107801437,0.3513781577348709,0.7601786479353905,2.515648305416107,1.0838696770370007,25.32199716567993,41.6857008934021,,,,,D05
TREE_022,TREE,2022,14.803715407848358,27.4279705286026,1.8198044076561928,10.258439600467682,0.13470366108231246,9.501964539289474,0.6670501921325922,0.353171001188457,0.7787039950489998,2.4994846284389496,1.1029744930565357,25.331188440322876,44.015541434288025,0.8591427803039551,0.5113629698753357,0.8305529356002808,0.4868827164173126,D05
TREE_022,TREE,2024,14.02058494091034,27.65249478816986,1.8282179981470108,10.227275788784027,0.09056472312659025,9.691054075956345,0.7268519718199968,0.3845000136643648,0.7752874083817005,2.4208752661943436,1.2602778933942318,25.525208711624146,46.88176989555359,0.8616371750831604,0.48870649933815,0.8410159349441528,0.4685714840888977,D05
TREE_022,TREE,2025,17.43985229730606,27.544495940208435,1.7666987925767899,10.303680956363678,0.2058211201801896,8.142212599515915,0.49951432179659605,0.25601368583738804,0.7675333879888058,2.5140016227960587,1.1955109313130379,25.681962370872498,39.81631851196289,0.8246243000030518,0.4668522775173187,0.8095014095306396,0.4420742988586426,D05
TREE_063,TREE,2016,7.876504972577095,15.862618923187256,1.843407079577446,4.17897966504097,0.2693205673422199,3.46327343583107,0.49643628019839525,0.27690720511600375,0.8802794963121414,2.269258327782154,1.4604028780013323,13.635572165250778,70.04168558120728,,,,,D05
TREE_063,TREE,2017,7.8192287385463715,16.018077731132507,1.8780485093593597,4.267572492361069,0.2817555078800069,3.5886571258306503,0.5180230373516679,0.2866432354785502,0.8697198778390884,2.2561284080147743,1.3165101297199726,13.735670685768127,70.33573615550995,0.8542925715446472,0.3931529223918915,0.8531838655471802,0.3821282386779785,D05
TREE_063,TREE,2019,7.788020491600037,17.23961591720581,1.6484378352761269,4.216220319271088,0.1196191415656358,3.687895253300667,0.5035074632614851,0.2833446618169546,0.8984988890588284,2.363924764096737,1.6735873334109783,13.911827623844147,68.90321969985962,,,,,D05
TREE_063,TREE,2020,7.374013900756836,16.983579695224762,1.6634522080421448,4.037733927369118,0.11718302383087575,3.6652299612760544,0.533047104254365,0.29926863219588995,0.8886850140988827,2.3138915970921516,1.7246024273335934,13.413415312767029,70.58169317245483,,,,,D05
TREE_063,TREE,2022,7.493531167507172,17.18050628900528,1.6436491087079048,4.072901546955109,0.11166888754814863,3.64073146879673,0.5138657102361321,0.28915404342114925,0.8902142532169819,2.301657512784004,1.7358210198581219,13.486914724111557,70.55860269069672,0.8433924913406372,0.4187024533748626,0.8234341144561768,0.4050476253032684,D05
TREE_063,TREE,2024,7.512414947152138,17.38641381263733,1.656341701745987,4.1624481827020645,0.11285639845300466,3.7436320185661316,0.5266758017241955,0.2969017196446657,0.8949734419584274,2.3189097866415977,1.7002886570990086,13.709396213293076,70.07307314872742,0.8149478435516357,0.3672644793987274,0.8036290407180786,0.3609938323497772,D05
TREE_063,TREE,2025,7.543321758508682,17.585710287094116,1.6395468786358833,4.131088510155678,0.10017521702684462,3.7451649233698845,0.5239624613896012,0.29506936483085155,0.8891306519508362,2.3026054054498672,1.7924363352358341,13.783513993024826,69.64026212692261,0.7815254330635071,0.3691888153553009,0.7709603905677795,0.3579495251178741,D05
