plotID,siteID,n_good_plots,lcbd_bray_cov,lcbd_turnover_cov,lcbd_nestedness_cov
ABBY_002,ABBY,28,0.6692704772131094,0.18518518518518517,0.22151675485008812
ABBY_003,ABBY,28,0.36703762082474867,0.0,0.15432098765432098
ABBY_004,ABBY,28,0.3831026387998045,0.0,0.15432098765432098
ABBY_006,ABBY,28,0.3195761047953573,0.0,0.15432098765432098
ABBY_007,ABBY,28,0.599798900351491,0.1111111111111111,0.23315696649029982
ABBY_008,ABBY,28,0.4672215747316301,0.0,0.15432098765432098
ABBY_009,ABBY,28,0.2986934906461988,0.0,0.15432098765432098
ABBY_010,ABBY,28,0.35041003433325896,0.12962962962962962,0.23315696649029982
ABBY_013,ABBY,28,0.4426482296145465,0.0,0.15432098765432098
ABBY_016,ABBY,28,0.3098032933241452,0.1111111111111111,0.2331569664902998
ABBY_017,ABBY,28,0.32587680982589223,0.1111111111111111,0.2331569664902998
ABBY_019,ABBY,28,0.2988899635282544,0.0,0.15432098765432098
ABBY_023,ABBY,28,0.5804843727542637,0.07407407407407407,0.5401234567901234
ABBY_025,ABBY,28,0.6992239947046807,0.12962962962962962,0.23315696649029982
ABBY_061,ABBY,28,0.43441839257106146,0.0,0.15432098765432098
ABBY_062,ABBY,28,0.4197765191227783,0.0,0.15432098765432098
ABBY_063,ABBY,28,0.3027868699876979,0.0,0.15432098765432098
ABBY_064,ABBY,28,0.3028738067792961,0.0,0.15432098765432098
ABBY_065,ABBY,28,0.29571047749673585,0.0,0.15432098765432098
ABBY_067,ABBY,28,0.4547341238826431,0.0,0.15432098765432098
ABBY_068,ABBY,28,0.3301135545828481,0.16666666666666666,0.22151675485008815
ABBY_069,ABBY,28,0.3385422891362192,0.16666666666666666,0.22151675485008815
ABBY_070,ABBY,28,0.38506760032900694,0.0,0.15432098765432098
ABBY_073,ABBY,28,0.4164078746676924,0.18518518518518517,0.22151675485008815
ABBY_074,ABBY,28,0.3890596781644312,0.0,0.15432098765432098
ABBY_075,ABBY,28,0.30026647677839835,0.0,0.15432098765432098
ABBY_076,ABBY,28,0.3062030649607718,0.0,0.15432098765432098
ABBY_077,ABBY,28,0.32565743221593546,0.07407407407407407,0.37592592592592594
BART_002,BART,38,0.8076521389488048,0.29729729729729737,0.23515163515163512
BART_003,BART,38,0.7975583477470749,0.5643929643929645,0.09877766688912201
BART_004,BART,38,0.5395761718485048,0.26441441441441443,0.12656367656367654
BART_005,BART,38,0.6791308984751018,0.2567567567567568,0.23547728547728547
BART_007,BART,38,0.6031484377439608,0.19369369369369369,0.18148968148968145
BART_010,BART,38,0.7693599793505568,0.5971042471042469,0.07330349389172919
BART_011,BART,38,0.49842825583003214,0.1572072072072072,0.14971679971679971
BART_012,BART,38,0.7189728795932612,0.3423423423423424,0.2229452229452229
BART_013,BART,38,0.6874135617308585,0.20270270270270271,0.38963183963183967
BART_015,BART,38,0.4482203685009779,0.1572072072072072,0.14971679971679971
BART_016,BART,38,0.6168556939279627,0.37702702702702695,0.0979004479004479
BART_019,BART,38,0.6052782747458639,0.3601673101673102,0.14201960819607876
BART_023,BART,38,0.5726437732976489,0.23751608751608747,0.14875912817089285
BART_024,BART,38,0.6424859837434864,0.28378378378378377,0.3408759408759408
BART_025,BART,38,0.7028275248565675,0.21396396396396394,0.1796287796287796
BART_026,BART,38,0.6154242427955573,0.40090090090090086,0.13816708816708814
BART_027,BART,38,0.5974407320452012,0.2567567567567568,0.23547728547728547
BART_028,BART,38,0.6548786820449007,0.509009009009009,0.11698556698556697
BART_032,BART,38,0.6368547238618435,0.28987558987558987,0.1848271304927652
BART_033,BART,38,0.5836682475504824,0.2622265122265122,0.1322040836746719
BART_034,BART,38,0.4307612243695318,0.16885456885456887,0.15440966470378237
BART_036,BART,38,0.4960362893547486,0.16396396396396395,0.14414811914811912
BART_037,BART,38,0.5752449097402654,0.23738738738738743,0.12486244986244986
BART_039,BART,38,0.4348261024291093,0.26441441441441443,0.12111282111282111
BART_040,BART,38,0.6002075649249813,0.2944980694980695,0.15452004275533684
BART_041,BART,38,0.4713076601226743,0.2585585585585585,0.12289099789099789
BART_042,BART,38,0.5120118346970655,0.12314457314457317,0.2685229108603722
BART_044,BART,38,0.4770435604499248,0.20900900900900904,0.13871293871293872
BART_046,BART,38,0.5086188527117704,0.2367117117117117,0.16208840620605325
BART_047,BART,38,0.5688863657274771,0.26126126126126126,0.133913913325678
BART_050,BART,38,0.593627429508048,0.18288288288288287,0.18619195236842295
BART_051,BART,38,0.45850186545653787,0.20975975975975975,0.2140607347263694
BART_070,BART,38,0.5521386483912674,0.22567567567567567,0.1475758519876167
BART_071,BART,38,0.623381346891498,0.3367653367653367,0.20052933381106758
BART_072,BART,38,0.48256718022806044,0.15765765765765766,0.19210684210684204
BART_073,BART,38,0.4944581200980588,0.18745173745173746,0.1537501890443067
BART_074,BART,38,0.5048567795046911,0.23018018018018022,0.14195309195309197
BART_075,BART,38,0.4711039368218757,0.231981981981982,0.1339094839094839
BLAN_009,BLAN,9,0.8774509803921569,0.875,0.017857142857142863
BLAN_012,BLAN,9,0.8554134491634491,0.8333333333333333,0.03303571428571429
BLAN_015,BLAN,9,0.8324250470642617,0.75,0.0449404761904762
BLAN_035,BLAN,9,0.9553571428571428,0.875,0.041666666666666664
BLAN_036,BLAN,9,0.8741501384794068,0.6875,0.11666666666666665
BLAN_047,BLAN,9,0.8914738957804138,0.8541666666666666,0.03234126984126985
BLAN_050,BLAN,9,0.9553571428571428,0.875,0.041666666666666664
BLAN_057,BLAN,9,0.9907407407407407,0.9375,0.03125
BLAN_063,BLAN,9,0.9251549124280265,0.7083333333333333,0.1201388888888889
GRSM_002,GRSM,20,0.6055295959671748,0.5466791979949874,0.05197541536550825
GRSM_006,GRSM,20,0.5490548754942187,0.4273182957393484,0.08863725758788495
GRSM_012,GRSM,20,0.721543059740782,0.551065162907268,0.06339098637860247
GRSM_016,GRSM,20,0.966359196961476,0.9473684210526315,0.007518796992481203
GRSM_019,GRSM,20,0.6252795040351634,0.5447786131996658,0.048971145038654317
GRSM_025,GRSM,20,0.966359196961476,0.9473684210526315,0.007518796992481203
GRSM_047,GRSM,20,0.5897771760407412,0.5140768588137008,0.053746588258033454
GRSM_049,GRSM,20,0.5979374744663105,0.4887218045112782,0.06649431448051366
GRSM_050,GRSM,20,0.707361265937436,0.5175438596491228,0.10152743532244916
GRSM_051,GRSM,20,0.6326766486428793,0.53015873015873,0.10272459371158638
GRSM_052,GRSM,20,0.5346587706971874,0.4010860484544695,0.08829879516803447
GRSM_053,GRSM,20,0.8156256346828501,0.4385964912280702,0.26467202388255023
GRSM_054,GRSM,20,0.5833761186011168,0.6228070175438597,0.07596902174464502
GRSM_057,GRSM,20,0.625938611073655,0.5458020050125313,0.11329653879515378
GRSM_059,GRSM,20,0.5937570449327154,0.5401002506265664,0.05139062004387083
GRSM_060,GRSM,20,0.5660118373143103,0.49561403508771934,0.06392203066066518
GRSM_061,GRSM,20,0.5490953667362569,0.4787176274018379,0.0691677291834216
GRSM_062,GRSM,20,0.6367484091769702,0.5951336675020885,0.04328451770198552
GRSM_063,GRSM,20,0.6050902422144999,0.5964912280701754,0.08344604764272356
GRSM_064,GRSM,20,0.5452458542693747,0.5272556390977444,0.06173499702911466
HARV_001,HARV,35,0.634677288183674,0.22058823529411764,0.17513336336865748
HARV_002,HARV,35,0.6159752872109102,0.2985294117647058,0.11230664760076525
HARV_005,HARV,35,0.5805641401383047,0.2985294117647058,0.11230664760076525
HARV_006,HARV,35,0.6708691063126784,0.5666666666666668,0.06316477640007051
HARV_008,HARV,35,0.6769112926206224,0.22058823529411764,0.17513336336865748
HARV_011,HARV,35,0.7120281279045938,0.4818160597572363,0.12450807933643482
HARV_014,HARV,35,0.6666746251857696,0.3259803921568627,0.14544213955978663
HARV_015,HARV,35,0.8104375199894609,0.5416666666666666,0.10116239969181146
HARV_016,HARV,35,0.673568933489179,0.3187675070028011,0.11024178627984856
HARV_017,HARV,35,0.6275065182594148,0.2985294117647059,0.11230664760076522
HARV_020,HARV,35,0.8800142510628652,0.6534313725490196,0.056630950748597794
HARV_021,HARV,35,0.7024302353964009,0.2549019607843137,0.2527913263207381
HARV_022,HARV,35,0.7944985422094403,0.38627450980392153,0.10310963546257662
HARV_023,HARV,35,0.8536799544917146,0.36764705882352944,0.31273873185637896
HARV_025,HARV,35,0.7006571101066297,0.35843837535014,0.10823915127548345
HARV_027,HARV,35,0.7747829396844863,0.5700980392156862,0.07174443203854969
HARV_033,HARV,35,0.5704777614709566,0.2446778711484594,0.13665034024030562
HARV_034,HARV,35,0.7140114116556913,0.3931372549019608,0.08626381788146492
HARV_035,HARV,35,0.7405371012017583,0.4272759103641457,0.09468075657522024
HARV_036,HARV,35,0.6200990484366106,0.3934173669467787,0.09952224822467035
HARV_037,HARV,35,0.63134779250037,0.37549019607843137,0.10130474101062335
HARV_038,HARV,35,0.6238671230679342,0.3688375350140056,0.10649674239639637
HARV_039,HARV,35,0.674116769892585,0.5073529411764706,0.06495775466363701
HARV_040,HARV,35,0.6406003294538982,0.3848039215686274,0.09224819298348709
HARV_042,HARV,35,0.6588110319953275,0.3480392156862745,0.1449016669604905
HARV_043,HARV,35,0.580082369182187,0.24971988795518213,0.11384902102895182
HARV_044,HARV,35,0.684420730368757,0.36708683473389353,0.10726087157748056
HARV_045,HARV,35,0.5800453607049141,0.23431372549019605,0.1127294274353098
HARV_046,HARV,35,0.7872873584780627,0.5341036414565827,0.06730184943852764
HARV_047,HARV,35,0.6992758778135016,0.413515406162465,0.1528692250100008
HARV_048,HARV,35,0.6247508276498123,0.2746498599439776,0.13055689984755728
HARV_049,HARV,35,0.6624060849992514,0.3432773109243698,0.0914604618756868
HARV_050,HARV,35,0.5916460005817984,0.24814425770308124,0.13927739407843215
HARV_051,HARV,35,0.5877044150073124,0.21777544351073766,0.17333077139578687
HARV_052,HARV,35,0.6906437976950567,0.44887955182072825,0.06691885104514862
JERC_002,JERC,21,0.4417750948238752,0.15,0.13999999999999999
JERC_005,JERC,21,0.46027031181379013,0.15,0.13999999999999999
JERC_007,JERC,21,1.0,1.0,0.0
JERC_011,JERC,21,0.46027031181379013,0.15,0.13999999999999999
JERC_048,JERC,21,0.42131729533576323,0.15,0.13999999999999999
JERC_049,JERC,21,0.5911256854940076,0.2,0.26556818181818176
JERC_051,JERC,21,0.5770588291770019,0.25,0.24465909090909088
JERC_053,JERC,21,0.6285092576148912,0.15,0.13999999999999999
JERC_054,JERC,21,0.9782817071763766,0.8472222222222221,0.1127831059960216
JERC_055,JERC,21,0.6281708731136648,0.15,0.13999999999999999
JERC_056,JERC,21,0.9967741935483871,0.95,0.043333333333333335
JERC_057,JERC,21,0.942907632317725,0.23888888888888887,0.5710518225735619
JERC_058,JERC,21,0.5197485847485848,0.15,0.13999999999999999
JERC_059,JERC,21,0.42351613910053115,0.15,0.13999999999999999
JERC_060,JERC,21,0.5116953083932366,0.29166666666666663,0.32333333333333336
JERC_061,JERC,21,0.4736970032475126,0.25,0.24465909090909088
JERC_062,JERC,21,0.4979564211691831,0.2333333333333333,0.3474509803921569
JERC_063,JERC,21,0.46027031181379013,0.15,0.13999999999999999
JERC_064,JERC,21,0.42351613910053115,0.15,0.13999999999999999
JERC_065,JERC,21,0.42131729533576323,0.15,0.13999999999999999
JERC_066,JERC,21,0.5197485847485848,0.15,0.13999999999999999
MLBS_001,MLBS,31,0.6815094405434288,0.4283333333333334,0.09121378621378622
MLBS_002,MLBS,31,0.6509169292188093,0.31666666666666654,0.11095016095016093
MLBS_003,MLBS,31,0.6865307796405785,0.5416666666666666,0.07332278832278832
MLBS_005,MLBS,31,0.6067741629827953,0.3977777777777779,0.07103239897357543
MLBS_006,MLBS,31,0.7995736341060109,0.5083333333333333,0.12718762718762716
MLBS_007,MLBS,31,0.6798750469663051,0.325,0.1706140156140156
MLBS_008,MLBS,31,0.8833428855091,0.7433333333333335,0.04184186184186182
MLBS_009,MLBS,31,0.5842303647266658,0.35777777777777775,0.07886613386613386
MLBS_010,MLBS,31,0.6303990198352365,0.4166666666666668,0.06806536600654249
MLBS_011,MLBS,31,0.5531227357141323,0.37499999999999994,0.10457116957116956
MLBS_012,MLBS,31,0.5899435314040065,0.31666666666666654,0.11095016095016096
MLBS_013,MLBS,31,0.6267830871411569,0.4421428571428572,0.06784573269867389
MLBS_016,MLBS,31,0.6825157658538169,0.4194444444444445,0.06403744947862595
MLBS_017,MLBS,31,0.6721026902602727,0.5616666666666668,0.06785381285381285
MLBS_018,MLBS,31,0.703304739259702,0.5611904761904761,0.05149417575888166
MLBS_019,MLBS,31,0.8094462352885119,0.6916666666666667,0.08588633588633593
MLBS_061,MLBS,31,0.5304508041692497,0.2951984126984126,0.09043656778950895
MLBS_062,MLBS,31,0.641690243510678,0.41888888888888887,0.07571151071151073
MLBS_063,MLBS,31,0.5751944835162599,0.2802380952380951,0.15451107343522208
MLBS_064,MLBS,31,0.5578291843975034,0.2990873015873015,0.11290633887383113
MLBS_065,MLBS,31,0.4871063260968905,0.28822751322751317,0.11628675761802695
MLBS_066,MLBS,31,0.6680591732140148,0.46222222222222226,0.06962037962037962
MLBS_067,MLBS,31,0.586949868927053,0.31543650793650796,0.09223550958845077
MLBS_068,MLBS,31,0.5597457166071996,0.2766666666666666,0.09303287126816538
MLBS_069,MLBS,31,0.5569193771535423,0.26222222222222225,0.09282467532467534
MLBS_070,MLBS,31,0.57208257012811,0.28101851851851845,0.11814831510651944
MLBS_071,MLBS,31,0.6313706248784413,0.28670634920634913,0.11964709410529845
MLBS_072,MLBS,31,0.5864462613002759,0.24846560846560847,0.1576835061509984
MLBS_073,MLBS,31,0.5652020587858484,0.2727380952380952,0.09445264430558549
MLBS_075,MLBS,31,0.559686127344023,0.31666666666666654,0.08393439893439895
MLBS_076,MLBS,31,0.6232575742830178,0.3031746031746031,0.07767644120585297
ORNL_001,ORNL,21,0.6903523182959649,0.43068181818181817,0.13523213336371231
ORNL_004,ORNL,21,0.6583285819325508,0.24166666666666664,0.2445171495171495
ORNL_006,ORNL,21,0.6848315050556699,0.452579365079365,0.08268760813601976
ORNL_010,ORNL,21,0.5427131281660145,0.4125,0.0780992292021704
ORNL_019,ORNL,21,0.6715985369452412,0.35,0.2729155158566923
ORNL_032,ORNL,21,0.8681899098621605,0.5416666666666666,0.08181094232564821
ORNL_035,ORNL,21,0.8627297514397206,0.6416666666666667,0.05675465057817998
ORNL_036,ORNL,21,0.6499250055882595,0.4666666666666666,0.08547412554765496
ORNL_037,ORNL,21,0.562210777543637,0.41636904761904764,0.08263723033072878
ORNL_045,ORNL,21,0.5224692370410634,0.35922619047619053,0.09452974571008628
ORNL_049,ORNL,21,0.6024442760490382,0.39934523809523803,0.10923966685189597
ORNL_052,ORNL,21,0.5167939258043013,0.36666666666666664,0.10489226459814693
ORNL_053,ORNL,21,0.5985265338725911,0.4345238095238095,0.08045313819307627
ORNL_054,ORNL,21,0.6317057172804503,0.4749999999999999,0.08277131365366659
ORNL_056,ORNL,21,0.49645022570033664,0.3297619047619047,0.09242712353006473
ORNL_057,ORNL,21,0.550739203639079,0.4113095238095238,0.0817608861726509
ORNL_058,ORNL,21,0.6050493994931692,0.3148015873015873,0.13880830469839756
ORNL_061,ORNL,21,0.6363144617428766,0.3110984848484849,0.21601389211811206
ORNL_062,ORNL,21,0.648374297954412,0.5130952380952382,0.06582468185409363
ORNL_063,ORNL,21,0.6209706393212343,0.5133928571428571,0.07470233431634699
ORNL_068,ORNL,21,0.7098485404261676,0.5187499999999999,0.06801260057452005
OSBS_002,OSBS,34,0.4191211837806291,0.16666666666666666,0.08282828282828283
OSBS_003,OSBS,34,0.8278788692674786,0.44949494949494945,0.18961038961038962
OSBS_004,OSBS,34,0.4527474691131338,0.4090909090909091,0.08787878787878788
OSBS_005,OSBS,34,0.9887511478420569,0.9595959595959596,0.015151515151515152
OSBS_006,OSBS,34,0.5187188030257265,0.12121212121212122,0.30404040404040406
OSBS_007,OSBS,34,0.6412092873180161,0.15656565656565655,0.28340548340548344
OSBS_008,OSBS,34,0.4533496141034376,0.16666666666666666,0.08282828282828283
OSBS_010,OSBS,34,0.9892630233539325,0.9696969696969697,0.0014430014430014445
OSBS_013,OSBS,34,0.4336579563306425,0.16666666666666666,0.08282828282828283
OSBS_022,OSBS,34,0.9924242424242424,0.9696969696969697,0.015151515151515152
OSBS_023,OSBS,34,1.0,1.0,0.0
OSBS_025,OSBS,34,0.7793855525982146,0.16666666666666666,0.08282828282828283
OSBS_026,OSBS,34,0.40088058303618324,0.16666666666666666,0.08282828282828283
OSBS_027,OSBS,34,0.4143616437891152,0.1515151515151515,0.182972582972583
OSBS_028,OSBS,34,0.42223956659985434,0.16666666666666666,0.08282828282828283
OSBS_029,OSBS,34,0.5840312454378134,0.16666666666666666,0.08282828282828283
OSBS_030,OSBS,34,0.4175764893164488,0.16666666666666666,0.08282828282828283
OSBS_031,OSBS,34,0.47225349942227124,0.16666666666666666,0.08282828282828283
OSBS_032,OSBS,34,0.5314080712315152,0.16666666666666666,0.08282828282828283
OSBS_033,OSBS,34,0.43846116689391196,0.1515151515151515,0.182972582972583
OSBS_034,OSBS,34,0.46181822165942316,0.21717171717171715,0.17705627705627708
OSBS_035,OSBS,34,0.43370412324240215,0.12121212121212122,0.30404040404040406
OSBS_036,OSBS,34,0.3970945922715076,0.16666666666666666,0.08282828282828283
OSBS_037,OSBS,34,0.5516498353975012,0.12121212121212122,0.30404040404040406
OSBS_038,OSBS,34,0.5518285563657273,0.16666666666666666,0.08282828282828283
OSBS_039,OSBS,34,0.4110799982882869,0.16666666666666666,0.08282828282828283
OSBS_040,OSBS,34,0.5092900699128589,0.16666666666666666,0.08282828282828283
OSBS_041,OSBS,34,0.5187188030257265,0.12121212121212122,0.30404040404040406
OSBS_042,OSBS,34,0.5989448390615292,0.16666666666666666,0.08282828282828283
OSBS_043,OSBS,34,0.4515310381959593,0.16666666666666666,0.08282828282828283
OSBS_044,OSBS,34,0.4001536321366681,0.15151515151515152,0.182972582972583
OSBS_048,OSBS,34,0.4568315562518223,0.4444444444444444,0.1284271284271284
OSBS_063,OSBS,34,0.4533496141034376,0.16666666666666666,0.08282828282828283
OSBS_067,OSBS,34,0.4563248455763192,0.16666666666666666,0.08282828282828283
RMNP_001,RMNP,28,0.5958376297005569,0.3271604938271605,0.10702527924750148
RMNP_002,RMNP,28,0.7285073826991207,0.3271604938271605,0.10702527924750148
RMNP_003,RMNP,28,0.7607833279105762,0.2685185185185185,0.15817166372721927
RMNP_004,RMNP,28,0.6706187925454083,0.19567901234567897,0.275239164128053
RMNP_005,RMNP,28,0.76771963701836,0.2685185185185185,0.15817166372721927
RMNP_006,RMNP,28,0.7239407380205117,0.4876543209876542,0.08450911228689008
RMNP_007,RMNP,28,0.6730337364986592,0.19567901234567897,0.275239164128053
RMNP_008,RMNP,28,0.7175500869334532,0.41975308641975306,0.09041740152851263
RMNP_009,RMNP,28,0.7658198356918524,0.5308641975308641,0.07430922986478541
RMNP_011,RMNP,28,0.798986494630944,0.5370370370370371,0.1111111111111111
RMNP_012,RMNP,28,0.6954645562961213,0.4876543209876542,0.08450911228689008
RMNP_013,RMNP,28,0.8037848320846517,0.5370370370370371,0.1111111111111111
RMNP_014,RMNP,28,0.7897389242458077,0.4876543209876542,0.08450911228689008
RMNP_015,RMNP,28,0.8655789583465603,0.40123456790123446,0.10044091710758377
RMNP_016,RMNP,28,0.8458227625790976,0.6296296296296297,0.09312169312169312
RMNP_017,RMNP,28,0.7015364311535686,0.26851851851851843,0.15817166372721927
RMNP_018,RMNP,28,0.6397260382408377,0.4629629629629629,0.08671369782480894
RMNP_019,RMNP,28,0.8298571274428416,0.5925925925925926,0.1037037037037037
RMNP_020,RMNP,28,0.7248839827504594,0.10123456790123457,0.3223023889690556
RMNP_041,RMNP,28,0.6724418980692042,0.4074074074074074,0.15414462081128746
RMNP_042,RMNP,28,0.6305563393974227,0.4074074074074074,0.15414462081128746
RMNP_043,RMNP,28,0.6380117274911284,0.18518518518518517,0.42380952380952386
RMNP_044,RMNP,28,0.7214256809689032,0.42160493827160495,0.16966490299823636
RMNP_045,RMNP,28,0.7725944696189045,0.45061728395061734,0.09191651969429747
RMNP_046,RMNP,28,0.8210941459906911,0.4074074074074074,0.15414462081128746
RMNP_047,RMNP,28,0.6033122784619773,0.35802469135802467,0.10852439741328632
RMNP_048,RMNP,28,0.63008683082935,0.3333333333333333,0.15361552028218692
RMNP_049,RMNP,28,0.6178045549099574,0.35802469135802467,0.10852439741328632
SCBI_010,SCBI,16,0.9958333333333333,0.9666666666666667,0.011111111111111108
SCBI_015,SCBI,16,0.7930938208744595,0.5277777777777778,0.12896103896103897
SCBI_023,SCBI,16,0.823584430436173,0.6444444444444444,0.1271765271765272
SCBI_045,SCBI,16,0.7376869336426257,0.5242063492063492,0.06623376623376624
SCBI_047,SCBI,16,0.6189299981903715,0.39285714285714285,0.08880271775008618
SCBI_048,SCBI,16,0.7822453212115487,0.5333333333333333,0.12755411255411253
SCBI_049,SCBI,16,0.7055805184329744,0.30436507936507934,0.24569340016708435
SCBI_050,SCBI,16,0.6175762902255449,0.42857142857142855,0.09984848484848487
SCBI_051,SCBI,16,0.7208001558968657,0.4880952380952381,0.08284271284271286
SCBI_054,SCBI,16,0.6715221240835949,0.4103174603174603,0.086516232305706
SCBI_056,SCBI,16,0.6358908720913182,0.3706349206349206,0.11844155844155844
SCBI_058,SCBI,16,0.6324575563230714,0.4920634920634921,0.06457472352209197
SCBI_062,SCBI,16,0.6259121494049626,0.4023809523809524,0.08629645208592578
SCBI_063,SCBI,16,0.7133209955584155,0.3111111111111111,0.25614237614237617
SCBI_067,SCBI,16,0.644562606787685,0.41111111111111104,0.10087912087912088
SCBI_071,SCBI,16,0.8923947378143936,0.7388888888888888,0.06619769119769121
SERC_001,SERC,27,0.6903207669740288,0.3397435897435897,0.14483956214725444
SERC_003,SERC,27,0.7132777204967956,0.3737179487179487,0.14170765132303592
SERC_010,SERC,27,0.699595616908158,0.21794871794871795,0.2817868029406491
SERC_011,SERC,27,0.6409998046747721,0.19230769230769232,0.39034683265452497
SERC_016,SERC,27,0.6199275068048475,0.3858058608058608,0.1177930854967054
SERC_017,SERC,27,0.7272516383389814,0.42435897435897435,0.12575319979166133
SERC_019,SERC,27,0.7642503539705318,0.4358974358974359,0.1932955932955933
SERC_022,SERC,27,0.873227125122029,0.656043956043956,0.06672189047754659
SERC_043,SERC,27,0.6349323720442726,0.2608974358974359,0.1623722431414739
SERC_044,SERC,27,0.6584284751497672,0.3442307692307693,0.12394049515090241
SERC_045,SERC,27,0.8041318602364901,0.47582417582417585,0.0890724666564152
SERC_046,SERC,27,0.848183887907961,0.19230769230769232,0.39034683265452497
SERC_047,SERC,27,0.674561973368174,0.3690934065934066,0.1247268856014986
SERC_050,SERC,27,0.6340042207579657,0.2700091575091575,0.1704478782443774
SERC_051,SERC,27,0.8025560931947423,0.6496489621489621,0.0663600169643275
SERC_052,SERC,27,0.6006722840858181,0.3032051282051282,0.134716012996556
SERC_053,SERC,27,0.5625203443303719,0.2823260073260073,0.14289963628496613
SERC_054,SERC,27,0.5560770433618292,0.3013736263736264,0.12724527860274465
SERC_055,SERC,27,0.6823822097997225,0.5562271062271061,0.07367485488764366
SERC_056,SERC,27,0.621749435813922,0.41640720390720387,0.1447311833862203
SERC_057,SERC,27,0.8176899017467153,0.6032051282051282,0.044934075477061915
SERC_058,SERC,27,0.742056827559571,0.34294871794871795,0.18440427094273246
SERC_059,SERC,27,0.7103026008582828,0.5043040293040293,0.10859137719997448
SERC_060,SERC,27,0.6733499508095044,0.5418040293040293,0.07468534680370832
SERC_061,SERC,27,0.6609093199802506,0.4417429792429792,0.1481158705944369
SERC_067,SERC,27,0.7682532203432475,0.6086996336996338,0.04116423420722064
SERC_073,SERC,27,0.6790557933875362,0.29270451770451766,0.22119932837663248
SOAP_001,SOAP,32,0.6231117414435278,0.24731182795698922,0.12480798771121351
SOAP_002,SOAP,32,0.66685467123761,0.27419354838709675,0.18847926267281104
SOAP_007,SOAP,32,0.7625445256248985,0.25806451612903225,0.19493087557603683
SOAP_008,SOAP,32,0.6332428939889772,0.25268817204301075,0.10852534562211982
SOAP_009,SOAP,32,0.8518933376230554,0.4838709677419355,0.278494623655914
SOAP_010,SOAP,32,0.8556901090379394,0.5806451612903226,0.12350230414746541
SOAP_011,SOAP,32,0.7248156651125718,0.6612903225806452,0.0533794162826421
SOAP_012,SOAP,32,0.7274728093730558,0.12903225806451613,0.4516129032258064
SOAP_013,SOAP,32,0.6988859896659868,0.25806451612903225,0.19493087557603686
SOAP_015,SOAP,32,0.6129859175299174,0.24731182795698922,0.12480798771121351
SOAP_020,SOAP,32,0.6888551742064029,0.456989247311828,0.08095238095238097
SOAP_021,SOAP,32,0.617772597080968,0.24731182795698922,0.12480798771121351
SOAP_031,SOAP,32,0.6499921626123233,0.13440860215053765,0.16876600102406553
SOAP_043,SOAP,32,0.6417546965256851,0.07365591397849462,0.24398361495135687
SOAP_044,SOAP,32,0.629136991037623,0.07365591397849462,0.24398361495135687
SOAP_045,SOAP,32,0.6695484061129735,0.07365591397849462,0.24398361495135687
SOAP_046,SOAP,32,0.6186550784923179,0.13602150537634408,0.23323092677931387
SOAP_047,SOAP,32,0.6527433764535883,0.3548387096774193,0.09646697388632873
SOAP_048,SOAP,32,0.7405243720152729,0.25268817204301075,0.10852534562211982
SOAP_049,SOAP,32,0.5916953151762705,0.13440860215053765,0.16876600102406553
SOAP_050,SOAP,32,0.8577653910271954,0.34946236559139787,0.11274961597542245
SOAP_051,SOAP,32,0.8071865324652001,0.43548387096774194,0.16159754224270348
SOAP_052,SOAP,32,0.6174177165624646,0.30107526881720426,0.12739375320020482
SOAP_053,SOAP,32,0.732410646473422,0.3548387096774194,0.09646697388632873
SOAP_054,SOAP,32,0.6776219768471562,0.2526881720430107,0.10852534562211982
SOAP_055,SOAP,32,0.6916010600363095,0.07365591397849462,0.24398361495135687
SOAP_056,SOAP,32,0.6910764275054134,0.2526881720430107,0.10852534562211982
SOAP_057,SOAP,32,0.6651500308088487,0.13440860215053763,0.16876600102406555
SOAP_058,SOAP,32,0.8289786892836514,0.5161290322580645,0.12319508448540706
SOAP_059,SOAP,32,0.7299417834298106,0.23387096774193544,0.13622631848438296
SOAP_060,SOAP,32,0.8449058916942256,0.6881720430107526,0.05937019969278035
SOAP_061,SOAP,32,0.6669303963385603,0.25806451612903225,0.19493087557603686
STEI_001,STEI,33,0.722012121638833,0.625,0.07529085497835498
STEI_002,STEI,33,0.7443842557289968,0.640625,0.10877976190476189
STEI_003,STEI,33,0.6497740353181052,0.4354166666666667,0.12025197025197026
STEI_004,STEI,33,0.7501450780869832,0.6979166666666666,0.0591765873015873
STEI_005,STEI,33,0.7249064740884982,0.34799107142857144,0.2430470571095571
STEI_007,STEI,33,0.7206397677117747,0.6973958333333333,0.05573991980241981
STEI_008,STEI,33,0.8551920355125868,0.5531250000000001,0.1468788156288156
STEI_009,STEI,33,0.7171409669479879,0.6197916666666667,0.10822614885114884
STEI_010,STEI,33,0.7165014750315659,0.6458333333333333,0.07454906204906206
STEI_011,STEI,33,0.7292168859186412,0.609375,0.11860119047619047
STEI_012,STEI,33,0.7652281266374733,0.7005208333333333,0.05170680014430015
STEI_013,STEI,33,0.7201517707134952,0.640625,0.1087797619047619
STEI_014,STEI,33,0.6661496074583897,0.46458333333333335,0.10442248723498723
STEI_015,STEI,33,0.7461205121856984,0.609375,0.11860119047619046
STEI_017,STEI,33,0.7591106125398751,0.625,0.075290854978355
STEI_019,STEI,33,0.6839344017613981,0.6088541666666667,0.0744345931845932
STEI_021,STEI,33,0.9868329868329868,0.9375,0.04513888888888889
STEI_046,STEI,33,0.7400217003928067,0.5223958333333334,0.07987273143523144
STEI_047,STEI,33,0.7333701187801106,0.5703125,0.06712436868686869
STEI_048,STEI,33,0.7237480000138781,0.6328125,0.05422979797979798
STEI_049,STEI,33,0.7205138843783774,0.684375,0.05575570263070263
STEI_050,STEI,33,0.6730841609722054,0.53125,0.06942866161616161
STEI_051,STEI,33,0.85511925982647,0.5656249999999999,0.07479066072816073
STEI_052,STEI,33,0.743830019667467,0.6155505952380953,0.09318754162504161
STEI_053,STEI,33,0.6912053271193468,0.56875,0.08669767732267733
STEI_054,STEI,33,0.6889338573693289,0.5909970238095238,0.0977381993006993
STEI_055,STEI,33,0.6802681858197706,0.5703125,0.06712436868686869
STEI_056,STEI,33,0.6913067114226887,0.6484375,0.049021464646464646
STEI_057,STEI,33,0.716606613443065,0.5,0.21135912698412698
STEI_058,STEI,33,0.7031564920326943,0.6015625,0.061598124098124096
STEI_059,STEI,33,0.6766285773104299,0.53125,0.06942866161616162
STEI_060,STEI,33,0.7365223024991019,0.53125,0.08156340187590187
STEI_062,STEI,33,0.8749419431603073,0.65625,0.1384176587301587
TALL_001,TALL,28,0.8284680239728422,0.5369488536155204,0.141217655686853
TALL_002,TALL,28,0.7491943017730907,0.506460103682326,0.1639019071870809
TALL_003,TALL,28,0.8072152199291741,0.48148148148148145,0.22439608926537033
TALL_004,TALL,28,0.719799390397759,0.24074074074074073,0.33957051179273395
TALL_007,TALL,28,0.6823373488363589,0.2727660199882422,0.27769228379150457
TALL_008,TALL,28,0.8914750369229149,0.7098765432098765,0.10570781191696223
TALL_009,TALL,28,0.7877316480506779,0.3425925925925926,0.2289793962996577
TALL_011,TALL,28,0.8422494813149035,0.5425925925925925,0.12895535263956315
TALL_013,TALL,28,0.7654647985355102,0.46296296296296297,0.23187933465711244
TALL_015,TALL,28,0.8158389198019377,0.49276895943562615,0.1320890257164767
TALL_017,TALL,28,0.8155871358752921,0.7091710758377425,0.06893464801961534
TALL_018,TALL,28,0.708723973783802,0.46296296296296297,0.23187933465711244
TALL_020,TALL,28,0.833164752275331,0.2962962962962963,0.41489765378654275
TALL_042,TALL,28,0.6451721464279062,0.3657554379776602,0.2613534654070243
TALL_043,TALL,28,0.70372579735986,0.36922398589065253,0.21600731028835604
TALL_044,TALL,28,0.678642994021084,0.3498236331569665,0.23183075476677123
TALL_045,TALL,28,0.6879241911530384,0.3771604938271605,0.21317106271526637
TALL_046,TALL,28,0.7042173221014698,0.32472609694831917,0.2889266823202152
TALL_047,TALL,28,0.7604652527034292,0.47888007054673715,0.13855802811771162
TALL_048,TALL,28,0.6587002403564616,0.3148148148148148,0.25797927562633444
TALL_050,TALL,28,0.735189063724071,0.2962962962962963,0.41489765378654275
TALL_052,TALL,28,0.6718392813043069,0.41358024691358025,0.20274945340304815
TALL_054,TALL,28,0.6981671781624611,0.3395061728395061,0.22991207533691196
TALL_055,TALL,28,0.843110026787608,0.5124632569077013,0.19628927358844647
TALL_056,TALL,28,0.7113994641458744,0.5740740740740741,0.17970229359118248
TALL_058,TALL,28,0.7824018114799125,0.2996336996336996,0.34810165175687174
TALL_060,TALL,28,0.7641436372853527,0.25625680903458686,0.36733450231927167
TALL_061,TALL,28,0.6888193688676011,0.24074074074074073,0.33957051179273395
TEAK_002,TEAK,30,0.6956702944526268,0.32758620689655166,0.15093048713738366
TEAK_003,TEAK,30,0.7874950819653601,0.31034482758620696,0.15541125541125536
TEAK_005,TEAK,30,0.8330881765152217,0.20689655172413793,0.4066228790366721
TEAK_010,TEAK,30,0.8071173109776318,0.20689655172413793,0.4066228790366721
TEAK_012,TEAK,30,0.8479195186368819,0.6264367816091955,0.07103796586555208
TEAK_013,TEAK,30,0.7292404383537928,0.32183908045977005,0.153639846743295
TEAK_015,TEAK,30,0.7279838257121052,0.29310344827586204,0.22315270935960588
TEAK_016,TEAK,30,0.8071173109776321,0.20689655172413793,0.4066228790366721
TEAK_017,TEAK,30,0.7082410544806232,0.264367816091954,0.15847638951087223
TEAK_019,TEAK,30,0.9040598839858931,0.6781609195402298,0.04655172413793104
TEAK_020,TEAK,30,0.8321010777185537,0.29310344827586204,0.2231527093596059
TEAK_043,TEAK,30,0.7677263069235553,0.4195402298850575,0.1012514305617754
TEAK_044,TEAK,30,0.7200846800409898,0.15804597701149425,0.18040503557744939
TEAK_045,TEAK,30,0.6409443456267703,0.22873563218390802,0.2674055829228243
TEAK_046,TEAK,30,0.5838660170404834,0.059770114942528735,0.2562234700165734
TEAK_047,TEAK,30,0.622727244822826,0.059770114942528735,0.2562234700165734
TEAK_048,TEAK,30,0.703669704893404,0.2068965517241379,0.1673508483853311
TEAK_049,TEAK,30,0.6912426270792252,0.2068965517241379,0.1673508483853311
TEAK_050,TEAK,30,0.6858563607613282,0.22413793103448276,0.16479822859133209
TEAK_051,TEAK,30,0.641453395001291,0.15804597701149425,0.18040503557744939
TEAK_052,TEAK,30,0.7014698619447031,0.03563218390804597,0.4375819582716135
TEAK_053,TEAK,30,0.7899715535964884,0.41379310344827586,0.17364532019704432
TEAK_054,TEAK,30,0.7101275498059201,0.2011494252873563,0.22485885761747829
TEAK_055,TEAK,30,0.7815759784514197,0.46551724137931033,0.17536945812807875
TEAK_056,TEAK,30,0.7191629650560659,0.27586206896551724,0.21732348111658456
TEAK_057,TEAK,30,0.6557029154610892,0.22413793103448276,0.16479822859133209
TEAK_059,TEAK,30,0.6468280939568376,0.22413793103448276,0.16479822859133209
TEAK_060,TEAK,30,0.6123859652326115,0.1839080459770115,0.17561576354679803
TEAK_061,TEAK,30,0.7196701543459353,0.41379310344827586,0.17364532019704432
TEAK_062,TEAK,30,0.658549920887171,0.1839080459770115,0.17561576354679803
TREE_001,TREE,36,0.8680185270698005,0.6476190476190476,0.08033601319315606
TREE_002,TREE,36,0.8439273702600187,0.4714285714285714,0.10172002600574029
TREE_003,TREE,36,0.7550104453000833,0.5,0.16507524221809936
TREE_004,TREE,36,0.8853179389838731,0.7047619047619048,0.06598433312719028
TREE_007,TREE,36,0.974741613817244,0.8571428571428571,0.07428571428571429
TREE_008,TREE,36,0.879582751153665,0.6428571428571429,0.1280251494537209
TREE_009,TREE,36,0.9387037620155692,0.8714285714285714,0.038095238095238085
TREE_010,TREE,36,0.9666402392298794,0.5857142857142857,0.14215213358070503
TREE_012,TREE,36,0.8895267529597013,0.4809523809523809,0.10317333460190604
TREE_014,TREE,36,0.7482417036662307,0.4333333333333333,0.1221273964131107
TREE_015,TREE,36,0.7308555441225544,0.47952380952380946,0.1506634635206064
TREE_016,TREE,36,0.7663412258503135,0.3,0.2427169655741084
TREE_017,TREE,36,0.7949885558360619,0.5,0.16507524221809938
TREE_019,TREE,36,0.7969708520161297,0.4333333333333333,0.12212739641311073
TREE_025,TREE,36,0.753679641046497,0.49945578231292515,0.16126452912167202
TREE_039,TREE,36,0.7549399317168963,0.48523809523809525,0.10972186543615113
TREE_040,TREE,36,0.8016804726418695,0.4980952380952381,0.13952349238063522
TREE_041,TREE,36,0.7449122432674127,0.6095238095238095,0.09078952793238508
TREE_042,TREE,36,0.7313876267609178,0.4480952380952381,0.1281834038976896
TREE_043,TREE,36,0.9494915527127544,0.619047619047619,0.08430426716141004
TREE_044,TREE,36,0.9438245228545339,0.6904761904761905,0.06457843743558032
TREE_045,TREE,36,0.753033994839144,0.4928571428571429,0.09805147233718663
TREE_046,TREE,36,0.7502783817150078,0.45619047619047615,0.15543694400837255
TREE_048,TREE,36,0.9429893233649933,0.8714285714285714,0.038095238095238085
TREE_049,TREE,36,0.7688197382473668,0.5,0.16507524221809938
TREE_050,TREE,36,0.7978889908969833,0.5666666666666667,0.09224077509791798
TREE_051,TREE,36,0.7491187575568143,0.41098639455782315,0.2233891458681375
TREE_052,TREE,36,0.79847630421683,0.4907482993197279,0.15643110857396578
TREE_053,TREE,36,0.773503810886492,0.5904761904761905,0.09505050505050505
TREE_054,TREE,36,0.7804714593172231,0.44476190476190475,0.1307210250067393
TREE_055,TREE,36,0.7586141455489116,0.6166666666666666,0.08671629957344244
TREE_056,TREE,36,0.6969489146942763,0.37377551020408156,0.2596010292228779
TREE_057,TREE,36,0.7820867561387784,0.5023809523809525,0.1072976230119087
TREE_060,TREE,36,0.8378693266416327,0.5071428571428571,0.10385360671074957
TREE_062,TREE,36,0.8630914576376489,0.6809523809523809,0.0559836988408417
TREE_063,TREE,36,0.8399674437529536,0.6714285714285714,0.057869273583559304
UNDE_001,UNDE,30,0.6602483255081207,0.34022988505747126,0.138863818174163
UNDE_002,UNDE,30,0.9425811846606948,0.8275862068965517,0.08929442205304275
UNDE_006,UNDE,30,0.6947972124133514,0.28218390804597704,0.14741503707020945
UNDE_007,UNDE,30,0.7447843345640345,0.36781609195402304,0.22358407875649255
UNDE_008,UNDE,30,0.6770063113849261,0.22701149425287356,0.1991213767075836
UNDE_010,UNDE,30,0.686561686799336,0.43637110016420366,0.08204313153603214
UNDE_011,UNDE,30,0.7715939752730927,0.5407224958949097,0.06353153832869857
UNDE_012,UNDE,30,0.696696737358275,0.31896551724137934,0.1776097465752638
UNDE_013,UNDE,30,0.7628674096713566,0.5517241379310345,0.20683684131959995
UNDE_015,UNDE,30,0.8688328286136913,0.6316091954022989,0.06801971974385766
UNDE_037,UNDE,30,0.7389792539208445,0.39080459770114945,0.11602181343560655
UNDE_038,UNDE,30,0.6632042876546924,0.3035714285714286,0.1765115209334276
UNDE_043,UNDE,30,0.6939575763407135,0.36453201970443355,0.1494927824035329
UNDE_044,UNDE,30,0.633721464501382,0.278735632183908,0.13989343989343989
UNDE_045,UNDE,30,0.7303027348011157,0.3132183908045977,0.12722660481281173
UNDE_047,UNDE,30,0.7579863736915473,0.20689655172413793,0.5296088968502762
UNDE_048,UNDE,30,0.6810637627947344,0.31547619047619047,0.15801688169842326
UNDE_049,UNDE,30,0.7690628891309067,0.4283251231527093,0.12533470586208922
UNDE_050,UNDE,30,0.7379337179128691,0.3254105090311987,0.19566362933769788
UNDE_052,UNDE,30,0.7095921994377751,0.29958949096880133,0.13192763400674154
UNDE_054,UNDE,30,0.7810046842849581,0.5862068965517241,0.18628651042444141
UNDE_055,UNDE,30,0.6306728333923395,0.2942528735632184,0.12991950578157474
UNDE_056,UNDE,30,0.6570550792008117,0.3169129720853859,0.12904316215675243
UNDE_057,UNDE,30,0.8154097508716669,0.6810344827586207,0.0863150259701984
UNDE_058,UNDE,30,0.7036130647616369,0.514367816091954,0.13191291467153538
UNDE_059,UNDE,30,0.7637902797714886,0.377504105090312,0.2008560876154556
UNDE_060,UNDE,30,0.7470222363735829,0.47029282977558834,0.13317656004482098
UNDE_061,UNDE,30,0.6661366675058683,0.24137931034482757,0.2659137797068832
UNDE_065,UNDE,30,0.634864189613525,0.29958949096880133,0.13192763400674154
UNDE_078,UNDE,30,0.6763254906299537,0.34704433497536946,0.12904868401825803
WREF_001,WREF,32,0.6161910761285345,0.05376344086021505,0.18202764976958527
WREF_002,WREF,32,0.597437620745224,0.04838709677419355,0.28294930875576035
WREF_003,WREF,32,0.4498205224765737,0.1639784946236559,0.164900153609831
WREF_004,WREF,32,0.6861962889342483,0.10752688172043011,0.1717101894521249
WREF_005,WREF,32,0.5892959718426636,0.06720430107526881,0.17721454173067078
WREF_007,WREF,32,0.730400890046238,0.2903225806451613,0.12598566308243728
WREF_009,WREF,32,0.7765738314255707,0.0967741935483871,0.49001536098310294
WREF_010,WREF,32,0.6832771422988219,0.0967741935483871,0.49001536098310294
WREF_011,WREF,32,0.4681002639098109,0.2956989247311828,0.1391193036354327
WREF_013,WREF,32,0.49050440354144714,0.05376344086021505,0.18202764976958527
WREF_014,WREF,32,0.7537037082782178,0.16075268817204302,0.19978587720523208
WREF_017,WREF,32,0.529971182829373,0.05376344086021505,0.18202764976958527
WREF_018,WREF,32,0.6512009241935681,0.1774193548387097,0.26036866359447003
WREF_070,WREF,32,0.44575084120446556,0.06720430107526883,0.2114020388213937
WREF_071,WREF,32,0.49562986483870214,0.16666666666666666,0.16638504864311318
WREF_072,WREF,32,0.6922578990936699,0.4032258064516129,0.0931131592421915
WREF_073,WREF,32,0.5586767141486192,0.1021505376344086,0.2668388958711539
WREF_074,WREF,32,0.46725274956667423,0.06720430107526883,0.2114020388213937
WREF_075,WREF,32,0.5087980481720922,0.11559139784946239,0.20843690359819395
WREF_076,WREF,32,0.5728890628096133,0.05591397849462366,0.2718242331145557
WREF_077,WREF,32,0.5121706244637468,0.08118279569892473,0.26962481962481966
WREF_078,WREF,32,0.44781774634282484,0.0946236559139785,0.21050598147372343
WREF_079,WREF,32,0.5495287081377808,0.139247311827957,0.25652609039705815
WREF_080,WREF,32,0.6444680802688272,0.17204301075268816,0.16328725038402456
WREF_081,WREF,32,0.4960092888844818,0.06720430107526881,0.17721454173067078
WREF_082,WREF,32,0.5143843714118398,0.04838709677419355,0.28294930875576035
WREF_083,WREF,32,0.5065248009321629,0.05376344086021505,0.1820276497695853
WREF_084,WREF,32,0.5187256377602274,0.04838709677419355,0.28294930875576035
WREF_085,WREF,32,0.46772673948245314,0.04838709677419355,0.28294930875576035
WREF_087,WREF,32,0.5441388818447447,0.05376344086021505,0.1820276497695853
WREF_088,WREF,32,0.48280357085750664,0.16666666666666666,0.1663850486431132
WREF_089,WREF,32,0.5366160451201714,0.06720430107526881,0.21140203882139366
