plotID,insitu_mortdmg_max,insitu_peak_year,insitu_spike,insitu_burn,insitu_insect,insitu_dead_max,insitu_dist
ABBY_001,0.24528301886792453,2024,0.12028301886792453,0.0,0.0,0.1320754716981132,0
ABBY_002,0.7166666666666667,2019,0.5738095238095238,0.0,0.0,0.046875,1
ABBY_003,0.2727272727272727,2019,0.14229249011857706,0.0,0.0,0.11570247933884298,0
ABBY_004,0.14285714285714285,2017,0.1279317697228145,0.0,0.0,0.07142857142857142,0
ABBY_005,0.33663366336633666,2019,0.21418468377449992,0.0,0.0,0.22772277227722773,0
ABBY_006,0.2159090909090909,2019,0.05681818181818182,0.0,0.0,0.1590909090909091,0
ABBY_007,0.8095238095238095,2017,0.7772657450076805,0.0,0.0,0.42857142857142855,1
ABBY_008,0.08661417322834646,2017,0.015185601799775031,0.0,0.0,0.07874015748031496,0
ABBY_009,0.048611111111111105,2024,0.048611111111111105,0.0,0.0,0.020833333333333332,0
ABBY_010,0.25,2024,0.04999999999999999,0.0,0.0,0.2,0
ABBY_011,0.6285714285714286,2017,0.5968253968253968,0.0,0.0,0.1358695652173913,1
ABBY_012,0.26666666666666666,2017,0.25296803652968036,0.0,0.0,0.1,1
ABBY_013,0.27586206896551724,2019,0.25768025078369905,0.0,0.0,0.12359550561797752,1
ABBY_014,0.208955223880597,2024,0.027137042062415184,0.0,0.029850746268656716,0.16363636363636364,0
ABBY_016,0.2903225806451613,2024,0.20598523124757095,0.0,0.0,0.2,0
ABBY_017,0.4594594594594595,2019,0.4367321867321868,0.0,0.0,0.171875,1
ABBY_018,0.25,2017,0.023584905660377353,0.0,0.0,0.11320754716981132,0
ABBY_019,0.16071428571428573,2019,0.14071428571428574,0.0,0.0,0.02,0
ABBY_023,0.3006134969325153,2019,0.20789826514443585,0.0,0.06748466257668712,0.17791411042944785,0
ABBY_025,0.2967032967032967,2024,0.13123567080401613,0.0,0.0,0.15384615384615385,0
ABBY_061,0.416058394160584,2018,0.3874869655891554,0.0,0.05223880597014925,0.0684931506849315,1
ABBY_062,0.21568627450980393,2024,0.21568627450980393,0.0,0.013071895424836602,0.15527950310559005,0
ABBY_063,0.3671875,2017,0.32653709349593496,0.0,0.015503875968992248,0.07575757575757576,1
ABBY_064,0.14832535885167464,2019,0.12332535885167464,0.0,0.0,0.08108108108108109,0
ABBY_065,0.2,2015,0.18795180722891566,0.0,0.0,0.2,0
ABBY_066,0.1095890410958904,2015,0.0,0.0,0.0,0.1095890410958904,0
ABBY_067,0.1891891891891892,2017,0.1891891891891892,0.0,0.0,0.025974025974025976,0
ABBY_068,0.10416666666666667,2017,0.07852564102564102,0.0,0.0,0.05825242718446602,0
ABBY_069,0.24242424242424243,2018,0.22968538892105772,0.0,0.008333333333333333,0.0425531914893617,0
ABBY_070,0.3252032520325203,2018,0.3252032520325203,0.0,0.027777777777777776,0.07017543859649122,1
ABBY_073,0.3090909090909091,2017,0.19258605472197704,0.012987012987012988,0.0,0.11702127659574468,1
ABBY_074,0.20454545454545456,2018,0.18304007820136853,0.0,0.0,0.022727272727272728,0
ABBY_075,0.33333333333333337,2018,0.27083333333333337,0.0,0.0,0.0625,1
ABBY_076,0.13636363636363635,2017,0.10265577119509703,0.0,0.0,0.03389830508474576,0
ABBY_077,0.1320754716981132,2024,0.0,0.0,0.0,0.03773584905660377,0
BART_001,0.32857142857142857,2021,0.09884169884169883,0.0,0.0,0.17142857142857143,0
BART_002,0.7409638554216867,2016,0.030437539632213073,0.0,0.07894736842105263,0.0963855421686747,1
BART_003,0.5348837209302326,2016,0.16821705426356592,0.0,0.05,0.32558139534883723,1
BART_004,0.5686274509803921,2021,0.0219607843137255,0.0,0.0,0.09803921568627451,1
BART_005,0.28712871287128716,2021,0.11281678626578256,0.0,0.0,0.11009174311926606,0
BART_006,0.89,2016,0.02829787234042558,0.0,0.0,0.11,1
BART_007,0.21666666666666665,2016,0.03245614035087718,0.0,0.0,0.05263157894736842,0
BART_010,0.6193548387096774,2016,0.024313516395627843,0.0,0.008264462809917356,0.23870967741935484,1
BART_011,0.3026315789473684,2021,0.05571799870045485,0.0,0.0,0.05263157894736842,0
BART_012,0.9285714285714286,2016,0.0043290043290042934,0.0,0.0,0.09090909090909091,1
BART_013,0.6344086021505376,2021,0.09274193548387089,0.0,0.0,0.125,1
BART_015,0.5681818181818181,2016,0.005681818181818121,0.0,0.0,0.11363636363636363,1
BART_016,0.48333333333333334,2021,0.06358024691358027,0.0,0.0,0.16049382716049382,1
BART_018,0.2857142857142857,2021,0.013975155279503104,0.0,0.0,0.14285714285714285,0
BART_019,0.4305555555555555,2021,0.0,0.0,0.0,0.1111111111111111,1
BART_023,0.3366336633663366,2016,0.020177967163804933,0.0,0.0,0.09900990099009901,0
BART_024,0.2982456140350877,2021,0.06095747844186736,0.0,0.0,0.13559322033898305,0
BART_025,0.4605263157894737,2021,0.11437246963562753,0.0,0.0,0.19736842105263158,1
BART_026,0.24210526315789474,2021,0.017615467239527394,0.0,0.0,0.030612244897959183,0
BART_027,0.23529411764705882,2021,0.06288032454361053,0.0,0.0,0.08620689655172414,0
BART_028,0.4067796610169492,2016,0.0,0.0,0.0,0.2033898305084746,1
BART_032,0.825,2019,0.5146551724137931,0.0,0.0,0.16129032258064516,1
BART_033,0.8659793814432989,2024,0.1030927835051546,0.0,0.0,0.09782608695652174,1
BART_034,0.6462585034013606,2019,0.37432867883995713,0.0,0.0,0.0759493670886076,1
BART_036,0.8251748251748252,2020,0.4119516846789575,0.0,0.007575757575757576,0.10606060606060606,1
BART_037,0.8263473053892216,2018,0.06858333023394214,0.0,0.006289308176100629,0.07547169811320754,1
BART_039,0.5843373493975903,2024,0.2537588370008961,0.0,0.006369426751592357,0.10240963855421686,1
BART_040,0.574712643678161,2025,0.3115547489413189,0.0,0.05063291139240506,0.11688311688311688,1
BART_041,0.75,2017,0.36682242990654207,0.0,0.03488372093023256,0.1323529411764706,1
BART_042,0.5775862068965517,2021,0.46849529780564264,0.0,0.023809523809523808,0.15702479338842976,1
BART_044,0.6129032258064516,2017,0.10544053923928742,0.0,0.006756756756756757,0.14193548387096774,1
BART_046,0.7880184331797235,2018,0.5940790392403296,0.0,0.0,0.07657657657657657,1
BART_047,0.7488584474885844,2019,0.3291693283176,0.0,0.0182648401826484,0.09174311926605505,1
BART_050,0.3179190751445087,2018,0.2562752395280703,0.0,0.0058823529411764705,0.10982658959537572,1
BART_051,0.3307086614173228,2016,0.09922717993584135,0.0,0.006756756756756757,0.07086614173228346,0
BART_070,0.4502923976608187,2019,0.09081527347781215,0.0,0.005847953216374269,0.11764705882352941,1
BART_071,0.7798742138364779,2025,0.5756488617238018,0.0,0.006289308176100629,0.08450704225352113,1
BART_072,0.5909090909090908,2018,0.12102957283680166,0.0,0.0,0.07608695652173914,1
BART_073,0.7166666666666666,2025,0.38974358974358964,0.0,0.008695652173913044,0.11764705882352941,1
BART_074,0.775,2016,0.31021126760563383,0.0,0.0,0.07317073170731707,1
BART_075,0.5091743119266054,2019,0.25917431192660545,0.0,0.009174311926605505,0.12162162162162163,1
BLAN_001,0.15942028985507248,2019,0.08047292143401985,0.0,0.0,0.07894736842105263,0
BLAN_005,0.2413793103448276,2019,0.07887931034482759,0.0,0.017241379310344827,0.12280701754385964,0
BLAN_007,0.26666666666666666,2024,0.1393939393939394,0.0,0.0547945205479452,0.06666666666666667,0
BLAN_009,0.12307692307692308,2019,0.049002849002849014,0.0,0.0,0.12,0
BLAN_011,0.14285714285714285,2019,0.042857142857142844,0.0,0.012987012987012988,0.047619047619047616,0
BLAN_012,0.05970149253731343,2015,0.01714830104795173,0.0,0.0,0.047619047619047616,0
BLAN_013,0.3125,2024,0.25916666666666666,0.0,0.0,0.0625,1
BLAN_015,0.1206896551724138,2019,0.045217957059206254,0.0,0.0,0.10526315789473684,0
BLAN_017,0.2571428571428571,2023,0.1781954887218045,0.0,0.06666666666666667,0.047619047619047616,0
BLAN_018,0.32432432432432434,2019,0.24740124740124741,0.0,0.0,0.1891891891891892,0
BLAN_032,0.2358974358974359,2021,0.2358974358974359,0.0,0.022727272727272728,0.10483870967741936,0
BLAN_035,0.48684210526315785,2024,0.20112781954887216,0.0,0.013888888888888888,0.47368421052631576,1
BLAN_036,0.39344262295081966,2025,0.3008500303582271,0.0,0.0,0.3442622950819672,1
BLAN_041,0.0,2015,0.0,0.0,0.0,0.0,0
BLAN_044,0.43103448275862066,2025,0.43103448275862066,0.0,0.017241379310344827,0.41379310344827586,1
BLAN_047,0.3571428571428571,2020,0.3145896656534954,0.0,0.02127659574468085,0.2831858407079646,1
BLAN_048,0.44680851063829785,2018,0.25236406619385343,0.0,0.0,0.30357142857142855,1
BLAN_050,0.3924050632911392,2018,0.21740506329113923,0.0,0.0,0.325,0
BLAN_052,0.39199999999999996,2017,0.2468387096774193,0.0,0.0,0.352,0
BLAN_053,0.2911392405063291,2021,0.26037000973709834,0.0,0.0,0.12658227848101267,1
BLAN_055,0.03289473684210526,2021,0.03289473684210526,0.0,0.0,0.02631578947368421,0
BLAN_057,0.3722627737226277,2021,0.33059610705596104,0.0,0.0,0.36496350364963503,1
BLAN_063,0.3366336633663366,2018,0.20619888075764095,0.0,0.0,0.21904761904761905,0
GRSM_001,0.2807017543859649,2016,0.1800306134463676,0.0,0.19298245614035087,0.08771929824561403,0
GRSM_002,0.19642857142857142,2021,0.07142857142857142,0.0,0.026785714285714284,0.11363636363636363,0
GRSM_003,0.38461538461538464,2021,0.19413919413919417,0.0,0.038461538461538464,0.19230769230769232,0
GRSM_004,0.6952380952380952,2016,0.04630192502532926,0.0,0.4380952380952381,0.22857142857142856,1
GRSM_005,0.2641509433962264,2021,0.07116848725587555,0.0,0.0,0.19298245614035087,0
GRSM_006,0.2867132867132867,2021,0.0009990009990010207,0.0,0.17346938775510204,0.08163265306122448,0
GRSM_007,0.16923076923076924,2016,0.0,0.0,0.03076923076923077,0.13846153846153847,0
GRSM_008,0.5098039215686274,2021,0.18450271674935026,0.0,0.30120481927710846,0.37254901960784315,1
GRSM_009,0.40384615384615385,2016,0.22737556561085975,0.0,0.07692307692307693,0.3269230769230769,1
GRSM_010,0.18181818181818182,2022,0.16007905138339923,0.0,0.0,0.021739130434782608,0
GRSM_011,0.10256410256410256,2021,0.0876387294297742,0.0,0.038461538461538464,0.02564102564102564,0
GRSM_012,0.37681159420289856,2016,0.11798806479113388,0.0,0.10144927536231885,0.2608695652173913,0
GRSM_013,0.13636363636363635,2021,0.04940711462450592,0.0,0.015151515151515152,0.045454545454545456,0
GRSM_014,0.13131313131313133,2021,0.048838904509007616,0.0,0.020618556701030927,0.0707070707070707,0
GRSM_015,0.15,2021,0.07391304347826086,0.0,0.058333333333333334,0.043478260869565216,0
GRSM_016,0.34146341463414637,2021,0.12022447658104901,0.0,0.0,0.3170731707317073,0
GRSM_017,0.20168067226890757,2021,0.015966386554621848,0.0,0.1,0.08571428571428572,0
GRSM_018,0.4271844660194175,2022,0.015419760137064586,0.0,0.27058823529411763,0.1941747572815534,1
GRSM_019,0.22784810126582278,2021,0.12258494337108594,0.0,0.0379746835443038,0.10526315789473684,0
GRSM_025,0.2743362831858407,2021,0.07433628318584068,0.0,0.0,0.2743362831858407,0
GRSM_047,0.7857142857142858,2020,0.7296395193591456,0.017241379310344827,0.015873015873015872,0.5158730158730159,1
GRSM_048,0.40217391304347827,2017,0.3680830039525692,0.0,0.06315789473684211,0.34782608695652173,1
GRSM_049,0.8953488372093024,2017,0.7613282186526014,0.0,0.16666666666666666,0.5116279069767442,1
GRSM_050,0.3012048192771084,2021,0.2891566265060241,0.0,0.0,0.18181818181818182,1
GRSM_051,0.967741935483871,2018,0.8635752688172044,0.0,0.0,0.5540540540540541,1
GRSM_052,0.8353658536585366,2017,0.6990022172949002,0.0,0.12437810945273632,0.7378048780487805,1
GRSM_053,0.7088607594936709,2017,0.6800837810764047,0.0,0.0,0.6645569620253164,1
GRSM_054,0.3275862068965517,2017,0.2864903164855928,0.0,0.0,0.3103448275862069,1
GRSM_055,0.5774647887323944,2017,0.5471617584293641,0.0,0.0,0.43661971830985913,1
GRSM_056,0.8450704225352113,2017,0.7650704225352113,0.0,0.16551724137931034,0.5633802816901409,1
GRSM_057,0.5238095238095237,2017,0.5144637294170004,0.0,0.036231884057971016,0.47619047619047616,1
GRSM_058,0.3033707865168539,2017,0.2898572730033404,0.0,0.02127659574468085,0.2247191011235955,1
GRSM_059,0.7297297297297297,2020,0.5911158683435911,0.0,0.18518518518518517,0.3063063063063063,1
GRSM_060,0.5703125,2017,0.4314236111111111,0.0,0.18705035971223022,0.5,1
GRSM_061,0.33333333333333337,2017,0.22619047619047622,0.0,0.14705882352941177,0.29365079365079366,0
GRSM_062,1.0,2017,0.9307692307692308,0.0,0.007692307692307693,0.6063829787234043,1
GRSM_063,0.5178571428571429,2017,0.47976190476190483,0.0,0.01680672268907563,0.4642857142857143,1
GRSM_064,0.5148514851485149,2017,0.3983466307795828,0.0,0.0380952380952381,0.5148514851485149,1
GRSM_065,0.5593220338983051,2019,0.47071443896159626,0.0,0.17333333333333334,0.36231884057971014,1
GRSM_066,0.26785714285714285,2017,0.21428571428571427,0.0,0.01818181818181818,0.23214285714285715,0
HARV_001,0.4117647058823529,2019,0.4060175794455713,0.0,0.029411764705882353,0.29411764705882354,1
HARV_002,0.4794520547945205,2019,0.3415210203117619,0.0,0.1780821917808219,0.1643835616438356,1
HARV_004,0.5443037974683544,2019,0.46967693179671266,0.0,0.20253164556962025,0.3291139240506329,1
HARV_005,0.7659574468085106,2019,0.7449784258294897,0.0,0.5460992907801419,0.15602836879432624,1
HARV_006,0.2435897435897436,2015,0.2290969899665552,0.0,0.03361344537815126,0.23076923076923078,0
HARV_008,0.40186915887850466,2019,0.35032276712592736,0.0,0.205607476635514,0.11214953271028037,1
HARV_010,0.36764705882352944,2019,0.24900299102691925,0.0,0.14705882352941177,0.14285714285714285,0
HARV_011,0.2711864406779661,2019,0.1731472249916916,0.0,0.11864406779661017,0.12962962962962962,0
HARV_012,0.2716049382716049,2023,0.26107862248213126,0.0,0.05128205128205128,0.09401709401709402,1
HARV_013,0.45454545454545453,2019,0.22503725782414305,0.0,0.0,0.3939393939393939,1
HARV_014,0.3211009174311927,2019,0.2433231396534149,0.0,0.1559633027522936,0.11594202898550725,0
HARV_015,0.38461538461538464,2023,0.04753673292999139,0.0,0.12359550561797752,0.21348314606741572,0
HARV_016,0.48760330578512395,2019,0.35994373131703883,0.0,0.1322314049586777,0.19834710743801653,1
HARV_017,0.24137931034482757,2023,0.04465799886941774,0.0,0.08196721311475409,0.10344827586206896,0
HARV_020,0.0273972602739726,2015,0.0,0.0,0.0,0.0136986301369863,0
HARV_021,0.5652173913043478,2023,0.4347826086956521,0.0,0.021739130434782608,0.5476190476190477,1
HARV_022,0.4081632653061224,2019,0.2970521541950113,0.0,0.05102040816326531,0.38,1
HARV_023,0.45081967213114754,2023,0.34197613471618155,0.0,0.015384615384615385,0.36065573770491804,1
HARV_024,0.02702702702702703,2015,0.0,0.0,0.0,0.02702702702702703,0
HARV_025,0.5438596491228069,2019,0.42385964912280694,0.0,0.2982456140350877,0.24561403508771928,1
HARV_026,0.35833333333333334,2023,0.2986318407960199,0.0,0.05982905982905983,0.2916666666666667,1
HARV_027,0.1568627450980392,2019,0.1256127450980392,0.0,0.0784313725490196,0.07575757575757576,0
HARV_033,0.7241379310344827,2023,0.382471264367816,0.0,0.2966101694915254,0.28368794326241137,1
HARV_034,0.85,2025,0.4434959349593495,0.0,0.19708029197080293,0.44285714285714284,1
HARV_035,0.812807881773399,2020,0.1932426643820946,0.0,0.49528301886792453,0.2857142857142857,1
HARV_036,0.5844155844155845,2020,0.4562104562104563,0.0,0.13414634146341464,0.21951219512195122,1
HARV_037,0.8586956521739131,2016,0.4129125196437926,0.0,0.52,0.33695652173913043,1
HARV_038,0.7105263157894737,2021,0.4705263157894737,0.0,0.40131578947368424,0.19205298013245034,1
HARV_039,0.6141732283464567,2021,0.34083989501312334,0.0,0.09836065573770492,0.2689655172413793,1
HARV_040,0.7075471698113207,2025,0.4372768995410504,0.0,0.07894736842105263,0.24050632911392406,1
HARV_041,0.5842105263157895,2016,0.35746634026927787,0.0,0.30158730158730157,0.26842105263157895,1
HARV_042,0.5316455696202531,2025,0.4386223138062996,0.0,0.02531645569620253,0.20253164556962025,1
HARV_043,0.9130434782608696,2020,0.6791725105189341,0.0,0.6910569105691057,0.21,1
HARV_044,0.7462686567164178,2020,0.5879353233830845,0.0,0.07462686567164178,0.208955223880597,1
HARV_045,0.5603448275862069,2025,0.41904047976011993,0.0,0.05291005291005291,0.25,1
HARV_046,0.5594405594405594,2025,0.4245199245199245,0.0,0.058333333333333334,0.21678321678321677,1
HARV_047,0.674074074074074,2025,0.4957795004306632,0.0,0.08552631578947369,0.24705882352941178,1
HARV_048,0.8231707317073171,2020,0.37255344775669985,0.0,0.5166666666666667,0.25165562913907286,1
HARV_049,0.8855421686746987,2020,0.38243657861258695,0.0,0.6,0.2710843373493976,1
HARV_050,0.7741935483870968,2020,0.4212523719165085,0.0,0.41836734693877553,0.34838709677419355,1
HARV_051,0.6035502958579881,2025,0.36718665949435175,0.0,0.18888888888888888,0.20710059171597633,1
HARV_052,0.9026548672566371,2025,0.5722200846479415,0.0,0.48031496062992124,0.2743362831858407,1
JERC_001,0.31481481481481477,2021,0.0,0.0,0.0,0.2222222222222222,0
JERC_002,0.6470588235294118,2021,0.0,0.0,0.0,0.5882352941176471,1
JERC_003,0.22033898305084745,2021,0.0,0.0,0.00847457627118644,0.05084745762711865,0
JERC_005,0.972972972972973,2021,0.0,0.0,0.0,0.8648648648648649,1
JERC_006,0.596774193548387,2021,0.0,0.0,0.016129032258064516,0.5483870967741935,1
JERC_007,0.8,2021,0.0,0.0,0.0,0.7777777777777778,1
JERC_009,0.654320987654321,2021,0.0,0.0,0.012345679012345678,0.5925925925925926,1
JERC_010,0.40816326530612246,2021,0.0,0.0,0.0,0.12244897959183673,1
JERC_011,1.0,2021,0.0,0.0,0.0,0.08,1
JERC_016,0.7096774193548386,2021,0.0,0.0,0.0,0.04838709677419355,1
JERC_047,0.5,2019,0.4431818181818182,0.0,0.022988505747126436,0.2647058823529412,1
JERC_048,0.7407407407407407,2015,0.6527407407407407,0.0,0.21311475409836064,0.6125,1
JERC_049,0.8040816326530613,2023,0.7555967841682129,0.0,0.19753086419753085,0.689795918367347,1
JERC_050,0.7636363636363637,2024,0.5312039312039312,0.0,0.008620689655172414,0.5363636363636364,1
JERC_051,0.7530864197530864,2022,0.7392933163048105,0.0,0.024691358024691357,0.5,1
JERC_052,0.7903225806451613,2015,0.7783465327409697,0.0,0.043859649122807015,0.5403225806451613,1
JERC_053,0.7592592592592593,2015,0.7354497354497355,0.0,0.05319148936170213,0.46502057613168724,1
JERC_054,0.35802469135802467,2019,0.21823974512146554,0.0,0.034482758620689655,0.16091954022988506,0
JERC_055,0.9264705882352942,2015,0.5281655034895314,0.0,0.2796610169491525,0.6595744680851063,1
JERC_056,0.8961038961038961,2015,0.87871259175607,0.0,0.09740259740259741,0.5636363636363636,1
JERC_057,0.4419889502762431,2022,0.377472821243985,0.0,0.06077348066298342,0.14917127071823205,1
JERC_058,0.7333333333333333,2015,0.7146417445482866,0.0,0.0,0.6333333333333333,1
JERC_059,0.4411764705882353,2016,0.37450980392156863,0.0,0.0,0.4375,1
JERC_060,0.3125,2018,0.3125,0.0,0.010416666666666666,0.30357142857142855,1
JERC_061,0.578125,2015,0.53125,0.0,0.019801980198019802,0.46534653465346537,1
JERC_062,0.5932203389830508,2015,0.5709981167608286,0.0,0.01694915254237288,0.4111111111111111,1
JERC_063,0.6486486486486487,2015,0.5322850122850123,0.0,0.09090909090909091,0.5173210161662818,1
JERC_064,0.4759615384615385,2018,0.05759419152276296,0.0,0.07142857142857142,0.46634615384615385,1
JERC_065,0.502283105022831,2016,0.49197382667231554,0.0,0.11494252873563218,0.4885844748858447,1
JERC_066,0.4867924528301887,2018,0.4467924528301887,0.0,0.017142857142857144,0.4830188679245283,1
MLBS_001,0.5,2024,0.2288135593220339,0.0,0.09090909090909091,0.2727272727272727,1
MLBS_002,0.4444444444444444,2024,0.2483660130718954,0.0,0.1111111111111111,0.26666666666666666,1
MLBS_003,0.576923076923077,2024,0.27389277389277394,0.0,0.06060606060606061,0.38461538461538464,1
MLBS_004,0.21951219512195125,2024,0.0736788617886179,0.0,0.0,0.17073170731707318,0
MLBS_005,0.46153846153846156,2024,0.21911421911421913,0.0,0.046875,0.21212121212121213,1
MLBS_006,0.3829787234042553,2024,0.1829787234042553,0.0,0.0,0.2765957446808511,0
MLBS_007,0.5487804878048781,2024,0.49064095292115717,0.0,0.0,0.3780487804878049,1
MLBS_008,0.23404255319148937,2018,0.07848699763593381,0.0,0.0,0.13333333333333333,0
MLBS_009,0.39344262295081966,2018,0.06585641605426795,0.0,0.18032786885245902,0.29310344827586204,0
MLBS_010,0.7444444444444445,2018,0.4234567901234568,0.0,0.3,0.3,1
MLBS_011,0.4722222222222222,2018,0.2609546165884194,0.0,0.19444444444444445,0.2222222222222222,1
MLBS_012,0.34736842105263155,2018,0.09473684210526312,0.0,0.12631578947368421,0.24210526315789474,0
MLBS_013,0.14545454545454545,2024,0.038658428949691084,0.0,0.0,0.12,0
MLBS_014,0.2972972972972973,2024,0.16909216909216912,0.0,0.05405405405405406,0.1282051282051282,0
MLBS_015,0.3382352941176471,2024,0.13823529411764707,0.0,0.016666666666666666,0.16129032258064516,0
MLBS_016,0.5740740740740741,2024,0.22624798711755234,0.0,0.0,0.4074074074074074,1
MLBS_017,0.2679738562091503,2024,0.07956805910770104,0.0,0.11940298507462686,0.17647058823529413,0
MLBS_018,0.38095238095238093,2025,0.12095238095238092,0.0,0.0,0.23529411764705882,0
MLBS_019,0.7959183673469388,2018,0.38415366146458585,0.0,0.42857142857142855,0.3469387755102041,1
MLBS_020,0.43333333333333335,2025,0.43333333333333335,0.0,0.0,0.2,1
MLBS_061,0.3944954128440367,2025,0.2673767687762401,0.0,0.015625,0.29914529914529914,1
MLBS_062,0.3670886075949367,2022,0.19267000294377393,0.0,0.12658227848101267,0.2,0
MLBS_063,0.3888888888888889,2025,0.2326388888888889,0.0,0.16363636363636364,0.22522522522522523,0
MLBS_064,0.5172413793103448,2018,0.3717868338557993,0.0,0.27586206896551724,0.25,1
MLBS_065,0.4655172413793104,2022,0.37027914614121515,0.0,0.01639344262295082,0.39655172413793105,1
MLBS_066,0.44329896907216493,2022,0.3675413933145892,0.0,0.041237113402061855,0.32989690721649484,1
MLBS_067,0.5176470588235293,2025,0.38833671399594316,0.0,0.1415929203539823,0.36470588235294116,1
MLBS_068,0.3177570093457944,2022,0.17757009345794392,0.0,0.008849557522123894,0.21495327102803738,0
MLBS_069,0.41025641025641024,2025,0.2966200466200466,0.0,0.10344827586206896,0.18181818181818182,1
MLBS_070,0.3770491803278688,2022,0.2676741803278688,0.0,0.0,0.2459016393442623,1
MLBS_071,0.4716981132075472,2022,0.33039376538146026,0.0,0.043478260869565216,0.42452830188679247,1
MLBS_072,0.20408163265306123,2022,0.14852607709750568,0.0,0.0,0.18,0
MLBS_073,0.3118279569892473,2022,0.2128180559991483,0.0,0.0970873786407767,0.21505376344086022,0
MLBS_074,0.3023255813953488,2022,0.16596194503171247,0.0,0.0625,0.22093023255813954,0
MLBS_075,0.3671875,2018,0.2485434322033898,0.0,0.1796875,0.2116788321167883,0
MLBS_076,0.20930232558139533,2022,0.09241920869827845,0.0,0.0,0.1564625850340136,0
ORNL_001,0.30303030303030304,2025,0.22895622895622897,0.0,0.0,0.14102564102564102,0
ORNL_002,0.3225806451612903,2025,0.2637571157495256,0.0,0.0,0.11940298507462686,1
ORNL_003,0.33854166666666663,2025,0.29958062770562766,0.0,0.0,0.16666666666666666,1
ORNL_004,0.36585365853658536,2025,0.25474254742547425,0.0,0.0,0.15,1
ORNL_006,0.22388059701492535,2025,0.21036708350141184,0.0,0.0,0.11428571428571428,0
ORNL_007,0.20143884892086333,2025,0.18183100578360845,0.0,0.0,0.05454545454545454,0
ORNL_008,0.27102803738317754,2025,0.2428590232986705,0.0,0.0,0.056818181818181816,0
ORNL_009,0.16433566433566435,2025,0.08741258741258742,0.0,0.0,0.0759493670886076,0
ORNL_010,0.21951219512195122,2025,0.19284552845528455,0.0,0.0,0.10975609756097561,0
ORNL_012,0.3902439024390244,2017,0.22357723577235775,0.0,0.0,0.2682926829268293,0
ORNL_014,0.29357798165137616,2025,0.23903252710592163,0.0,0.0,0.10714285714285714,0
ORNL_015,0.26153846153846155,2025,0.0,0.0,0.0,0.03076923076923077,0
ORNL_017,0.18478260869565216,2025,0.0,0.0,0.0,0.05434782608695652,0
ORNL_018,0.34210526315789475,2026,0.0,0.0,0.0,0.06578947368421052,0
ORNL_019,0.22784810126582278,2026,0.0,0.0,0.0,0.06329113924050633,0
ORNL_021,0.8275862068965517,2018,0.8043303929430633,0.0,0.0,0.8275862068965517,1
ORNL_027,0.3299492385786802,2021,0.2605047941342358,0.0,0.0,0.20833333333333334,1
ORNL_029,0.2892561983471075,2025,0.24238119834710747,0.0,0.0,0.17355371900826447,0
ORNL_031,0.6,2015,0.6,0.0,0.0,0.6,1
ORNL_032,0.10891089108910891,2017,0.038910891089108904,0.0,0.0,0.10891089108910891,0
ORNL_033,0.17567567567567569,2017,0.1010488100040339,0.0,0.0,0.13513513513513514,0
ORNL_035,0.15833333333333333,2017,0.033333333333333326,0.0,0.0,0.14166666666666666,0
ORNL_036,0.23232323232323232,2023,0.20202020202020202,0.0,0.0,0.06756756756756757,0
ORNL_037,0.12142857142857143,2023,0.046562261268143626,0.0,0.0,0.09852216748768473,0
ORNL_043,0.20618556701030927,2019,0.09254920337394562,0.0,0.0,0.15555555555555556,0
ORNL_044,0.012345679012345678,2018,0.012345679012345678,0.0,0.0,0.0,0
ORNL_045,0.34545454545454546,2023,0.26363636363636367,0.0,0.0,0.11206896551724138,1
ORNL_046,0.226890756302521,2023,0.13828316136581215,0.0,0.0,0.15789473684210525,0
ORNL_049,0.19594594594594594,2025,0.1480007404664939,0.0,0.0,0.11464968152866242,0
ORNL_050,0.3106060606060606,2023,0.2367805572503559,0.0,0.0,0.125,0
ORNL_051,0.17857142857142858,2023,0.17857142857142858,0.0,0.0,0.0196078431372549,0
ORNL_052,0.31521739130434784,2024,0.258765778401122,0.0,0.0,0.08661417322834646,1
ORNL_053,0.31052631578947365,2025,0.29965675057208235,0.0,0.0,0.06315789473684211,1
ORNL_054,0.4158415841584158,2023,0.37159379654779634,0.0,0.0,0.10891089108910891,1
ORNL_055,0.20689655172413793,2024,0.1279491833030853,0.0,0.0,0.13333333333333333,0
ORNL_056,0.29591836734693877,2024,0.2693226226660877,0.0,0.0,0.07142857142857142,1
ORNL_057,0.31967213114754095,2025,0.2613387978142076,0.0,0.0,0.10655737704918032,1
ORNL_058,0.3177570093457944,2024,0.24083393242271744,0.0,0.0,0.1308411214953271,0
ORNL_059,0.25,2024,0.20774647887323944,0.0,0.0,0.10714285714285714,0
ORNL_060,0.2,2015,0.05347985347985351,0.0,0.013333333333333334,0.13253012048192772,0
ORNL_061,0.3007518796992481,2024,0.2368249390599787,0.0,0.0,0.11278195488721804,0
ORNL_062,0.32,2024,0.2496875,0.0,0.0,0.08396946564885496,0
ORNL_063,0.13533834586466165,2024,0.10163048069612232,0.0,0.0,0.07446808510638298,0
ORNL_066,0.5454545454545454,2018,0.5454545454545454,0.0,0.0,0.5454545454545454,1
ORNL_067,0.29411764705882354,2026,0.0,0.0,0.0,0.0784313725490196,0
ORNL_068,0.18867924528301888,2026,0.0,0.0,0.0,0.09433962264150944,0
OSBS_001,0.29411764705882354,2021,0.04821600771456125,0.0,0.0,0.16393442622950818,0
OSBS_002,0.5841584158415842,2021,0.4990520328628608,0.0,0.0,0.45544554455445546,1
OSBS_003,0.17391304347826086,2021,0.14266304347826086,0.0,0.010869565217391304,0.07608695652173914,0
OSBS_004,0.7572815533980581,2021,0.6597205777883021,0.0,0.0072992700729927005,0.6116504854368932,1
OSBS_005,0.9803921568627451,2021,0.960392156862745,0.0,0.05660377358490566,0.9803921568627451,1
OSBS_006,0.38125,2021,0.062101063829787195,0.0,0.0,0.38125,0
OSBS_007,0.3333333333333333,2021,0.10606060606060605,0.0,0.007575757575757576,0.2727272727272727,0
OSBS_008,0.7234042553191489,2021,0.549491211840888,0.0,0.08695652173913043,0.48936170212765956,1
OSBS_009,0.2058823529411765,2015,0.14030858244937322,0.0,0.014705882352941176,0.04411764705882353,0
OSBS_010,0.1511627906976744,2016,0.028355773153814767,0.0,0.023255813953488372,0.10526315789473684,0
OSBS_011,0.19186046511627908,2016,0.0,0.0,0.011627906976744186,0.01744186046511628,0
OSBS_013,0.15789473684210525,2016,0.0,0.0,0.03508771929824561,0.03508771929824561,0
OSBS_014,0.28260869565217395,2015,0.0,0.0,0.0,0.08695652173913043,0
OSBS_015,0.08737864077669902,2016,0.08737864077669902,0.0,0.0,0.02127659574468085,0
OSBS_016,0.10416666666666666,2016,0.0,0.0,0.0,0.041666666666666664,0
OSBS_022,0.0,2016,0.0,0.0,0.0,0.0,0
OSBS_023,0.6153846153846154,2016,0.6153846153846154,0.0,0.0,0.0,1
OSBS_025,0.874074074074074,2023,0.8305958132045088,0.0,0.043478260869565216,0.788659793814433,1
OSBS_026,0.9554655870445344,2022,0.9166306355882238,0.0,0.018867924528301886,0.8259109311740891,1
OSBS_027,0.8258426966292135,2020,0.7107347829601487,0.0,0.011235955056179775,0.6573033707865169,1
OSBS_028,0.9021739130434783,2024,0.8368144359192953,0.0,0.014925373134328358,0.8043478260869565,1
OSBS_029,0.7101449275362319,2022,0.5507246376811594,0.0,0.03529411764705882,0.15942028985507245,1
OSBS_030,0.3582089552238806,2023,0.27083031444718153,0.0,0.016129032258064516,0.26865671641791045,1
OSBS_031,0.8860759493670886,2025,0.6968867601778994,0.0,0.02702702702702703,0.7215189873417721,1
OSBS_032,0.6911764705882353,2023,0.5644159072079535,0.0,0.014705882352941176,0.391304347826087,1
OSBS_033,0.5625,2016,0.353544776119403,0.0,0.014925373134328358,0.265625,1
OSBS_034,0.7647058823529411,2016,0.708367854183927,0.0,0.028169014084507043,0.40625,1
OSBS_035,0.8212290502793296,2016,0.7449958664228273,0.0,0.05,0.4326923076923077,1
OSBS_036,0.8480000000000001,2023,0.5743157894736843,0.0,0.0,0.512,1
OSBS_037,0.9173553719008265,2016,0.8744982290436837,0.0,0.0,0.5952380952380952,1
OSBS_038,0.5789473684210527,2023,0.448512585812357,0.0,0.012048192771084338,0.32456140350877194,1
OSBS_039,0.5877862595419847,2023,0.3954785672342924,0.0,0.05,0.5038167938931297,1
OSBS_040,0.5446428571428572,2016,0.33972482435597195,0.0,0.0136986301369863,0.37254901960784315,1
OSBS_041,0.9051724137931034,2016,0.8892993979200876,0.0,0.0,0.6597938144329897,1
OSBS_042,0.5241935483870968,2016,0.39581517000871835,0.0,0.013513513513513514,0.41714285714285715,1
OSBS_043,0.5319148936170213,2016,0.28191489361702127,0.0,0.023809523809523808,0.30864197530864196,1
OSBS_044,0.6528497409326425,2024,0.38012246820536977,0.0,0.06896551724137931,0.6010362694300518,1
OSBS_048,0.32432432432432434,2015,0.10210210210210213,0.0,0.0,0.24324324324324326,0
OSBS_050,0.0,2015,0.0,0.0,0.0,0.0,0
OSBS_051,0.125,2015,0.125,0.0,0.125,0.0,0
OSBS_063,0.15217391304347827,2021,0.0,0.0,0.021739130434782608,0.0,0
OSBS_067,0.4411764705882353,2021,0.0,0.0,0.0,0.3235294117647059,1
RMNP_001,0.3655913978494624,2025,0.20134019011999377,0.0,0.0,0.1881720430107527,0
RMNP_002,0.2535211267605634,2020,0.08018779342723004,0.0,0.014285714285714285,0.22535211267605634,0
RMNP_003,0.25806451612903225,2025,0.05376344086021506,0.0,0.010752688172043012,0.16842105263157894,0
RMNP_004,0.1968503937007874,2025,0.11811023622047245,0.0,0.015748031496062992,0.13385826771653545,0
RMNP_005,0.1504424778761062,2025,0.058005503086190235,0.0,0.0,0.09734513274336283,0
RMNP_006,0.13793103448275862,2025,0.03376436781609196,0.0,0.0,0.07432432432432433,0
RMNP_007,0.4205607476635514,2025,0.08722741433021802,0.0,0.009345794392523364,0.3177570093457944,1
RMNP_008,0.1951219512195122,2025,0.06525182134938232,0.0,0.006493506493506494,0.12804878048780488,0
RMNP_009,0.19767441860465118,2025,0.15355677154582764,0.0,0.0,0.12790697674418605,0
RMNP_010,0.18181818181818182,2025,0.10848484848484849,0.0,0.0053475935828877,0.09090909090909091,0
RMNP_011,0.4227642276422764,2025,0.1252435664852516,0.0,0.0,0.373015873015873,1
RMNP_012,0.24,2025,0.10805555555555554,0.0,0.013333333333333334,0.12666666666666668,0
RMNP_013,0.2887700534759359,2020,0.05221091369098965,0.0,0.0,0.28342245989304815,0
RMNP_014,0.12698412698412698,2025,0.036075036075036065,0.0,0.0,0.07936507936507936,0
RMNP_015,0.1651376146788991,2018,0.09583068398582978,0.0,0.009174311926605505,0.13761467889908258,0
RMNP_016,0.4056603773584906,2025,0.2494103773584906,0.0,0.0,0.203125,1
RMNP_017,0.2028985507246377,2025,0.04160822814399254,0.0,0.0,0.14492753623188406,0
RMNP_018,0.41891891891891897,2020,0.05127186009538953,0.0,0.013513513513513514,0.32432432432432434,1
RMNP_019,0.463855421686747,2025,0.37294633077765604,0.0,0.0,0.25301204819277107,1
RMNP_020,0.23595505617977527,2020,0.0026217228464419373,0.0,0.0,0.2111111111111111,0
RMNP_041,0.5109489051094891,2025,0.15430554846613248,0.0,0.021897810218978103,0.35714285714285715,1
RMNP_042,0.4838709677419355,2024,0.4235261401557286,0.0,0.0,0.09448818897637795,1
RMNP_043,0.5800000000000001,2024,0.5305494505494506,0.0,0.0,0.05660377358490566,1
RMNP_044,0.825,2021,0.712218045112782,0.0,0.02586206896551724,0.1206896551724138,1
RMNP_045,0.5948905109489051,2024,0.4200653361237303,0.0,0.016736401673640166,0.17482517482517482,1
RMNP_046,1.0,2024,1.0,0.0,0.0,0.12941176470588237,1
RMNP_047,0.29545454545454547,2023,0.29545454545454547,0.0,0.0,0.2857142857142857,1
RMNP_048,0.2571428571428572,2023,0.055219780219780246,0.0,0.0,0.20202020202020202,0
RMNP_049,0.2768595041322314,2018,0.2768595041322314,0.0,0.004132231404958678,0.2603305785123967,1
SCBI_002,0.176,2018,0.02756249999999999,0.0,0.024,0.0390625,0
SCBI_003,0.24096385542168675,2023,0.0063959541871188574,0.0,0.012345679012345678,0.12962962962962962,0
SCBI_004,0.06134969325153374,2018,0.03715614486443697,0.0,0.0,0.024193548387096774,0
SCBI_005,0.21052631578947367,2018,0.0,0.0,0.10526315789473684,0.10526315789473684,0
SCBI_007,0.2912621359223301,2018,0.10569512561305175,0.0,0.0,0.27184466019417475,0
SCBI_008,0.09259259259259259,2023,0.0004873294346978557,0.0,0.009259259259259259,0.05263157894736842,0
SCBI_010,0.3216374269005848,2023,0.07163742690058478,0.0,0.0,0.21637426900584794,0
SCBI_011,0.32978723404255317,2018,0.144602048857368,0.0,0.012345679012345678,0.2553191489361702,0
SCBI_013,0.13333333333333333,2023,0.0355889724310777,0.0,0.022556390977443608,0.09333333333333334,0
SCBI_014,0.4390243902439025,2017,0.41774779449922167,0.0,0.0,0.17073170731707318,1
SCBI_015,0.19736842105263158,2018,0.06723143475126173,0.0,0.0136986301369863,0.039473684210526314,0
SCBI_016,0.1569767441860465,2024,0.04186883051698176,0.0,0.005813953488372093,0.0872093023255814,0
SCBI_017,0.14655172413793105,2023,0.0036945812807882006,0.0,0.0,0.07142857142857142,0
SCBI_018,0.20270270270270271,2017,0.12270270270270271,0.0,0.0,0.13513513513513514,0
SCBI_019,0.3571428571428571,2023,0.0,0.0,0.0,0.21428571428571427,0
SCBI_021,0.07142857142857142,2023,0.0,0.0,0.0,0.017857142857142856,0
SCBI_022,0.17777777777777776,2024,0.0,0.0,0.0,0.14444444444444443,0
SCBI_023,0.2,2023,0.2,0.0,0.0,0.2,0
SCBI_045,0.6235294117647059,2019,0.3674318507890961,0.0,0.12941176470588237,0.39436619718309857,1
SCBI_046,0.28415300546448086,2020,0.20722992854140393,0.0,0.02185792349726776,0.109375,0
SCBI_047,0.3150684931506849,2025,0.15881849315068491,0.0,0.017391304347826087,0.2054794520547945,0
SCBI_048,0.3370786516853933,2017,0.08901663618151734,0.0,0.0,0.2833333333333333,0
SCBI_049,0.27380952380952384,2019,0.18290043290043292,0.0,0.02912621359223301,0.13095238095238096,0
SCBI_050,0.4434782608695652,2025,0.2637029799706888,0.0,0.04395604395604396,0.3130434782608696,1
SCBI_051,0.26618705035971224,2025,0.21299556099801012,0.0,0.0,0.2014388489208633,0
SCBI_052,0.4444444444444444,2020,0.3194444444444444,0.0,0.05555555555555555,0.2638888888888889,1
SCBI_053,0.32,2020,0.2914285714285714,0.0,0.027522935779816515,0.12,1
SCBI_054,0.41007194244604317,2018,0.11092664330074403,0.0,0.03546099290780142,0.2689655172413793,1
SCBI_055,0.19902912621359223,2025,0.10468950357208279,0.0,0.008064516129032258,0.14563106796116504,0
SCBI_056,0.4,2018,0.1722772277227723,0.0,0.007142857142857143,0.22535211267605634,0
SCBI_057,0.25806451612903225,2020,0.10712111990261716,0.0,0.016129032258064516,0.19672131147540983,0
SCBI_058,0.5396825396825397,2020,0.37689184200812104,0.0,0.05405405405405406,0.25675675675675674,1
SCBI_061,0.4067796610169492,2025,0.1436217662801071,0.0,0.015384615384615385,0.3898305084745763,1
SCBI_062,0.2222222222222222,2020,0.06255835667600373,0.0,0.047619047619047616,0.12195121951219512,0
SCBI_063,0.31868131868131866,2025,0.2837162837162837,0.0,0.024096385542168676,0.25274725274725274,1
SCBI_064,0.31007751937984496,2025,0.270077519379845,0.0,0.04195804195804196,0.20930232558139536,1
SCBI_066,0.23404255319148937,2017,0.10168961201501878,0.0,0.022222222222222223,0.1323529411764706,0
SCBI_067,0.47863247863247865,2021,0.2528260270195754,0.0,0.03636363636363636,0.23255813953488372,1
SCBI_071,0.2457627118644068,2023,0.0,0.0,0.00847457627118644,0.09322033898305085,0
SERC_001,0.15384615384615385,2019,0.08111888111888113,0.0,0.0,0.06451612903225806,0
SERC_002,0.3103448275862069,2024,0.21092962290784434,0.0,0.0,0.19827586206896552,0
SERC_003,0.32,2024,0.21423076923076922,0.0,0.0,0.09333333333333334,0
SERC_004,0.21686746987951808,2019,0.09186746987951808,0.0,0.0,0.17073170731707318,0
SERC_005,0.14285714285714285,2016,0.04851752021563341,0.0,0.0,0.14285714285714285,0
SERC_006,0.1568627450980392,2019,0.06475748194014447,0.0,0.006578947368421052,0.13559322033898305,0
SERC_009,0.23809523809523808,2016,0.01750700280112044,0.0,0.0,0.10714285714285714,0
SERC_010,0.2608695652173913,2019,0.10297482837528604,0.0,0.0,0.043478260869565216,0
SERC_011,0.14893617021276595,2025,0.004199328107502787,0.0,0.0,0.10294117647058823,0
SERC_012,0.27450980392156865,2016,0.09709044908285897,0.0,0.0,0.17647058823529413,0
SERC_013,0.17857142857142858,2019,0.016806722689075626,0.0,0.0,0.11764705882352941,0
SERC_014,0.1864406779661017,2019,0.11096897985289415,0.0,0.0,0.0847457627118644,0
SERC_016,0.16666666666666666,2025,0.10283687943262411,0.0,0.0,0.0425531914893617,0
SERC_017,0.30158730158730157,2025,0.19389499389499387,0.0,0.0,0.1,0
SERC_019,0.2692307692307692,2025,0.1358974358974359,0.0,0.0,0.21153846153846154,0
SERC_021,0.3,2025,0.1163265306122449,0.0,0.0,0.16326530612244897,0
SERC_022,0.4285714285714286,2016,0.17540687160940327,0.0,0.0,0.2,1
SERC_043,0.18072289156626506,2022,0.11708652792990143,0.0,0.0,0.08571428571428572,0
SERC_044,0.2368421052631579,2022,0.224937343358396,0.0,0.0,0.18292682926829268,0
SERC_045,0.45714285714285713,2018,0.3846790890269151,0.0,0.0,0.12857142857142856,1
SERC_046,0.08108108108108109,2015,0.0,0.0,0.010810810810810811,0.07027027027027027,0
SERC_047,0.11428571428571428,2022,0.06798941798941799,0.0,0.0,0.07627118644067797,0
SERC_048,0.2777777777777778,2016,0.18162393162393164,0.0,0.07407407407407407,0.09615384615384616,0
SERC_049,0.1782178217821782,2021,0.16523080879516522,0.0,0.0,0.03333333333333333,0
SERC_050,0.22340425531914895,2018,0.1914893617021277,0.0,0.0,0.043010752688172046,0
SERC_051,0.3055555555555556,2018,0.24305555555555558,0.0,0.0,0.11214953271028037,0
SERC_052,0.25316455696202533,2022,0.19000666222518323,0.0,0.0,0.08163265306122448,0
SERC_053,0.12857142857142856,2016,0.0857142857142857,0.0,0.0,0.07142857142857142,0
SERC_054,0.14814814814814814,2022,0.11243386243386243,0.0,0.0,0.07407407407407407,0
SERC_055,0.42424242424242425,2023,0.2891072891072891,0.0,0.012048192771084338,0.32323232323232326,1
SERC_056,0.14754098360655737,2023,0.11420765027322405,0.0,0.0,0.04918032786885246,0
SERC_057,0.1764705882352941,2023,0.09313725490196077,0.0,0.0,0.12,0
SERC_058,0.16666666666666669,2016,0.09523809523809526,0.0,0.0,0.13095238095238096,0
SERC_059,0.1743119266055046,2016,0.11749374478732277,0.0,0.0,0.1743119266055046,0
SERC_060,0.22388059701492535,2023,0.20693144447255246,0.0,0.0,0.04477611940298507,0
SERC_061,0.13186813186813187,2017,0.06776556776556777,0.0,0.0,0.10989010989010989,0
SERC_062,0.16814159292035397,2018,0.07723250201126305,0.0,0.0,0.09090909090909091,0
SERC_067,0.3917525773195876,2022,0.31035722848237834,0.0,0.0,0.06382978723404255,1
SERC_073,0.16176470588235295,2022,0.09509803921568628,0.0,0.0,0.022222222222222223,0
SOAP_001,0.25,2020,0.0,0.0,0.0,0.225,0
SOAP_002,0.5454545454545454,2025,0.2351097178683385,0.0,0.0,0.45454545454545453,1
SOAP_003,0.35211267605633806,2019,0.31365113759479957,0.0,0.0,0.28169014084507044,1
SOAP_004,0.28125,2019,0.13651315789473684,0.0,0.0,0.234375,0
SOAP_006,0.3333333333333333,2019,0.2635658914728682,0.0,0.0,0.3333333333333333,1
SOAP_007,0.15,2019,0.019565217391304346,0.0,0.0,0.13043478260869565,0
SOAP_008,0.3333333333333333,2025,0.02298850574712641,0.0,0.0,0.3333333333333333,0
SOAP_009,0.24,2025,0.008518518518518509,0.0,0.0,0.24,0
SOAP_010,0.12658227848101267,2025,0.008935219657483257,0.0,0.0,0.10294117647058823,0
SOAP_011,0.14482758620689656,2025,0.0,0.0,0.0,0.1310344827586207,0
SOAP_012,0.06976744186046512,2025,0.0008019246190858059,0.0,0.0,0.06976744186046512,0
SOAP_013,0.3,2025,0.04999999999999999,0.0,0.0,0.3,0
SOAP_015,0.3833333333333333,2019,0.1722222222222222,0.0,0.0,0.3333333333333333,0
SOAP_016,0.75,2019,0.75,0.0,0.0,0.75,1
SOAP_017,0.2909090909090909,2019,0.1393939393939394,0.0,0.0,0.2909090909090909,0
SOAP_018,0.2727272727272727,2019,0.1893939393939394,0.0,0.0,0.2727272727272727,0
SOAP_019,0.6666666666666666,2019,0.5757575757575757,0.0,0.0,0.6666666666666666,1
SOAP_020,0.10526315789473684,2025,0.05859649122807017,0.0,0.0,0.10526315789473684,0
SOAP_021,0.1625,2019,0.11902173913043479,0.0,0.0,0.15,0
SOAP_022,0.05940594059405941,2025,0.0,0.0,0.0,0.04950495049504951,0
SOAP_024,0.43956043956043955,2025,0.0,0.0,0.0,0.43956043956043955,1
SOAP_031,0.2876712328767123,2015,0.1334862108502806,0.0,0.0136986301369863,0.1917808219178082,0
SOAP_043,0.4578313253012048,2023,0.24178194258515542,0.0,0.0,0.4578313253012048,1
SOAP_044,0.15,2015,0.0,0.0,0.0,0.15,0
SOAP_045,0.368421052631579,2015,0.024671052631578982,0.0,0.0,0.3473684210526316,0
SOAP_046,0.3695652173913043,2021,0.16617538688282973,0.0,0.021052631578947368,0.22826086956521738,0
SOAP_047,0.8513513513513514,2015,0.587200407955125,0.0,0.08490566037735849,0.7567567567567568,1
SOAP_048,0.5,2025,0.5,0.0,0.0,0.22580645161290322,1
SOAP_049,0.846938775510204,2015,0.846938775510204,0.0,0.030612244897959183,0.7653061224489796,1
SOAP_050,0.36082474226804123,2023,0.29478700641898464,0.0,0.0,0.21649484536082475,1
SOAP_051,0.4244604316546763,2025,0.4017331589274036,0.0,0.2697841726618705,0.07553956834532374,1
SOAP_052,0.3384615384615385,2015,0.3384615384615385,0.0,0.07692307692307693,0.26153846153846155,1
SOAP_053,0.9090909090909091,2023,0.29292929292929293,0.0,0.0,0.9090909090909091,1
SOAP_054,0.4857142857142857,2015,0.14360902255639102,0.0,0.17142857142857143,0.3157894736842105,1
SOAP_055,0.33333333333333337,2015,0.2021857923497268,0.0,0.011111111111111112,0.32222222222222224,0
SOAP_056,1.0,2025,0.34285714285714286,0.0,0.02112676056338028,0.6408450704225352,1
SOAP_057,0.6031746031746031,2015,0.6031746031746031,0.0,0.5,0.23809523809523808,1
SOAP_058,0.381578947368421,2015,0.29183535762483126,0.0,0.0,0.3684210526315789,1
SOAP_059,0.5909090909090909,2023,0.43836671802773497,0.0,0.0,0.5909090909090909,1
SOAP_060,0.10975609756097561,2023,0.10975609756097561,0.0,0.0,0.10975609756097561,0
SOAP_061,0.8840579710144928,2015,0.7825542116159966,0.0,0.057971014492753624,0.8115942028985508,1
STEI_001,0.3018867924528302,2021,0.20729219785823558,0.0,0.09433962264150944,0.08108108108108109,0
STEI_002,0.16666666666666666,2016,0.026041666666666657,0.0,0.0,0.16666666666666666,0
STEI_003,0.16666666666666666,2021,0.07777777777777777,0.0,0.0,0.15555555555555556,0
STEI_004,0.21739130434782608,2021,0.09080902586681341,0.0,0.0,0.17391304347826086,0
STEI_005,0.1724137931034483,2021,0.10991379310344829,0.0,0.0,0.14942528735632185,0
STEI_006,0.3333333333333333,2021,0.2424242424242424,0.0,0.007575757575757576,0.25,0
STEI_007,0.21818181818181817,2022,0.09749216300940439,0.0,0.0,0.10344827586206896,0
STEI_008,0.410958904109589,2021,0.2161537093043942,0.0,0.0,0.3835616438356164,1
STEI_009,0.07954545454545454,2016,0.0,0.0,0.0,0.07954545454545454,0
STEI_010,0.10126582278481013,2016,0.0,0.0,0.0,0.10126582278481013,0
STEI_011,0.0547945205479452,2016,0.0,0.0,0.0,0.0273972602739726,0
STEI_012,0.06153846153846154,2016,0.0,0.0,0.0,0.046153846153846156,0
STEI_013,0.12307692307692308,2016,0.0,0.0,0.0,0.015384615384615385,0
STEI_014,0.06756756756756757,2016,0.0,0.0,0.0,0.0472972972972973,0
STEI_015,0.13333333333333333,2016,0.0,0.0,0.0,0.10666666666666667,0
STEI_016,0.024390243902439025,2016,0.0,0.0,0.0,0.024390243902439025,0
STEI_017,0.10309278350515463,2016,0.0,0.0,0.0,0.08247422680412371,0
STEI_019,0.17142857142857143,2016,0.0,0.0,0.009523809523809525,0.14285714285714285,0
STEI_021,0.13953488372093023,2021,0.04620155038759689,0.0,0.0,0.12790697674418605,0
STEI_022,0.06470588235294117,2016,0.0,0.0,0.0,0.052941176470588235,0
STEI_046,0.24074074074074076,2025,0.21442495126705655,0.0,0.06315789473684211,0.08333333333333333,0
STEI_047,0.34615384615384615,2015,0.3,0.0,0.019230769230769232,0.1937984496124031,1
STEI_048,0.62,2015,0.62,0.0,0.008403361344537815,0.16806722689075632,1
STEI_049,0.6923076923076923,2015,0.673076923076923,0.0,0.02564102564102564,0.13675213675213677,1
STEI_050,0.3173076923076923,2020,0.3054029304029304,0.0,0.041666666666666664,0.3173076923076923,1
STEI_051,0.28,2025,0.25368421052631585,0.0,0.0,0.11904761904761904,1
STEI_052,0.19333333333333333,2025,0.1818390804597701,0.0,0.07692307692307693,0.02666666666666667,0
STEI_053,0.35593220338983056,2015,0.2702179176755448,0.0,0.1016949152542373,0.225,1
STEI_054,0.22,2018,0.19727272727272727,0.0,0.0,0.21495327102803738,0
STEI_055,0.358974358974359,2015,0.17972907595549104,0.0,0.0,0.2222222222222222,0
STEI_056,0.34306569343065696,2022,0.33296468332964685,0.0,0.0,0.30656934306569344,1
STEI_057,0.46,2015,0.43183098591549296,0.0,0.0,0.15827338129496402,1
STEI_058,0.1927710843373494,2018,0.10943775100401608,0.0,0.019230769230769232,0.1927710843373494,0
STEI_059,0.42857142857142855,2015,0.42857142857142855,0.0,0.0,0.14516129032258066,1
STEI_060,0.45614035087719296,2015,0.42335346563129134,0.0,0.017543859649122806,0.21649484536082475,1
STEI_061,0.24615384615384617,2015,0.19430199430199432,0.0,0.0,0.12,0
STEI_062,0.6301369863013699,2015,0.511715933669791,0.0,0.0,0.4567901234567901,1
TALL_001,0.2222222222222222,2023,0.09523809523809523,0.0,0.0,0.16666666666666666,0
TALL_002,0.2151898734177215,2023,0.04537855266300453,0.0,0.0,0.13924050632911392,0
TALL_003,0.18421052631578946,2023,0.18421052631578946,0.0,0.0,0.10526315789473684,0
TALL_004,0.6,2023,0.09999999999999998,0.0,0.0,0.6,1
TALL_005,0.328125,2023,0.19479166666666667,0.0,0.0,0.296875,0
TALL_006,0.7976190476190477,2020,0.7976190476190477,0.0,0.0,0.7976190476190477,1
TALL_007,0.5421686746987951,2015,0.323986856516977,0.0,0.0,0.2653061224489796,1
TALL_008,0.2535211267605634,2015,0.1064623032311516,0.0,0.028169014084507043,0.08450704225352113,0
TALL_009,0.3571428571428571,2023,0.29999999999999993,0.0,0.017857142857142856,0.2857142857142857,1
TALL_010,0.20689655172413793,2023,0.09780564263322884,0.0,0.0,0.13793103448275862,0
TALL_011,0.5,2023,0.328125,0.0,0.0,0.3,1
TALL_012,0.41379310344827586,2023,0.29134412385643915,0.0,0.02040816326530612,0.41379310344827586,1
TALL_013,0.36,2023,0.36,0.0,0.0,0.3,1
TALL_015,0.43902439024390244,2023,0.3995507060333761,0.0,0.0,0.12195121951219512,1
TALL_016,0.24,2015,0.024615384615384595,0.0,0.02,0.18,0
TALL_017,0.288135593220339,2015,0.07074428887251291,0.0,0.03389830508474576,0.17391304347826086,0
TALL_018,0.5846153846153846,2015,0.2904977375565611,0.0,0.0,0.5846153846153846,1
TALL_020,0.3220338983050848,2023,0.09346246973365621,0.0,0.0,0.3050847457627119,0
TALL_022,0.33999999999999997,2015,0.07239436619718309,0.0,0.0,0.24,0
TALL_025,0.32558139534883723,2023,0.0,0.0,0.0,0.16279069767441862,0
TALL_042,0.5357142857142857,2016,0.493161094224924,0.0,0.0,0.4928571428571429,1
TALL_043,0.4461538461538462,2015,0.3211538461538462,0.0,0.0,0.3472222222222222,1
TALL_044,0.38181818181818183,2016,0.34285714285714286,0.0,0.011494252873563218,0.37272727272727274,1
TALL_045,0.3333333333333333,2015,0.19174041297935102,0.0,0.0,0.24107142857142858,0
TALL_046,0.18705035971223022,2016,0.0789422516041221,0.0,0.0,0.18705035971223022,0
TALL_047,0.6538461538461539,2015,0.5467032967032968,0.0,0.0,0.6346153846153846,1
TALL_048,0.6164383561643836,2015,0.5474728389230042,0.0,0.0,0.6071428571428571,1
TALL_049,0.836734693877551,2015,0.74582560296846,0.0,0.0,0.7894736842105263,1
TALL_050,0.7857142857142857,2025,0.6889400921658986,0.0,0.0,0.7142857142857143,1
TALL_051,0.6233766233766234,2025,0.49837662337662336,0.0,0.02631578947368421,0.5974025974025974,1
TALL_052,0.6825396825396826,2015,0.5461760461760462,0.0,0.0,0.6825396825396826,1
TALL_053,0.5681818181818181,2018,0.3717532467532467,0.0,0.017241379310344827,0.4318181818181818,1
TALL_054,0.4675324675324675,2015,0.4050324675324675,0.0,0.0,0.3466666666666667,1
TALL_055,0.42028985507246375,2015,0.3433667781493868,0.0,0.0,0.42028985507246375,1
TALL_056,0.6176470588235294,2016,0.42252510760401724,0.0,0.0,0.6176470588235294,1
TALL_057,0.8181818181818181,2025,0.71007371007371,0.0,0.03571428571428571,0.6363636363636364,1
TALL_058,0.31746031746031744,2018,0.3010668748373666,0.0,0.0,0.3150684931506849,1
TALL_059,0.2549019607843137,2025,0.19775910364145657,0.0,0.0,0.1568627450980392,0
TALL_060,0.6507936507936507,2025,0.5004177109440267,0.0,0.013605442176870748,0.3968253968253968,1
TALL_061,0.7586206896551724,2015,0.7586206896551724,0.0,0.0,0.6716417910447762,1
TALL_064,0.607843137254902,2015,0.0,0.0,0.0,0.39215686274509803,1
TEAK_001,0.16981132075471697,2022,0.0,0.0,0.0,0.1509433962264151,0
TEAK_002,0.3846153846153846,2022,0.0,0.0,0.0,0.34615384615384615,0
TEAK_003,0.1951219512195122,2022,0.0,0.0,0.0,0.17073170731707318,0
TEAK_004,0.043478260869565216,2022,0.0,0.0,0.0,0.0,0
TEAK_005,0.375,2022,0.0,0.0,0.0,0.125,0
TEAK_006,0.3076923076923077,2022,0.0,0.0,0.0,0.07692307692307693,0
TEAK_007,0.2222222222222222,2022,0.0,0.0,0.0,0.20987654320987653,0
TEAK_010,0.20689655172413793,2022,0.0,0.0,0.0,0.20689655172413793,0
TEAK_011,0.12244897959183673,2022,0.0,0.0,0.0,0.08163265306122448,0
TEAK_012,0.07627118644067797,2022,0.0,0.0,0.0,0.06779661016949153,0
TEAK_013,0.1590909090909091,2022,0.0,0.0,0.022727272727272728,0.09090909090909091,0
TEAK_014,0.05405405405405406,2022,0.0,0.0,0.0,0.04054054054054054,0
TEAK_015,0.16666666666666666,2022,0.0,0.0,0.0,0.15,0
TEAK_016,0.15384615384615385,2022,0.0,0.0,0.0,0.15384615384615385,0
TEAK_017,0.06976744186046512,2022,0.0,0.0,0.046511627906976744,0.0,0
TEAK_018,0.125,2022,0.0,0.0,0.0,0.125,0
TEAK_019,0.16981132075471697,2022,0.0,0.0,0.0,0.1509433962264151,0
TEAK_020,0.20224719101123595,2022,0.0,0.0,0.0,0.19101123595505617,0
TEAK_024,0.0970873786407767,2022,0.0,0.0,0.0,0.009708737864077669,0
TEAK_025,0.09090909090909091,2022,0.0,0.0,0.0,0.045454545454545456,0
TEAK_043,0.2191780821917808,2025,0.09991202714590924,0.0,0.0,0.21666666666666667,0
TEAK_044,0.15217391304347827,2021,0.08437730287398675,0.0,0.005434782608695652,0.11267605633802817,0
TEAK_045,0.376,2021,0.251,0.0,0.028985507246376812,0.336,1
TEAK_046,0.2080536912751678,2025,0.15215307015715537,0.0,0.03225806451612903,0.15789473684210525,0
TEAK_047,0.1935483870967742,2023,0.13920056100981767,0.0,0.00980392156862745,0.12280701754385964,0
TEAK_048,0.22448979591836735,2025,0.22448979591836735,0.0,0.0,0.20408163265306123,0
TEAK_049,0.12727272727272726,2025,0.04216634429400386,0.0,0.0,0.0851063829787234,0
TEAK_050,0.5,2021,0.5,0.0,0.5,0.16058394160583941,1
TEAK_051,0.1411764705882353,2025,0.1411764705882353,0.0,0.0,0.10588235294117647,0
TEAK_052,0.20555555555555555,2025,0.20555555555555555,0.0,0.005555555555555556,0.08888888888888889,0
TEAK_053,0.42424242424242425,2025,0.42424242424242425,0.0,0.030303030303030304,0.21951219512195122,1
TEAK_054,0.4,2023,0.2,0.0,0.02564102564102564,0.4,0
TEAK_055,0.3333333333333333,2023,0.3333333333333333,0.0,0.3333333333333333,0.3333333333333333,1
TEAK_056,0.1016949152542373,2015,0.1016949152542373,0.0,0.0,0.1016949152542373,0
TEAK_057,0.13636363636363635,2015,0.13636363636363635,0.0,0.0,0.13636363636363635,0
TEAK_058,0.07317073170731707,2015,0.07317073170731707,0.0,0.0,0.07317073170731707,0
TEAK_059,0.5,2023,0.5,0.0,0.0,0.5,1
TEAK_060,0.13740458015267176,2015,0.13740458015267176,0.0,0.0,0.13740458015267176,0
TEAK_061,1.0,2021,1.0,0.0,1.0,0.19852941176470587,1
TEAK_062,0.19607843137254902,2015,0.19607843137254902,0.0,0.0,0.19607843137254902,0
TREE_001,0.1619718309859155,2019,0.09440426341834793,0.0,0.0,0.04054054054054054,0
TREE_002,0.12307692307692308,2023,0.03216783216783217,0.0,0.0,0.07692307692307693,0
TREE_003,0.17142857142857143,2023,0.13571428571428573,0.0,0.0,0.02857142857142857,0
TREE_004,0.11965811965811965,2023,0.05843362986220128,0.0,0.01020408163265306,0.09401709401709402,0
TREE_005,0.16455696202531644,2019,0.09413442681404884,0.0,0.0,0.056338028169014086,0
TREE_006,0.5217391304347826,2018,0.32173913043478264,0.0,0.0,0.5217391304347826,1
TREE_007,0.175,2023,0.175,0.0,0.0,0.15,0
TREE_008,0.08695652173913043,2023,0.022301349325337325,0.0,0.0,0.06779661016949153,0
TREE_009,0.12280701754385964,2019,0.02571963890308296,0.0,0.0,0.07766990291262135,0
TREE_010,0.21256038647342995,2019,0.09315740139880309,0.0,0.0,0.178743961352657,0
TREE_011,0.24193548387096775,2020,0.13966275659824048,0.0,0.03225806451612903,0.14516129032258066,0
TREE_012,0.15243902439024393,2019,0.08577235772357726,0.0,0.0,0.06707317073170732,0
TREE_014,0.2608695652173913,2019,0.1454849498327759,0.0,0.0,0.21739130434782608,0
TREE_015,0.12903225806451613,2019,0.04706504494976202,0.0,0.0,0.0967741935483871,0
TREE_016,0.07462686567164178,2019,0.007211135334563135,0.0,0.0,0.04477611940298507,0
TREE_017,0.2777777777777778,2019,0.06565656565656566,0.0,0.0,0.2222222222222222,0
TREE_018,0.6190476190476191,2018,0.5555555555555556,0.0,0.0,0.09523809523809523,1
TREE_019,0.3220338983050848,2019,0.0575710883877294,0.0,0.0,0.2231404958677686,0
TREE_023,0.24731182795698925,2019,0.03951962016478147,0.0,0.0,0.1827956989247312,0
TREE_025,0.24637681159420288,2015,0.16066252587991717,0.0,0.0,0.11428571428571428,0
TREE_039,0.1839080459770115,2016,0.13793103448275862,0.0,0.0,0.11494252873563218,0
TREE_040,0.2553191489361702,2021,0.15655371683740477,0.0,0.012195121951219513,0.14814814814814814,0
TREE_041,0.43859649122807015,2022,0.3845424371740161,0.0,0.0,0.05952380952380952,1
TREE_042,0.23404255319148937,2016,0.21320921985815602,0.0,0.0425531914893617,0.08163265306122448,0
TREE_043,0.25,2019,0.1764705882352941,0.0,0.0,0.208955223880597,0
TREE_044,0.5901639344262295,2015,0.4177501413227812,0.0,0.19672131147540983,0.2878787878787879,1
TREE_045,0.29411764705882354,2015,0.1724960254372019,0.0,0.014705882352941176,0.19047619047619047,0
TREE_046,0.2777777777777778,2023,0.26641414141414144,0.0,0.04819277108433735,0.04395604395604396,1
TREE_047,0.10256410256410256,2015,0.07930828861061419,0.0,0.0,0.05128205128205128,0
TREE_048,0.16666666666666669,2021,0.10579710144927539,0.0,0.028037383177570093,0.08666666666666667,0
TREE_049,0.19230769230769232,2023,0.16373626373626374,0.0,0.0,0.05714285714285714,0
TREE_050,0.2727272727272727,2021,0.20750988142292487,0.0,0.08333333333333333,0.20454545454545456,0
TREE_051,0.1240875912408759,2016,0.11719103951673797,0.0,0.007194244604316547,0.10714285714285714,0
TREE_052,0.15625,2015,0.11584595959595959,0.0,0.020833333333333332,0.06862745098039216,0
TREE_053,0.0821917808219178,2017,0.04373024236037934,0.0,0.0,0.028985507246376812,0
TREE_054,0.3375,2022,0.30261627906976746,0.0,0.023529411764705882,0.2125,1
TREE_055,0.028169014084507043,2015,0.028169014084507043,0.0,0.014084507042253521,0.010526315789473684,0
TREE_056,0.3302752293577982,2022,0.3302752293577982,0.0,0.02564102564102564,0.08620689655172414,1
TREE_057,0.15384615384615383,2017,0.06646751306945481,0.0,0.0,0.1282051282051282,0
TREE_060,0.09090909090909091,2019,0.05965909090909091,0.0,0.0,0.0,0
TREE_062,0.2622950819672131,2023,0.0,0.0,0.0,0.16393442622950818,0
TREE_063,0.07407407407407407,2023,0.0,0.0,0.0,0.07407407407407407,0
UNDE_001,0.07633587786259542,2024,0.006023377862595422,0.0,0.0,0.06870229007633588,0
UNDE_002,0.11965811965811966,2024,0.04207191276156794,0.0,0.0,0.11965811965811966,0
UNDE_003,0.23076923076923078,2024,0.0055440055440055536,0.0,0.0,0.14414414414414414,0
UNDE_006,0.12,2020,0.03304347826086956,0.0,0.0,0.048,0
UNDE_007,0.23622047244094488,2024,0.12510936132983377,0.0,0.0,0.11811023622047244,0
UNDE_008,0.16666666666666666,2020,0.014942528735632177,0.0,0.013793103448275862,0.13636363636363635,0
UNDE_010,0.2207792207792208,2020,0.046360616128058,0.0,0.0,0.18181818181818182,0
UNDE_011,0.2857142857142857,2020,0.10829493087557601,0.0,0.0,0.2857142857142857,0
UNDE_012,0.296875,2020,0.05072115384615383,0.0,0.015384615384615385,0.28125,0
UNDE_013,0.05660377358490566,2020,0.0,0.0,0.0,0.03773584905660377,0
UNDE_015,0.22058823529411764,2024,0.0,0.0,0.0,0.19117647058823528,0
UNDE_037,0.23776223776223776,2025,0.20172620172620173,0.0,0.0,0.12162162162162163,0
UNDE_038,0.2937062937062937,2025,0.1377429909540001,0.0,0.0,0.24166666666666667,0
UNDE_043,0.18439716312056736,2019,0.06337805484031259,0.0,0.0070921985815602835,0.14482758620689656,0
UNDE_044,0.4347826086956522,2025,0.21409295352323843,0.0,0.0,0.272108843537415,1
UNDE_045,0.22764227642276424,2025,0.08745536053491379,0.0,0.0,0.14018691588785046,0
UNDE_047,0.23943661971830987,2022,0.19256161971830987,0.0,0.016129032258064516,0.056338028169014086,0
UNDE_048,0.2621951219512195,2022,0.1932296047098402,0.0,0.0,0.17073170731707318,0
UNDE_049,0.16891891891891891,2022,0.08068362480127185,0.0,0.0,0.14189189189189189,0
UNDE_050,0.21487603305785125,2022,0.07320936639118458,0.0,0.0,0.15447154471544716,0
UNDE_052,0.1732283464566929,2022,0.06322834645669291,0.0,0.0,0.14285714285714285,0
UNDE_054,0.15555555555555556,2022,0.10292397660818714,0.0,0.0,0.06666666666666667,0
UNDE_055,0.09285714285714286,2018,0.05338345864661655,0.0,0.0,0.07142857142857142,0
UNDE_056,0.10434782608695652,2016,0.012744772651842012,0.0,0.0,0.10434782608695652,0
UNDE_057,0.19815668202764977,2022,0.10265106405012168,0.0,0.0056179775280898875,0.14285714285714285,0
UNDE_058,0.125,2017,0.022727272727272735,0.0,0.0,0.09090909090909091,0
UNDE_059,0.0849056603773585,2017,0.04854202401372214,0.0,0.0,0.05504587155963303,0
UNDE_060,0.24050632911392406,2022,0.20679846394538473,0.0,0.0,0.17721518987341772,0
UNDE_061,0.11538461538461539,2016,0.04221388367729832,0.0,0.0,0.08974358974358974,0
UNDE_065,0.16981132075471697,2019,0.07303712720632988,0.0,0.008064516129032258,0.14953271028037382,0
UNDE_078,0.20491803278688525,2022,0.035903948279843,0.0,0.0,0.18,0
WREF_001,0.32608695652173914,2022,0.07608695652173914,0.0,0.0,0.10869565217391304,0
WREF_002,0.30952380952380953,2023,0.01892551892551897,0.0,0.0,0.2714285714285714,0
WREF_003,0.367816091954023,2022,0.12868565717141428,0.0,0.0,0.21739130434782608,0
WREF_004,0.1875,2022,0.04796511627906977,0.0,0.0,0.09302325581395349,0
WREF_005,0.3442622950819672,2022,0.05854800936768151,0.0,0.0,0.09836065573770492,0
WREF_007,0.109375,2019,0.015625,0.0,0.0,0.09375,0
WREF_008,0.3055555555555556,2022,0.16856925418569257,0.0,0.0,0.09722222222222222,0
WREF_009,0.26666666666666666,2022,0.006666666666666654,0.0,0.0,0.13333333333333333,0
WREF_010,0.3333333333333333,2023,0.18238993710691823,0.0,0.0,0.16666666666666666,0
WREF_011,0.2345679012345679,2022,0.09503301751363766,0.0,0.0,0.1728395061728395,0
WREF_012,0.18421052631578946,2019,0.09849624060150375,0.0,0.0,0.07894736842105263,0
WREF_013,0.22994652406417113,2022,0.04904200145110579,0.0,0.0,0.11764705882352941,0
WREF_014,0.10666666666666667,2022,0.04493827160493828,0.0,0.0,0.04938271604938271,0
WREF_015,0.275,2019,0.0,0.0,0.0,0.075,0
WREF_016,0.25,2019,0.0,0.0,0.0,0.2222222222222222,0
WREF_017,0.10810810810810811,2019,0.0,0.0,0.0,0.06756756756756757,0
WREF_018,0.14285714285714285,2019,0.0,0.0,0.0,0.05714285714285714,0
WREF_019,0.13636363636363635,2019,0.0,0.0,0.0,0.045454545454545456,0
WREF_020,0.20833333333333331,2019,0.0,0.0,0.0,0.16666666666666666,0
WREF_070,0.34948096885813146,2017,0.34948096885813146,0.0,0.0,0.08304498269896193,1
WREF_071,0.15384615384615385,2017,0.15384615384615385,0.0,0.0,0.1242603550295858,0
WREF_072,0.1827956989247312,2017,0.1827956989247312,0.0,0.0,0.13043478260869565,0
WREF_073,0.3081081081081081,2020,0.09816335672689266,0.0,0.011049723756906077,0.21081081081081082,0
WREF_074,0.3553719008264463,2022,0.15879070424524971,0.0,0.016129032258064516,0.27419354838709675,0
WREF_075,0.3203125,2017,0.09474859022556392,0.0,0.015625,0.21621621621621623,0
WREF_076,0.273972602739726,2019,0.0816649104320337,0.0,0.0,0.2191780821917808,0
WREF_077,0.27419354838709675,2017,0.1212523719165085,0.0,0.016129032258064516,0.15476190476190477,0
WREF_078,0.2222222222222222,2017,0.2222222222222222,0.0,0.0,0.1414141414141414,0
WREF_079,0.35766423357664234,2017,0.35766423357664234,0.0,0.0,0.2391304347826087,1
WREF_080,0.17164179104477612,2017,0.08880155435838558,0.0,0.007462686567164179,0.07692307692307693,0
WREF_081,0.3098591549295775,2017,0.3098591549295775,0.0,0.0,0.18309859154929578,1
WREF_082,0.14864864864864866,2025,0.14864864864864866,0.0,0.0,0.13513513513513514,0
WREF_083,0.13513513513513514,2025,0.13513513513513514,0.0,0.0,0.12162162162162163,0
WREF_084,0.28,2025,0.28,0.0,0.0,0.248,1
WREF_085,0.3163265306122449,2025,0.3163265306122449,0.0,0.011235955056179775,0.30612244897959184,1
WREF_086,0.3835616438356164,2025,0.3835616438356164,0.0,0.0,0.273972602739726,1
WREF_087,0.3666666666666667,2025,0.3666666666666667,0.0,0.0,0.32,1
WREF_088,0.27906976744186046,2017,0.27906976744186046,0.0,0.0,0.12403100775193798,1
WREF_089,0.24812030075187969,2017,0.24812030075187969,0.0,0.007518796992481203,0.2,0
