plotID,dhi_nyears,dhi_cum_mean,dhi_cum_trend,dhi_min_mean,dhi_min_trend,dhi_var_mean,dhi_var_trend
ABBY_001,10,0.6675567442279943,-0.05881920514671852,0.5017999999999999,-0.01946909090909543,0.10969847585653292,-0.010918923573601698
ABBY_002,10,0.5863520119047619,-0.0091926294765895,0.426795,0.0011021212121187021,0.16601983301366524,-0.015623757009164805
ABBY_003,10,0.7358380579004329,-0.03710992184836612,0.54477,-0.03189151515153264,0.1240432157172914,-0.006469819337618538
ABBY_004,10,0.6296768566017316,-0.010260418503219593,0.5016149999999999,-0.006922727272730293,0.11894127027313857,-0.0024159591484266066
ABBY_005,10,0.6787199116161615,-0.036951655188255106,0.49979499999999993,-0.023472424242428257,0.14559486719646908,0.0025693914546780147
ABBY_006,10,0.6964604285714285,-0.039690314836690214,0.49625499999999995,0.016558484848479067,0.13619729427035637,-0.03354767588309292
ABBY_007,9,0.44557036335578004,-0.01086646464646337,0.2430611111111111,-0.010524999999997856,0.3116816315314368,-0.003286298488154684
ABBY_008,10,0.6710730012626263,-0.04947195278544317,0.4909699999999999,-0.031770303030310254,0.15361238843895605,-0.0007894508214786565
ABBY_009,10,0.6680562803030303,-0.021442205234167514,0.5363499999999999,-0.019206060606066274,0.10181437447116681,-0.0001369745121697967
ABBY_010,10,0.7040578724747475,-0.048233306167751115,0.55131,-0.01846181818182665,0.10139718936825419,-0.018921829043283548
ABBY_011,9,0.5959363510101011,-0.025785249999998566,0.4006666666666667,-0.019133333333331552,0.1813845080584834,-0.003353451413322479
ABBY_012,9,0.5928900631313132,-0.03710597727272541,0.3505,-0.021624999999997067,0.25863885489100896,0.009769024810588117
ABBY_013,10,0.5818861060606061,-0.0024772644628144,0.406355,0.0006178787878785141,0.15451601778801471,-0.004905752205602985
ABBY_014,10,0.7224143964646464,-0.05553106014693607,0.637345,-0.04819606060606937,0.07523506270993921,-0.0012071197563508923
ABBY_015,10,0.6148129915223665,-0.006222072926238601,0.42699999999999994,0.0023018181818167988,0.16085134226932946,-0.012766104967694971
ABBY_016,10,0.7156622867965368,-0.0555828745244781,0.62463,-0.04559030303031345,0.0661561932720083,-0.0036909181545087834
ABBY_017,10,0.7329700000000001,-0.04570653198654378,0.58051,-0.026658787878796424,0.09874603143908504,-0.01086494513072454
ABBY_018,10,0.5385777164502163,0.011039549390001612,0.411185,0.006683333333331784,0.12627728715177014,-0.0008467486892327063
ABBY_019,10,0.6994068625541126,-0.047246956250832875,0.551795,-0.022674848484858207,0.11104247967452001,-0.011318513097902641
ABBY_023,10,0.721164439033189,-0.04884585410381956,0.57049,-0.03978969696970602,0.10988137238681403,0.0015315887875410788
ABBY_025,10,0.6916862550505051,-0.05810217493114213,0.5730600000000001,-0.05734909090910138,0.10618493970865736,0.008454208114714078
ABBY_061,10,0.7124432045454545,-0.037649326446292805,0.5690000000000002,-0.004374545454552582,0.09896717638707739,-0.020823727863516505
ABBY_062,10,0.7505736866883117,-0.04565491312476536,0.6473150000000001,-0.035191818181829086,0.06996568168015753,-0.005302652182691067
ABBY_063,10,0.6425774247835497,-0.03449595064280008,0.4654299999999999,-0.014482424242428826,0.17605562631341795,-0.011055904389506344
ABBY_064,10,0.7204835097402597,-0.04373136619442356,0.59952,-0.012997575757584721,0.0870494063384213,-0.01417574161688741
ABBY_065,10,0.6998742499999999,-0.036189325528017686,0.5481550000000001,-0.0030481818181850705,0.10536991697435487,-0.020462943550240507
ABBY_066,10,0.6860869632034632,-0.03215350426342266,0.5076799999999999,0.007605454545449562,0.12093676088692329,-0.02375656059795048
ABBY_067,10,0.6930930319264069,-0.05209175459138346,0.5309199999999998,-0.038686666666683994,0.13554448438247152,9.207608217162892e-05
ABBY_068,10,0.7121291185064933,-0.04477176298702417,0.5966499999999999,-0.033325454545466836,0.08781857071842629,-0.0025873674859691856
ABBY_069,10,0.716755110930736,-0.04052042643973295,0.5762349999999999,-0.004425757575765027,0.0911903020724402,-0.018429965646530915
ABBY_070,10,0.7164214967532467,-0.04140496792602526,0.5933300000000001,-0.018584242424249175,0.09158768645989147,-0.014893488385020952
ABBY_073,10,0.7358193425324677,-0.04748963449430501,0.638815,-0.04256272727273844,0.07608248899136597,-0.0010268688120469282
ABBY_074,10,0.7190702251082252,-0.04086850478815193,0.564445,-0.014522727272736038,0.09884635961743529,-0.013783172696187136
ABBY_075,10,0.7112796006493507,-0.038102969500206633,0.58749,-0.011641212121218849,0.08584850188856294,-0.015299080772243264
ABBY_076,10,0.6932092451298701,-0.04107872973239992,0.561035,-0.025124545454556318,0.10486861002167595,-0.006901545616367626
ABBY_077,10,0.6665525454545453,-0.02260384664831187,0.45067,-0.01057757575758335,0.17548407433542723,-0.0019595756406252138
BART_001,9,0.6512128493265994,-0.04882363679129321,0.5035833333333334,-0.04085661290322402,0.12802310514647688,-0.00040807839629294386
BART_002,8,0.5155804074224386,-0.058828029852088126,0.142725,-0.024594047619046735,0.5417234506092452,0.03786069775654759
BART_003,8,0.5173443930375181,-0.06415501863876436,0.15565,-0.020995238095236058,0.5329369409661083,0.03750332849611888
BART_004,9,0.6538019893378225,-0.04793853343922323,0.4383722222222222,-0.03908580645160839,0.1585896582089293,0.006263538671757351
BART_005,8,0.628765965909091,-0.06621110569984985,0.4734312500000001,-0.048851785714278874,0.12982735512146665,0.008308959895589834
BART_006,9,0.4852658585858586,-0.029631049120230138,0.1801111111111111,-0.015221451612901988,0.5440432670520904,0.008993302617360168
BART_007,8,0.6047772316919191,-0.049817514129384045,0.40511874999999997,-0.006976785714281696,0.1756330290989488,-0.01500083168854099
BART_010,8,0.4709580303030303,-0.03580568181817891,0.11914375,-0.0015767857142850873,0.6177572900896292,0.005441837347296545
BART_011,8,0.600674154040404,-0.05831199735449145,0.40719374999999997,-0.022319642857136668,0.19432691122424162,0.0012073152996307816
BART_012,8,0.5276604489087301,-0.06537319987716897,0.20783125,-0.05977202380952045,0.5283893841210501,0.050495466013448786
BART_013,8,0.5248387953192641,-0.06165566835445841,0.15458125,-0.02694940476190244,0.5146748750846167,0.03936365809471272
BART_015,9,0.5976097811447812,-0.039242786534696816,0.4048222222222222,-0.031219516129032284,0.24251986204146192,0.0038098517469584044
BART_016,8,0.6003875,-0.05380599567099011,0.3988375,-0.007645238095233356,0.19739985055248088,-0.010306223594486475
BART_018,9,0.6361228956228957,-0.042332218963824234,0.49815,-0.0327171774193505,0.15134280803647285,0.0004923794429626769
BART_019,9,0.5774541245791246,-0.04587909518572148,0.3642944444444444,-0.026401290322581945,0.23518053117408058,0.007763300194233174
BART_023,9,0.6568972783389451,-0.05122337542087457,0.44803333333333334,-0.03344083333333339,0.14491156632136035,0.002011315071170774
BART_024,8,0.6426708459595959,-0.05629614718614116,0.46759375,-0.020711309523802724,0.14186289606694302,-0.01997011016333771
BART_025,9,0.628875382996633,-0.0484072356427104,0.4230333333333333,-0.024470806451612946,0.15672071604469587,-0.00613396386049794
BART_026,9,0.6486882892416226,-0.0373670536354253,0.4535111111111111,0.0068474193548383475,0.14069780955227387,-0.0299673031944188
BART_027,9,0.6763682603815937,-0.04668845633756116,0.4692222222222222,-0.03530653225805899,0.13281440089704188,-0.0012364606765523374
BART_028,8,0.6343715277777777,-0.05895242063491503,0.43061875,-0.017892261904756682,0.14140329932639312,-0.011424802376352603
BART_032,9,0.4504413636363636,-0.023032009530786,0.1763222222222222,-0.008618629032257677,0.5350932962316794,-0.004506299183481039
BART_033,8,0.48332762626262626,-0.042218825156321436,0.1357,-0.013953571428569268,0.5520755382397537,0.010031881132261663
BART_034,9,0.6025336363636363,-0.042504881964802996,0.40437222222222224,-0.036843064516126636,0.23217054047749197,0.006663599298642396
BART_036,8,0.461254375,-0.03798568722943397,0.1674,-0.0068464285714269395,0.52372094143991,-0.0014629485776397244
BART_037,8,0.457069090909091,-0.03612540043289726,0.13146249999999998,-0.0076523809523803155,0.5728556512776264,0.0012399882512262506
BART_039,9,0.5803190824915825,-0.04145215921309254,0.37314444444444445,-0.03017548387096671,0.2602144008858471,0.0046519660536256035
BART_040,9,0.460065303030303,-0.034166181818176045,0.13874444444444445,-0.008208225806450963,0.5753480505037779,0.007162919638784932
BART_041,9,0.5399721632996632,-0.037915902981421105,0.2977666666666667,-0.01643056451612744,0.35088141410453133,0.002818535089900251
BART_042,8,0.5353721212121212,-0.04647205266954895,0.28463125,-0.02982083333333058,0.3516477876923604,0.007762381141920027
BART_044,8,0.5472861174242425,-0.045183576839822666,0.3474875,-0.02166904761904498,0.29604208965953943,-0.0020871624120094895
BART_046,9,0.4934642873176207,-0.03728000301400446,0.20704444444444445,-0.019042338709675626,0.49997386754170836,0.012110488673879028
BART_047,9,0.47116809764309764,-0.033199668377316006,0.17821666666666666,-0.008597661290322378,0.5231767686346509,-0.0005025061165400129
BART_050,8,0.6100316287878788,-0.05710844877344359,0.402475,-0.04190238095237522,0.20236997001590862,0.008534211420372006
BART_051,8,0.5907508806818181,-0.05029617334054373,0.40104375,-0.03494345238094776,0.20842014376474494,0.00029015911014006776
BART_070,9,0.581173627946128,-0.04314304630986598,0.35392222222222225,-0.02618459677419446,0.24443775136294224,0.006603981024247415
BART_071,9,0.4965437542087543,-0.03251175928640792,0.20973333333333333,-0.012344032258065442,0.4207447268311759,-0.009435327328286336
BART_072,8,0.5448054829545455,-0.045583887987008874,0.335125,-0.0283988095238066,0.30752571845567445,0.002168779770278987
BART_073,9,0.551402359708193,-0.03932188876669302,0.3144277777777778,-0.032860483870964324,0.32511867390924376,0.008405475041154273
BART_074,8,0.550989403409091,-0.044098633658004684,0.34921875,-0.0253624999999968,0.3077126311352969,0.00044500555584150124
BART_075,8,0.5665336742424242,-0.04790315656565215,0.36558124999999997,-0.033327976190471995,0.25511118132496313,0.002593547782397577
GRSM_001,10,0.5808205227272728,-0.03764001056015457,0.31104000000000004,-0.025288484848490826,0.358753594054532,0.014966671005867647
GRSM_002,10,0.6362722272727273,-0.04305157392103776,0.45044000000000006,-0.035323030303036504,0.21600249507278918,0.012128398633862805
GRSM_003,10,0.541935064935065,-0.035049815033457596,0.26143,-0.029990303030306,0.42420835490770614,0.025751520158464963
GRSM_004,10,0.6068139134199134,-0.03883004735669333,0.42024,-0.02512363636364563,0.24223211718292936,0.009872662402032422
GRSM_005,10,0.6359969805194805,-0.036323678997779704,0.44669500000000006,-0.042220303030312996,0.2185774229431948,0.01517857661131938
GRSM_006,10,0.6188695340909092,-0.03402990105602424,0.37496999999999997,-0.0017030303030398596,0.2597958715720704,0.0004421217506550169
GRSM_007,10,0.5507152727272727,-0.031306456382007936,0.25911500000000004,-0.014716060606068466,0.3978311528841617,0.020124871741399358
GRSM_008,10,0.5585197016594516,-0.035262077550402664,0.24962999999999996,-0.01483212121212736,0.40941576541190905,0.018158510777322157
GRSM_009,10,0.5622445833333333,-0.03520160927456908,0.20802,-0.0042612121212137755,0.4270599784717266,0.009196119321091153
GRSM_010,10,0.5773484166666666,-0.04076893434344455,0.28283,-0.024049090909099517,0.3783003136029624,0.025928974923126322
GRSM_011,10,0.56160931998557,-0.034449806615951206,0.237315,-0.019850606060611658,0.4077352968306502,0.016602286034882098
GRSM_012,10,0.5391397312409812,-0.030090972167567908,0.2125,-0.008501212121214146,0.43169100235084096,0.012061277140429389
GRSM_013,10,0.614721476190476,-0.04181776846386959,0.43435499999999994,-0.041885151515163165,0.23788740635324107,0.019820450184796487
GRSM_014,10,0.5861292083333333,-0.03681595202021098,0.329365,-0.0277524242424311,0.3427827668810806,0.02149209638475513
GRSM_015,10,0.5734507575757577,-0.03856758494032051,0.33902,-0.02375272727273494,0.31809514657759874,0.0164197085119863
GRSM_016,9,0.5409232323232324,-0.060247140151513605,0.34225,-0.035722499999998804,0.22430702437576577,0.014540916976952784
GRSM_017,10,0.5898937500000001,-0.03479654040405,0.366465,-0.01622030303031333,0.29946612365125136,0.007756070378944294
GRSM_018,10,0.6302921320346321,-0.04056277449823762,0.40058,-0.0416690909090978,0.2810110105356212,0.02314292147204984
GRSM_019,10,0.6097970227272727,-0.03971547704316884,0.42898000000000003,-0.04058848484849607,0.2569149721180344,0.019048859487609458
GRSM_025,10,0.5725737424242424,-0.042612977043173295,0.319325,-0.005727575757586688,0.2593136528465454,-0.014482902286906928
GRSM_047,10,0.5477723798701299,-0.02541357359307766,0.32197000000000003,-0.005868484848491931,0.31414164370366887,0.0034774329023193815
GRSM_048,10,0.6028313293650794,-0.03772751268092951,0.35608,-0.024703030303036798,0.29455520986853345,0.011293259701266654
GRSM_049,10,0.5700552056277055,-0.03404921684376747,0.318955,-0.02583848484848953,0.37408388283435173,0.015146829742376536
GRSM_050,10,0.5864540303030303,-0.04163091919192673,0.259785,-0.021580303030309982,0.4011255293204008,0.019900933867833242
GRSM_051,10,0.5474824025974027,-0.02382349140758557,0.304385,-0.005409393939398981,0.3328803576594178,0.006164803620335706
GRSM_052,10,0.5661369913419914,-0.026994910796278297,0.32018500000000005,-0.009799090909093325,0.33116324383239315,0.0006059560821960723
GRSM_053,10,0.6203246691919192,-0.04777804912764803,0.330175,-0.05641787878788074,0.3367379198069715,0.036467699687543105
GRSM_054,10,0.5617030487012986,-0.030145151449566518,0.268285,-0.004508181818186432,0.3820031328438874,0.003999938525208465
GRSM_055,10,0.5880194734848485,-0.04225449839302894,0.27737,-0.022127878787886027,0.38441148977727513,0.017417422210643876
GRSM_056,10,0.5684942467532468,-0.03348714010232787,0.29295,-0.014903636363644083,0.3758782388347975,0.010784270698085189
GRSM_057,10,0.5951944797979798,-0.04051164064892083,0.315195,-0.023718484848491844,0.3399744397370077,0.01579451492402667
GRSM_058,10,0.5899098033910534,-0.03833819089160825,0.31376499999999996,-0.0305578787878876,0.35050108786940043,0.018884248314177565
GRSM_059,10,0.572769722943723,-0.03303866246885067,0.35107,-0.012760606060614636,0.29542287901493225,0.006640853652795613
GRSM_060,10,0.5630714469696969,-0.03529472314050171,0.279685,-0.0204924242424277,0.394553768436239,0.012169634710110887
GRSM_061,10,0.5966794999999999,-0.04248449586777678,0.330315,-0.026637272727283414,0.3479641295629996,0.024305567048119387
GRSM_062,10,0.5273388387445888,-0.009876381280335118,0.29802,0.012386060606060708,0.30451013862355947,-0.008969403047231208
GRSM_063,10,0.6283733924963925,-0.042091651056021286,0.32919,-0.05663696969697171,0.32130098905477655,0.030247656821285458
GRSM_064,10,0.5780807575757576,-0.03970731404959521,0.31247,-0.027512121212129953,0.36258962920293336,0.019363710743406506
GRSM_065,10,0.5828016038961038,-0.03877434959990362,0.334795,-0.02427606060607185,0.3177542352040379,0.01658301019240416
GRSM_066,10,0.5696454448051949,-0.038784183851509495,0.30261499999999997,-0.024145757575763174,0.36716683606869055,0.014788868771478024
HARV_001,1,0.4087636363636364,,0.2538,,0.344534954634751,
HARV_002,1,0.3460363636363637,,0.19755,,0.3809535967720765,
HARV_004,1,0.3943136363636364,,0.26625,,0.30920566806079114,
HARV_005,1,0.3928227272727272,,0.2448,,0.32913123276515627,
HARV_006,1,0.4428090909090909,,0.3101,,0.20640219682843058,
HARV_008,1,0.44,,0.3203,,0.17635837913907576,
HARV_010,1,0.42721363636363635,,0.3126,,0.2876309695165457,
HARV_011,1,0.3735136363636364,,0.1633,,0.4542702061826492,
HARV_012,1,0.3828772727272727,,0.2976,,0.18928163734828438,
HARV_013,1,0.42300000000000004,,0.2987,,0.24190527244097948,
HARV_014,1,0.441659090909091,,0.3584,,0.17699236696548803,
HARV_015,1,0.40293181818181817,,0.26265000000000005,,0.3492048890178718,
HARV_016,1,0.41343636363636366,,0.2964,,0.2828510987727808,
HARV_017,1,0.40657272727272725,,0.28005,,0.2716956470774771,
HARV_020,1,0.3385590909090909,,0.18275000000000002,,0.4134700317017479,
HARV_021,1,0.4186045454545454,,0.3081,,0.26149246100068674,
HARV_022,1,0.4096772727272727,,0.3177,,0.20932564666285752,
HARV_023,1,0.4042409090909091,,0.3042,,0.26237946959383124,
HARV_024,1,0.4527954545454546,,0.3547,,0.19905518570014458,
HARV_025,1,0.3459,,0.2145,,0.3512759338343757,
HARV_026,1,0.4618136363636363,,0.4083,,0.10136021490951487,
HARV_027,1,0.41612727272727273,,0.3543,,0.18376690334447773,
HARV_033,1,0.38516818181818185,,0.2045,,0.43321889371225697,
HARV_034,1,0.4109818181818182,,0.314,,0.2543556609963936,
HARV_035,1,0.4617227272727273,,0.3816,,0.17112688258946934,
HARV_036,1,0.35513181818181816,,0.1174,,0.5113431691037132,
HARV_037,1,0.4597454545454545,,0.37075,,0.17362273529143987,
HARV_038,1,0.4599863636363635,,0.3701,,0.1930595693532588,
HARV_039,1,0.38882727272727274,,0.148,,0.43322127741563055,
HARV_040,1,0.4133863636363637,,0.24380000000000002,,0.3496676122116391,
HARV_041,1,0.4519727272727272,,0.3556,,0.1694675928345976,
HARV_042,1,0.39976818181818174,,0.1825,,0.4094753296744975,
HARV_043,1,0.4162545454545455,,0.1871,,0.35364608172106016,
HARV_044,1,0.37167272727272727,,0.1417,,0.4766912023427796,
HARV_045,1,0.3650363636363636,,0.1568,,0.4631221461422869,
HARV_046,1,0.3941681818181818,,0.25615,,0.3399535144993623,
HARV_047,1,0.3745090909090909,,0.1504,,0.49742035992305506,
HARV_048,1,0.4392454545454546,,0.34545000000000003,,0.20959935697961338,
HARV_049,1,0.43919545454545456,,0.3402,,0.23220613666813608,
HARV_050,1,0.43059545454545456,,0.28959999999999997,,0.2942842450378157,
HARV_051,1,0.4091590909090909,,0.265,,0.3363787180053185,
HARV_052,1,0.43301818181818175,,0.3004,,0.2767651819539981,
JERC_001,10,0.55084329004329,-0.03850684507412632,0.41264500000000004,-0.032404545454552305,0.1810867240190976,0.007555415128172694
JERC_002,10,0.6068918750000001,-0.03621767102847575,0.44207,-0.021753333333340612,0.1293511654547431,4.337369348520719e-05
JERC_003,10,0.6253341477272727,-0.03810298324151371,0.48708,-0.03010787878788165,0.12204747703444904,0.006986948959942
JERC_004,10,0.47186218614718617,-0.027690338449437732,0.32219,-0.022287878787884706,0.2600877027995852,-0.002322727968115664
JERC_005,10,0.5744197348484847,-0.02934013085400207,0.43732,-0.0004309090909173654,0.1313653055830823,-0.01639632074219864
JERC_006,10,0.5633966098484848,-0.033366562213047006,0.399725,-0.016600303030309127,0.15725962968581778,0.0014411254855122642
JERC_007,10,0.604377803030303,-0.04146370982553732,0.490655,-0.03928878787879623,0.12516613764704335,0.009939756588454984
JERC_008,10,0.5628605681818183,-0.03319721992654568,0.39052,-0.02064121212121541,0.18314961853271708,-0.0007599929855905184
JERC_009,10,0.5925004274891774,-0.036887841073076105,0.41231,-0.030580606060608133,0.1641491554069871,0.010119875605897385
JERC_010,10,0.5633127272727272,-0.04125735996327783,0.41865499999999994,-0.031500303030308464,0.15814315870459125,0.0056364781578412074
JERC_011,10,0.5644542965367965,-0.04194809654992421,0.460625,-0.040076666666674504,0.14303159770893914,0.011086163757248734
JERC_012,10,0.34212908874458875,-0.02240728164764953,0.153925,-0.011009393939395398,0.5093696828630289,0.011499244534961626
JERC_013,10,0.5745099404761904,-0.03598461399712336,0.43733500000000003,-0.02309787878788417,0.14037644041294628,-0.0022677255208488198
JERC_014,10,0.4392497537878787,-0.02222409435262281,0.24426,-0.014892727272731006,0.3682457044721312,0.0051065070959925045
JERC_015,10,0.5806018777056277,-0.0338358451397177,0.432895,-0.012051212121221686,0.14018031651961965,-0.0038076959226976442
JERC_016,10,0.6524678409090909,-0.0390354155188329,0.500215,-0.02319969696970348,0.14129764897369676,0.001779465272701563
JERC_019,10,0.5858094047619049,-0.04041075429621752,0.39232500000000003,-0.03530515151515825,0.223202762976512,0.015485152469412178
JERC_021,10,0.5880317613636363,-0.038554183884306356,0.45087,-0.024824848484855166,0.14046178664431047,0.0028711216181187414
JERC_022,10,0.5527970265151516,-0.03611025137741924,0.4557650000000001,-0.033591212121220015,0.11970552280917082,0.006829197979644191
JERC_028,10,0.598597196969697,-0.036207213039494125,0.38034500000000004,-0.029325757575763528,0.2626994249210287,0.009610151476274314
JERC_029,10,0.5690166396103896,-0.03370621113735616,0.37337,-0.027579393939397956,0.1950386146489018,0.008047655455289454
JERC_030,10,0.5985572132034632,-0.04041604650401011,0.450295,-0.030939696969703646,0.15906250070485198,0.006013307200894887
JERC_031,10,0.5976969696969697,-0.032268034894407605,0.448565,-0.003895454545461296,0.12745591635132342,-0.009272474222962597
JERC_033,10,0.558141268939394,-0.03196002180900668,0.4103,-0.027803636363641224,0.1565105840234922,0.0068402300198965585
JERC_034,10,0.5703315638528139,-0.03939026990686874,0.385365,-0.02851303030303442,0.1940833571550397,0.003996403219876292
JERC_035,10,0.5413228733766233,-0.033703252328487934,0.36160000000000003,-0.024712121212127142,0.2464329260209021,0.009478203194985182
JERC_036,10,0.5801053354978354,-0.03320951265906474,0.40523,-0.023405454545457612,0.1739439191850325,0.0059734511726558396
JERC_038,10,0.6634910416666667,-0.04231834595960462,0.5499,-0.03142909090909421,0.09603990586716449,0.00336076166486662
JERC_040,10,0.5549354924242424,-0.04314198117539905,0.46012000000000003,-0.035526060606065876,0.10688985558582775,0.005080217888152291
JERC_041,10,0.6485646645021645,-0.032874247671529334,0.45124,-0.01388848484849458,0.18068357674450963,0.002119260464279512
JERC_042,10,0.5698983901515151,-0.038965214646473484,0.417915,-0.03179181818182496,0.1686127482060979,0.00915480838967262
JERC_044,10,0.5649217424242423,-0.03456122589532461,0.41625999999999996,-0.030724242424247695,0.16814679938488936,0.00990323879561517
JERC_047,10,0.592447196969697,-0.03974676308540785,0.47028500000000006,-0.03355848484848961,0.12209758197140788,0.007737733675095292
JERC_048,10,0.5636835497835497,-0.034621770956324446,0.440945,-0.027883333333339862,0.1335119797640359,0.0018957143205537348
JERC_049,10,0.5750754545454545,-0.03490912764004534,0.45370499999999997,-0.015576666666677414,0.12317564346333751,-0.005006929633568947
JERC_050,10,0.6435997159090909,-0.04017835743802527,0.51388,-0.03603272727273327,0.11641162286728053,0.007468783890032156
JERC_051,10,0.597618961038961,-0.03820983274302315,0.47995,-0.028286666666671158,0.11923486937998895,0.0042157950183891214
JERC_052,10,0.5549577651515152,-0.03750888659321307,0.42607999999999996,-0.03661878787879502,0.16710497016310327,0.011921479018144979
JERC_053,10,0.5889137662337662,-0.03754422143513869,0.46337,-0.031053939393943533,0.12727523827422102,0.006305872114463411
JERC_054,10,0.6558610037878788,-0.04351177341598705,0.5158750000000001,-0.04094393939394591,0.13092939778781396,0.010205054651934864
JERC_055,10,0.542538731060606,-0.03573217745638943,0.38589,-0.030415151515156603,0.19177509267486792,0.008031885487295162
JERC_056,10,0.5507180871212122,-0.03511217056933648,0.37619500000000006,-0.0303439393939453,0.2162494851001205,0.007785459359000491
JERC_057,10,0.6408563798701299,-0.039783066706030025,0.48348,-0.03426363636364228,0.14079804926941616,0.006716469579968606
JERC_058,10,0.5663009848484848,-0.03383745179064239,0.35147000000000006,-0.011060000000006029,0.20598322047711087,0.0005923361910484422
JERC_059,10,0.6048317424242424,-0.04007880165290164,0.47385,-0.0330963636363709,0.12722583528554982,0.0068099831882434386
JERC_060,10,0.5847614935064935,-0.04097191656828909,0.48720500000000005,-0.03870151515152211,0.09569372439546549,0.006440343915423054
JERC_061,10,0.5789437500000001,-0.0399239967860511,0.4730899999999999,-0.036532121212127906,0.12006269623130539,0.007316159009709712
JERC_062,10,0.6101960795454546,-0.041827847796152666,0.5191399999999999,-0.03583151515152071,0.08733337842438886,0.003831276340066993
JERC_063,10,0.5453929924242424,-0.030840443067042568,0.359255,-0.014813030303038967,0.1951771579345669,0.0014313842593269151
JERC_064,10,0.592595018939394,-0.03968740243343522,0.49254,-0.022702424242436476,0.09716661762045457,-0.0038197102342729253
JERC_065,10,0.5616727462121213,-0.03871885789716242,0.42284,-0.026032727272736582,0.12803871357382107,0.0005070413815952408
JERC_066,10,0.5722575000000001,-0.03702237373738158,0.43489000000000005,-0.026926666666670738,0.14592730999646575,0.004765070887555163
MLBS_001,10,0.4850122736291486,-0.028999682506890785,0.254015,-0.024386363636368848,0.40543602054646827,0.018970722233663858
MLBS_002,10,0.49048407792207777,-0.032610200052479076,0.20469999999999997,-0.02597454545454841,0.44250755232407785,0.013402901581423664
MLBS_003,10,0.4828233468614719,-0.03136042473436121,0.18119,-0.012636969696969572,0.4614427161154485,0.009129470129589529
MLBS_004,10,0.5226097108585859,-0.02866271694215511,0.23131500000000002,-0.021104545454548634,0.4342310792832145,0.013495170879735093
MLBS_005,10,0.4836794343434344,-0.024739633302728,0.20961500000000002,-0.006626363636361578,0.43288496333111215,0.003933799985171437
MLBS_006,10,0.5213649356060606,-0.03890094008265141,0.32825,-0.035052727272735285,0.3472861650677005,0.02040158186299926
MLBS_007,10,0.5445877613636364,-0.04081634182737177,0.30524,-0.030486060606066498,0.36249126211050336,0.02684651229473478
MLBS_008,9,0.5166343843193844,-0.04010916973304414,0.22219444444444444,-0.032274999999999894,0.43193600220753103,0.031949033590543546
MLBS_009,10,0.48403614502164505,-0.03052461432507442,0.22944499999999995,-0.02166454545454929,0.4312865851301547,0.009615540982682207
MLBS_010,10,0.461837323051948,-0.028992546143257455,0.24318499999999998,-0.02505363636364362,0.4129914430052108,0.012152698171852914
MLBS_011,10,0.5035948825757577,-0.03698949288338523,0.255695,-0.026485757575763328,0.4098176828567016,0.01714109974053942
MLBS_012,10,0.5457600454545454,-0.041937936179989185,0.32569499999999996,-0.03529484848485674,0.3081594172652259,0.021097733764022054
MLBS_013,10,0.5641074918831169,-0.03765212465565434,0.34958,-0.03364060606061424,0.32874700641798543,0.023138808384461845
MLBS_014,10,0.5292444772727272,-0.030675245638207508,0.27681,-0.010198181818188752,0.3830481479850427,0.013299796169510537
MLBS_015,10,0.5527745555555555,-0.04010222222222979,0.299805,-0.029591818181824884,0.35434766918185495,0.021293748966382028
MLBS_016,10,0.5434122435064935,-0.03801842024138202,0.302325,-0.027370000000005897,0.3682762025227161,0.0191675414615588
MLBS_017,10,0.49222240007215,-0.039233960667284656,0.23384500000000003,-0.03220212121212706,0.4209354147562169,0.02223178153430901
MLBS_018,10,0.5184403636363637,-0.029100174471998256,0.24676,-0.031207272727279935,0.425457461595934,0.02799887842376334
MLBS_019,10,0.5533281875901876,-0.037693149678612634,0.33719000000000005,-0.01990303030304099,0.3344159796140913,0.016242387009379265
MLBS_020,10,0.5215056628787879,-0.03662627754821558,0.29358500000000004,-0.026831818181824302,0.355732729289823,0.016580282627029944
MLBS_061,10,0.47706673376623376,-0.03519722668241465,0.22976000000000002,-0.030705454545461044,0.4300686590304309,0.023725138865345427
MLBS_062,10,0.503920196969697,-0.03557275941231199,0.289215,-0.018946363636369232,0.3322151393992281,0.01216759886604918
MLBS_063,10,0.4824527386363636,-0.03140356450873013,0.23847000000000002,-0.021180000000004653,0.41957329917021513,0.0013755307614239977
MLBS_064,10,0.47905130086580083,-0.033814743539294305,0.17604999999999998,-0.02013272727272862,0.4720361478904748,0.012613905786136559
MLBS_065,10,0.4875595919913421,-0.03430968089991562,0.24803000000000003,-0.026044848484854544,0.3970325459070635,0.011469935351670365
MLBS_066,10,0.46951192045454543,-0.037089997933891033,0.21544,-0.026598181818186108,0.4345425245971616,0.020747288767902758
MLBS_067,10,0.4832429025974026,-0.037466991210815793,0.20707,-0.021732121212125775,0.4502339788356937,0.010333139042563139
MLBS_068,10,0.5092214112554112,-0.041425480125941494,0.251095,-0.03321727272727749,0.3579057481120964,0.013940379077019801
MLBS_069,10,0.5020129123376623,-0.03835383425161428,0.23000500000000001,-0.0309457575757634,0.45205950869197126,0.018714405377441228
MLBS_070,10,0.4985851022727273,-0.03325838957760024,0.21714499999999998,-0.011973030303036033,0.39330204511009387,0.006702651521375753
MLBS_071,10,0.5022389166666665,-0.03993468968910627,0.28788,-0.030038787878794042,0.35216222347515436,0.015238373477585948
MLBS_072,10,0.4974964161255412,-0.03882805670340477,0.26328,-0.03417454545455174,0.37123970781083293,0.01704102009913748
MLBS_073,10,0.4768469155844155,-0.03789791879837983,0.199785,-0.029319090909095392,0.45280662989799636,0.020676648061783136
MLBS_074,10,0.48448584523809524,-0.03949180932704386,0.20425999999999997,-0.03360424242424776,0.4652343945778551,0.02301206554703018
MLBS_075,10,0.4941423538961039,-0.03253860310901955,0.22931500000000002,-0.02829303030303675,0.4318382868376417,0.009225129696327829
MLBS_076,10,0.49277264610389604,-0.036631112750891905,0.18482499999999996,-0.026324545454548168,0.4520483703002579,0.01915143251391342
ORNL_001,10,0.5824843156565657,-0.04536942011020303,0.29810499999999995,-0.018096666666675084,0.3060562487474646,0.012188239507555852
ORNL_002,10,0.571242101010101,-0.03906420538721286,0.221325,-0.00761727272727743,0.42042410093032806,0.0065353150547987435
ORNL_003,10,0.44156790656565653,-0.03369751285583882,0.19488,-0.019876363636365583,0.3767351567902372,0.024229812044271444
ORNL_004,10,0.5680037323232323,-0.04237077930824152,0.27497000000000005,-0.017377575757583634,0.3745507847493309,0.010898598295673542
ORNL_006,10,0.44295422619047614,-0.056640054637295004,0.17723,-0.044189090909103945,0.5713410359571979,0.053697243632802295
ORNL_007,10,0.4614638055555556,-0.046679154116934296,0.240305,-0.033868787878788234,0.3390852315321087,0.0292711895291988
ORNL_008,10,0.5697800883838384,-0.04192490342823045,0.27715999999999996,-0.018349696969705936,0.3773195299254578,0.01185579159601932
ORNL_009,10,0.576458345959596,-0.041637625497407925,0.28286500000000003,-0.005594242424250632,0.3374637310945347,0.0054717634176672195
ORNL_010,10,0.5743067828282828,-0.049993399755134296,0.35746500000000003,-0.05134454545454709,0.27756024508632204,0.0256131555769956
ORNL_012,10,0.5781082373737373,-0.04272975818794878,0.29518000000000005,-0.021300606060615315,0.3537721785675859,0.013298916652101256
ORNL_014,9,0.42782776515151516,-0.07164551010100845,0.1559611111111111,-0.05656249999999883,0.5562651152472156,0.06715947655864955
ORNL_015,10,0.5655436616161615,-0.03700371288644981,0.30244499999999996,-0.011087575757586619,0.3272807600654559,0.006476489429339285
ORNL_017,10,0.5762979318181818,-0.04170563957760104,0.28186999999999995,-0.0256866666666707,0.3660771385950989,0.019032248925102874
ORNL_018,10,0.5755357979797979,-0.04490025374962648,0.30333000000000004,-0.028183030303038276,0.33282937527105905,0.020306253318984533
ORNL_019,10,0.4288994206349206,-0.06447895286196466,0.19529999999999997,-0.053395757575767464,0.5009813676614767,0.053001111832410124
ORNL_021,10,0.41368029545454554,-0.05060124471993986,0.15389999999999998,-0.03148606060606805,0.45189335374562684,0.03914929209565225
ORNL_027,10,0.5805698005050506,-0.04251646143251867,0.372495,-0.02600090909092434,0.21805819628179934,0.004224117631668422
ORNL_029,10,0.5627698484848486,-0.03840874043466016,0.33919999999999995,-0.013080606060614303,0.27114039730479544,-0.0012399872606351859
ORNL_031,10,0.5082770808080809,-0.02947966911540575,0.293955,-0.018217272727276187,0.2817463071105772,0.014586379732123124
ORNL_032,10,0.6166429242424243,-0.045606692378338906,0.39828,-0.0253351515151633,0.22060862572255036,0.005780066709144776
ORNL_033,10,0.45904742171717183,-0.058658342669130975,0.13713,-0.023903636363644707,0.4685180504958012,0.023307389451387196
ORNL_035,10,0.606666717171717,-0.049301672788500256,0.4039400000000001,-0.04690666666667059,0.2034473597341589,0.017083535381600373
ORNL_036,10,0.5516935290404039,-0.042425043235394574,0.27189499999999994,-0.01609666666667594,0.35136749984443916,0.01599419279174364
ORNL_037,10,0.5590616515151515,-0.04461490449954744,0.33584,-0.04616727272727416,0.31738725995807615,0.029856849638958672
ORNL_043,10,0.5599780845959597,-0.04601078183349492,0.33685,-0.04360666666666865,0.2938290141638568,0.02989133743228914
ORNL_044,10,0.4494162348484848,-0.04693263865933368,0.20343999999999998,-0.039604242424251326,0.4321418971291198,0.040151536574826424
ORNL_045,10,0.5182036111111111,-0.03730456994185128,0.263235,-0.012290000000006024,0.350136137739783,0.010431316220964628
ORNL_046,10,0.5531013308080809,-0.0447256998775722,0.343205,-0.04382636363636639,0.29540568177711546,0.027292786190827905
ORNL_049,10,0.5581472853535353,-0.036781211355991675,0.24847999999999998,-0.014712727272732264,0.3762425700487852,0.01166791350619225
ORNL_050,10,0.5260713446969696,-0.03992487258954115,0.29017,-0.014309090909098357,0.2762978652813835,0.009978280572974518
ORNL_051,10,0.5310577272727273,-0.04006596571779058,0.2625,-0.023526060606063937,0.36344365893616404,0.02006589533023584
ORNL_052,10,0.5706774368686868,-0.041425459902058086,0.29669500000000004,-0.02280454545455125,0.36305859351372144,0.01675862795382826
ORNL_053,10,0.45896287752525244,-0.03366133616468246,0.2996549999999999,-0.03283909090909248,0.29081811336269536,0.020477745600978804
ORNL_054,10,0.5461680997474747,-0.0395648442761034,0.273565,-0.010599696969704132,0.31717594804400434,0.005727342402198526
ORNL_055,10,0.5694617727272726,-0.04684055831038316,0.29151000000000005,-0.03827818181818187,0.37066865763464424,0.026496716199796416
ORNL_056,10,0.47803146825396825,-0.041165428527706216,0.20959500000000003,-0.03107848484848954,0.46148005610971465,0.03411492897964981
ORNL_057,10,0.5734799747474747,-0.038818468013474945,0.28985999999999995,-0.02130545454545794,0.35679813650169656,0.014674186823991011
ORNL_058,10,0.5598096439393939,-0.04563486088154963,0.30865,-0.04195090909090849,0.3521924244391022,0.03046218105610629
ORNL_059,10,0.43647190656565665,-0.03161346571778964,0.27657499999999996,-0.02582272727273038,0.31923114216360615,0.01643607694124234
ORNL_060,10,0.5331805681818182,-0.0375724877563601,0.23496999999999998,-0.005135151515157019,0.3765141734815798,0.009717486597141506
ORNL_061,10,0.5396268181818182,-0.040262239057249384,0.26364,-0.005067272727279604,0.33492474053696936,0.0033193730013221408
ORNL_062,10,0.5592041666666667,-0.03972689929599804,0.255135,-0.011950000000006017,0.3993653491858701,0.010438048030900692
ORNL_063,10,0.5757727714646464,-0.03872404690848773,0.28678,-0.014363636363641597,0.3165270379345121,0.00735040219885912
ORNL_066,10,0.4161706174242424,-0.046194117768611036,0.15028999999999998,-0.027522424242435745,0.48349260764494345,0.03118839270119352
ORNL_067,10,0.5783359646464646,-0.04726970309152736,0.32963000000000003,-0.05119878787878811,0.3550418330831077,0.030791634601306378
ORNL_068,10,0.5436815984848484,-0.0277963034894465,0.25284999999999996,-0.0035303030303040343,0.3681883660048385,0.008537423304540775
OSBS_001,1,0.5239222222222222,,0.4487,,0.08903326075936628,
OSBS_002,1,0.33887500000000004,,0.2281,,0.18694101474833777,
OSBS_003,1,0.49827777777777776,,0.42095,,0.08668899000210167,
OSBS_004,1,0.37879444444444443,,0.3355,,0.05243896500897066,
OSBS_005,1,0.33970555555555554,,0.17345,,0.32930526430654694,
OSBS_006,1,0.33283888888888896,,0.3185,,0.023708782030459164,
OSBS_007,1,0.36659375000000005,,0.34515,,0.04067081609088132,
OSBS_008,1,0.35101111111111105,,0.33304999999999996,,0.046717486839257735,
OSBS_009,1,0.4829444444444444,,0.183,,0.25704166365765313,
OSBS_010,1,0.45481111111111105,,0.2358,,0.19601282538830367,
OSBS_011,1,0.4969333333333334,,0.48024999999999995,,0.019890339994861405,
OSBS_012,1,0.29034375,,0.13695000000000002,,0.2934257847547065,
OSBS_013,1,0.3469777777777778,,0.30684999999999996,,0.07462963429848868,
OSBS_014,1,0.41871250000000004,,0.39239999999999997,,0.02931125446118917,
OSBS_015,1,0.31048888888888887,,0.1917,,0.2493689319115065,
OSBS_016,1,0.483375,,0.4101,,0.09603677791549266,
OSBS_017,1,0.5024222222222223,,0.3607,,0.15254218200621703,
OSBS_018,1,0.41060555555555556,,0.2914,,0.12172640187802597,
OSBS_020,1,0.4746111111111111,,0.4407,,0.07116428165103884,
OSBS_021,1,0.25243125,,0.1607,,0.31217714690827486,
OSBS_022,1,0.26408750000000003,,0.16375,,0.20277812765882,
OSBS_023,1,0.2502611111111111,,0.16465000000000002,,0.2861568943433221,
OSBS_024,1,0.2426111111111111,,0.1437,,0.34381195074981796,
OSBS_025,1,0.2821111111111112,,0.1644,,0.17747943235712496,
OSBS_026,1,0.3287555555555555,,0.2183,,0.1337670873277312,
OSBS_027,1,0.3191833333333334,,0.2081,,0.14305341922043466,
OSBS_028,1,0.30037222222222226,,0.2548,,0.11408237789011834,
OSBS_029,1,0.2935166666666667,,0.2474,,0.10282139991563856,
OSBS_030,1,0.3052666666666667,,0.2504,,0.13562108422842512,
OSBS_031,1,0.31153333333333333,,0.2826,,0.06352310550183635,
OSBS_032,1,0.3042277777777778,,0.2732,,0.07280692401690293,
OSBS_033,1,0.37918333333333337,,0.34850000000000003,,0.04293642972362816,
OSBS_034,1,0.35175,,0.32965,,0.04101650632367807,
OSBS_035,1,0.36167777777777776,,0.32515,,0.07306688533294671,
OSBS_036,1,0.31495,,0.20915,,0.13648991326436316,
OSBS_037,1,0.31635555555555556,,0.2735,,0.09021989333040333,
OSBS_038,1,0.3340611111111111,,0.30210000000000004,,0.07924294810163207,
OSBS_039,1,0.26921666666666666,,0.1779,,0.1457478593438012,
OSBS_040,1,0.34190000000000004,,0.3057,,0.07446497748362312,
OSBS_041,1,0.32700000000000007,,0.2862,,0.09150564959615183,
OSBS_042,1,0.3525222222222222,,0.2445,,0.13160143435859814,
OSBS_043,1,0.3044,,0.237,,0.09746298585027868,
OSBS_044,1,0.34015,,0.2681,,0.0847564623935841,
OSBS_048,1,0.42941666666666667,,0.3812,,0.060297856239365864,
OSBS_049,1,0.28006875,,0.18105,,0.29980998728902675,
OSBS_050,1,0.2596611111111111,,0.22045,,0.08715103277341886,
OSBS_051,1,0.25641111111111115,,0.168,,0.1436683691336361,
OSBS_063,1,0.3353625,,0.307,,0.06577153875284905,
OSBS_066,1,0.5150722222222223,,0.421,,0.10121071459372732,
OSBS_067,1,0.3554833333333333,,0.3251,,0.06872801792221421,
OSBS_068,1,0.38340555555555556,,0.36350000000000005,,0.03202589432384052,
OSBS_070,1,0.3397388888888889,,0.3158,,0.05672185050788528,
OSBS_073,1,0.4494277777777778,,0.3751,,0.1276822716307132,
RMNP_001,8,0.46771748737373736,-0.05263322601009648,0.28956875,-0.03033511904761825,0.2205378922183793,-0.00798829971612087
RMNP_002,9,0.5421947811447811,-0.0508286489898978,0.37675555555555557,-0.027721666666666808,0.13034500562208737,-0.00806778099664133
RMNP_003,9,0.43151005331088665,-0.040545816498315526,0.24898333333333333,-0.021892500000000387,0.19878748066956914,-0.006290636272269071
RMNP_004,9,0.5441322699214366,-0.05128735269360109,0.33087222222222223,-0.012023333333333152,0.1888222332817947,-0.024538531762126024
RMNP_005,9,0.549839191919192,-0.04900076767676596,0.31145,-0.014744166666664905,0.2232978968341978,-0.018009989281223906
RMNP_006,10,0.6470534848484848,-0.06316971533518359,0.49936500000000006,-0.06000333333334285,0.12308814714780278,0.0019070057500420736
RMNP_007,9,0.4750811447811448,-0.046680523989897735,0.2474222222222222,-0.00583083333333315,0.21769481228972404,-0.015871751109524265
RMNP_008,9,0.6118655232884399,-0.05955156986531828,0.47633333333333333,-0.04662333333333066,0.1294153832464825,-0.0019992765188268733
RMNP_009,9,0.3214981663860831,-0.02863743581649759,0.22323888888888888,-0.023698333333333155,0.1465481326920125,0.0022872390003137975
RMNP_010,9,0.3639387522045856,-0.03546190343915261,0.21465555555555557,-0.028018333333332892,0.23019669054182565,0.008818595121613726
RMNP_011,9,0.39331727833894503,-0.029463345117844285,0.2484166666666667,-0.014224166666666238,0.1970451535490528,-0.007919251293014233
RMNP_012,9,0.5894730621693121,-0.06960092316017144,0.40526111111111107,-0.04464583333333217,0.1497771414206951,-0.008342759130763539
RMNP_013,9,0.33495779741863074,-0.02843842803030224,0.2511722222222222,-0.01939999999999902,0.13719339882305942,-0.003953797671137984
RMNP_014,9,0.6254355639730639,-0.06921110732323071,0.4800777777777777,-0.06801833333333218,0.12865334442468743,0.00670208562223086
RMNP_015,9,0.36901025252525255,-0.03013325883838308,0.21220000000000003,-0.01950583333333271,0.21847167853845223,-0.0005206406075340014
RMNP_016,10,0.2801252676767677,-0.017594348637898178,0.20495999999999998,-0.015075151515152837,0.15329864952998154,-0.0018256283990571796
RMNP_017,9,0.4256949494949495,-0.033912310606059315,0.1899111111111111,0.0110716666666675,0.27083026421967354,-0.031559736088722395
RMNP_018,10,0.4293246428571428,-0.03886232323233376,0.223245,-0.020336060606067748,0.2459404403057322,-0.008894405668967794
RMNP_019,9,0.3406415305836139,-0.027435961279460484,0.2255111111111111,-0.01958749999999919,0.1852960491206383,-0.0038997611330421327
RMNP_020,9,0.4598837752525253,-0.044084330808079844,0.25766666666666665,-0.03475333333333366,0.20641703375187642,0.005092571213048209
RMNP_041,9,0.4327680948372616,-0.0422541662457903,0.31307777777777773,-0.027603333333332775,0.14888473938785024,-0.011016188447991687
RMNP_042,9,0.3614869731040564,-0.029285336970898714,0.21428888888888886,-0.007298333333333503,0.1973594624780959,-0.021271388422095677
RMNP_043,9,0.3967111680295013,-0.03921635497835401,0.26053333333333334,-0.024554166666666134,0.19683348678817664,-0.00774937226192127
RMNP_044,9,0.41097020502645504,-0.03118994246031669,0.2159222222222222,-0.02428166666666657,0.370344432554766,0.004158351417894243
RMNP_045,9,0.4851206084656084,-0.04146504265872908,0.29405555555555557,-0.027123333333332736,0.31226752532212937,-0.0022599159755822785
RMNP_046,9,0.4017627447089947,-0.03033225496031677,0.14414444444444444,-0.010155000000000115,0.4114941437373732,-0.009492192848662762
RMNP_047,9,0.3892755335097001,-0.03479150992063398,0.3024111111111111,-0.02441833333333244,0.12069111352989803,-0.009098818802804907
RMNP_048,9,0.41796590167548503,-0.03883272619047534,0.29420555555555555,-0.019092499999999766,0.14869682086293887,-0.016812531270733427
RMNP_049,9,0.36282085097001765,-0.03024296097883528,0.24961666666666668,-0.023388333333333337,0.16561777013237455,-0.00342168699918572
SCBI_002,10,0.520441313131313,-0.04339103764922976,0.24857999999999997,-0.030023636363645346,0.4042282867190651,0.017241090571607373
SCBI_003,10,0.5417728737373737,-0.039477465258656204,0.274105,-0.03223363636364362,0.4169941392632538,0.01779765593941903
SCBI_004,10,0.532888207070707,-0.0424677811447913,0.27142,-0.03652787878788556,0.40907856303239915,0.019721988540342964
SCBI_005,10,0.5470293181818181,-0.03502688858280662,0.25861999999999996,-0.022591515151524376,0.3612061792680465,0.00997353125242672
SCBI_006,10,0.5552011464646464,-0.030199241199884763,0.280035,-0.01722090909091495,0.33435351970960026,-0.001408157438005035
SCBI_007,10,0.5444994797979799,-0.04756679308234851,0.275155,-0.041072424242430954,0.38583599562909326,0.02215913492519363
SCBI_008,10,0.5697084166666667,-0.05331630991736634,0.27095,-0.046412121212128905,0.3797222169075523,0.031196013328128738
SCBI_010,10,0.5557553282828283,-0.040342875726976576,0.26714,-0.03454848484849601,0.40021208216327897,0.022556387637353986
SCBI_011,10,0.5499518535353535,-0.041246636363646144,0.25173999999999996,-0.02955030303030853,0.4276340184987767,0.014280532645341428
SCBI_012,10,0.5386866641414142,-0.03574022635446138,0.25517500000000004,-0.02218030303030706,0.3652427065187393,0.004400496431206925
SCBI_013,10,0.5551588939393939,-0.04662100000001096,0.29688,-0.043266060606068524,0.3623874440427966,0.021115494193137994
SCBI_014,10,0.5766011464646466,-0.03892842393634215,0.306875,-0.04103484848485723,0.38070161005105896,0.02360372546373031
SCBI_015,10,0.5581157377344876,-0.04518597173030039,0.24330999999999997,-0.0239327272727363,0.40704281270674736,0.017913229586806845
SCBI_016,10,0.5894822676767678,-0.037533717477819896,0.31589,-0.030523636363647536,0.3234741471681714,0.015261947183475117
SCBI_017,10,0.5552664886363636,-0.04330917959903136,0.25996500000000006,-0.03255181818183069,0.4107610588157528,0.024204340890476267
SCBI_018,10,0.5725536464646466,-0.04073772513009935,0.25477,-0.029781212121222866,0.4056126641245714,0.01978805561302454
SCBI_019,10,0.571047513888889,-0.038445201943688806,0.293625,-0.037850000000007634,0.37986168219360394,0.01831777875265473
SCBI_021,10,0.5593912828282828,-0.039030322007967994,0.2873450000000001,-0.03518030303031168,0.3827037725700558,0.02422425507648156
SCBI_022,10,0.5552471325757574,-0.0417729290633719,0.270125,-0.027925151515162748,0.39637124510003235,0.01686756241934584
SCBI_023,10,0.5722951401515152,-0.049804531910019344,0.27736500000000003,-0.03947606060606661,0.3815932845070645,0.024068254294466265
SCBI_033,10,0.587666914141414,-0.038609383226210416,0.31718,-0.02666909090909765,0.2887487661140137,0.0038722035680082874
SCBI_034,10,0.571577191919192,-0.03662909519437593,0.289365,-0.024517272727277876,0.2904860520130287,0.0062307396477801775
SCBI_035,10,0.41125943939393944,-0.020963824609739848,0.166025,-0.006748787878789661,0.5389740157691175,-0.016198753929540056
SCBI_038,10,0.5065574558080808,-0.024614670722382586,0.21775000000000003,-0.014927878787883523,0.4107576192051631,-0.0053229720413798835
SCBI_045,10,0.5481061060606062,-0.04306976155495383,0.28376,-0.04078848484849269,0.41080878825354183,0.024360366262929277
SCBI_046,10,0.5555251767676768,-0.03863108019590756,0.279305,-0.02684575757576197,0.3975023481573152,0.00781563903903929
SCBI_047,10,0.5500971098484849,-0.04112753895011664,0.27443000000000006,-0.03528606060606765,0.41270317138343404,0.01747318956750532
SCBI_048,10,0.5505099722222222,-0.042474477043169395,0.28873,-0.036969696969705965,0.39724196112345894,0.01913675309979741
SCBI_049,10,0.5489879343434343,-0.03887543464953519,0.270525,-0.027518484848490305,0.4031520552273535,0.009939937199574731
SCBI_050,10,0.5465057474747474,-0.04276482583410882,0.27171,-0.039589090909098845,0.4237244060470616,0.023190692378523704
SCBI_051,10,0.558382595959596,-0.03991737006428912,0.26968500000000006,-0.026731818181828227,0.38483923409110243,0.013818899556217523
SCBI_052,10,0.5477759444444443,-0.03891623599633623,0.282575,-0.03500030303030961,0.41034784637483546,0.01604550550058965
SCBI_053,10,0.5379188093434344,-0.039667098025721,0.26628999999999997,-0.035235151515158235,0.42048427263663174,0.017431465883012632
SCBI_054,10,0.5403828964646464,-0.041839162993582084,0.26927,-0.03644848484849248,0.43522710741733545,0.021351444863876846
SCBI_055,10,0.5590196717171717,-0.03954737220692731,0.272625,-0.033354848484854725,0.4013315108824826,0.013074603548624407
SCBI_056,10,0.557615196969697,-0.041983601775339274,0.27926,-0.04003090909091749,0.39991487272378545,0.01710580864747591
SCBI_057,10,0.5607435669191919,-0.041616354836251444,0.286395,-0.03578878787879511,0.3979439082691739,0.01753880427556757
SCBI_058,10,0.5336105353535354,-0.03960023446588021,0.28741999999999995,-0.03433636363637052,0.4007634356855519,0.015039697482330017
SCBI_061,10,0.568866191919192,-0.04016697275789122,0.31242000000000003,-0.03588181818182515,0.377601861400446,0.015179570642404017
SCBI_062,10,0.5429811464646465,-0.04023819865320882,0.268735,-0.037430606060614525,0.41617102041718185,0.02056845602322354
SCBI_063,10,0.5564588838383838,-0.042445549127651104,0.25487499999999996,-0.028722121212130688,0.4126725659612781,0.018663466239754654
SCBI_064,10,0.5588421590909092,-0.039826355524956364,0.27542,-0.02826060606061508,0.389577321358728,0.014682142674795045
SCBI_066,10,0.5577902373737375,-0.03970295898378708,0.26989500000000005,-0.03401060606061353,0.40875945351297166,0.015600266184738655
SCBI_067,10,0.5422909772727272,-0.04387386271810099,0.256315,-0.029709393939403556,0.4042955783083274,0.017136050679633176
SCBI_071,10,0.5447471313131312,-0.0395922121212212,0.27796999999999994,-0.027755151515157495,0.417010542001921,0.013277064356687962
SERC_001,10,0.5867542301587302,-0.0450289825965385,0.31822000000000006,-0.035944242424249984,0.351938172649505,0.017301899755993402
SERC_002,10,0.5892576540404041,-0.04338326369759094,0.33476,-0.04078787878788696,0.3358893935599117,0.020695086797290017
SERC_003,10,0.5777549603174603,-0.03754982837029325,0.29695499999999997,-0.02614333333334187,0.3694320408761858,0.01326895169412759
SERC_004,10,0.5875884271284272,-0.043200669465224655,0.3225349999999999,-0.034208787878793286,0.33184943494073915,0.01531171092187787
SERC_005,10,0.58207915494228,-0.03740113302943914,0.32253,-0.03177757575758562,0.34981219802506197,0.01423483154085265
SERC_006,10,0.5822593416305917,-0.04319895065373357,0.28671,-0.023767878787885287,0.35163561547249633,0.012952033644811005
SERC_007,10,0.4410287638888889,-0.022274022880322587,0.20820499999999997,-0.006848787878788834,0.4192858156128638,-0.0004508945052412045
SERC_008,10,0.38153226370851373,-0.020482564716432082,0.17445,-0.007476363636364255,0.5055379377179817,-0.008580100344367179
SERC_009,10,0.5763341969696969,-0.04273286960515103,0.30397,-0.03314909090909742,0.3614294386791182,0.01828870441289115
SERC_010,10,0.6134305988455988,-0.04447520879794642,0.358935,-0.03724272727273554,0.30961550123510106,0.019174435519131595
SERC_011,10,0.570942783189033,-0.042693894901405106,0.31018999999999997,-0.03522303030303637,0.3672789453388712,0.022572880311375897
SERC_012,10,0.5742065984848486,-0.0387129775023061,0.274475,-0.02168515151515935,0.38687347588944115,0.01075042194532664
SERC_013,10,0.5898596251803752,-0.04964917510605008,0.340605,-0.04775242424243436,0.32967441941926684,0.025266892493796284
SERC_014,10,0.5841359906204906,-0.045524197516299166,0.32805,-0.039224848484857154,0.3365447535938676,0.018754387165158724
SERC_016,10,0.590952647005772,-0.0420064292820083,0.321385,-0.037554242424251504,0.35384356744924467,0.020798899539636557
SERC_017,10,0.6001141075036076,-0.044150342078806644,0.34502,-0.03777939393940161,0.3257492465263602,0.01723048707542804
SERC_018,10,0.43334329545454553,-0.021201361340683116,0.228815,-0.010165151515151698,0.4060065086951975,-0.0069424863202947424
SERC_019,10,0.5896439321789322,-0.04499328042329079,0.336185,-0.03710151515152277,0.3287498733498321,0.01585648796082391
SERC_021,10,0.5721611565656566,-0.04289773951638456,0.288925,-0.029396666666672462,0.3757117841164738,0.017091819181056456
SERC_022,10,0.5910429166666666,-0.042397160238762145,0.317605,-0.030179090909099406,0.33966582832582376,0.014370308874415764
SERC_043,10,0.5886194873737374,-0.04522805249465266,0.315225,-0.03826333333334055,0.3615488827652752,0.02114150416099888
SERC_044,10,0.5784461132756132,-0.042994722331551515,0.309265,-0.03183060606061566,0.3470974995330803,0.01796127308865828
SERC_045,10,0.5950893787878788,-0.04071392194674935,0.34426999999999996,-0.03296787878788556,0.33124105187731967,0.014950655946307003
SERC_046,10,0.5909272958152958,-0.03879634745726647,0.32943500000000003,-0.03392939393940001,0.35013720578948215,0.02269240381745967
SERC_047,10,0.5779987272727272,-0.043380707070715806,0.312675,-0.027810000000005507,0.3578639050989284,0.017711871375655438
SERC_048,10,0.5841656843434343,-0.044776192990520165,0.31555500000000003,-0.03635666666667375,0.3453493450993853,0.019882665293555295
SERC_049,10,0.5721096590909092,-0.039465109733708204,0.30035500000000004,-0.023647575757579687,0.3753543617145229,0.011189715944408882
SERC_050,10,0.5771144166666667,-0.03997371212122126,0.32687,-0.033999393939400595,0.3405090220638939,0.01579135317019818
SERC_051,10,0.6000704040404041,-0.040415469850024026,0.39825999999999995,-0.03358545454546074,0.27856437144309665,0.013059343848816246
SERC_052,10,0.5668566374458874,-0.04018738259216575,0.268615,-0.013859090909101361,0.38475272933275984,0.008572954220989337
SERC_053,10,0.5817526893939394,-0.03931163498623447,0.32182999999999995,-0.028895757575762595,0.34845189017010264,0.014679447251592767
SERC_054,10,0.5790846338383838,-0.04420836623814864,0.31451500000000004,-0.0342439393939462,0.3611016105129301,0.022261956430371377
SERC_055,10,0.6063174292929293,-0.04263175237221546,0.328775,-0.03197363636364219,0.3449148164384644,0.018503491275911818
SERC_056,10,0.5773058762626262,-0.04593809993879116,0.311095,-0.03517242424243074,0.36212508612111455,0.020387965807811305
SERC_057,10,0.5804557222222223,-0.04333197581880248,0.28802,-0.026181212121216026,0.3851133136086407,0.01719354004325729
SERC_058,10,0.6093501287878789,-0.04231670110193698,0.33432500000000004,-0.032620303030308995,0.3359486320265862,0.017568126423359306
SERC_059,10,0.5757388414502165,-0.04167459809131418,0.31627,-0.0324939393939483,0.34286410092919617,0.019262492944613997
SERC_060,10,0.5852183409090909,-0.04656421258035873,0.32482500000000003,-0.035561515151522206,0.3361255847452198,0.01969051719208972
SERC_061,10,0.527730515151515,-0.05636583103766178,0.32165499999999997,-0.03692272727273396,0.2879653156520851,0.0035584535982101013
SERC_062,10,0.5801371464646464,-0.03571413376187096,0.28343999999999997,-0.010791515151523011,0.36894996508224587,0.0021433147554535932
SERC_067,10,0.5807613333333332,-0.04398918089991707,0.314355,-0.03355969696970322,0.3507813017219377,0.019172306174037652
SERC_073,10,0.6140623560606061,-0.04088057346190086,0.41728999999999994,-0.036712727272734356,0.2524350758113762,0.010680923013322102
SOAP_001,6,0.4504826388888888,-0.05929916666667239,0.35001666666666664,-0.03503428571428896,0.13269209757341757,-0.014231939477621832
SOAP_002,6,0.3864638888888889,-0.04843095238095723,0.28099166666666664,-0.024650000000004377,0.15306155008939126,0.0007197429917929055
SOAP_003,6,0.3710909722222222,-0.029473928571432356,0.26839166666666664,-0.008672857142856672,0.16270206695921152,-0.01787809246720015
SOAP_004,6,0.42179444444444436,-0.053030952380958334,0.33555,-0.03341428571429077,0.14626726098387757,-0.013574136423207516
SOAP_006,6,0.3075604166666666,-0.03138654761905177,0.23968333333333336,-0.011751428571430151,0.15506800709125265,-0.026575975743480248
SOAP_007,6,0.38624166666666665,-0.04480380952381497,0.284375,-0.023015714285719267,0.13624977811406067,-0.007471284158520583
SOAP_008,6,0.41084999999999994,-0.044747142857145136,0.32182499999999997,-0.017835714285717286,0.1368699529053517,-0.0009654746414952335
SOAP_009,6,0.3127069444444444,-0.04787595238095511,0.22319166666666665,-0.029361428571429492,0.22074770925526185,-0.02619077000170986
SOAP_010,6,0.38599374999999997,-0.04529440476190838,0.304625,-0.02292714285714602,0.1307218178290562,-0.014288811161826122
SOAP_011,6,0.4136451388888889,-0.0517555952381014,0.324675,-0.026221428571434762,0.1208670305902706,-0.013732846891574148
SOAP_012,6,0.36094999999999994,-0.01748666666666651,0.27376666666666666,-0.001559999999997388,0.17061446028026483,-0.012003284702346958
SOAP_013,6,0.36075902777777785,-0.04010797619048062,0.26731666666666665,-0.019237142857145673,0.14390622986314525,-0.010330095532777516
SOAP_015,6,0.41153333333333336,-0.05085285714286391,0.31302500000000005,-0.025735714285720277,0.1404287419464356,-0.020283461512901963
SOAP_016,6,0.3243736111111111,-0.03864000000000509,0.25125000000000003,-0.022040000000003324,0.16130566960600365,-0.012888260361159315
SOAP_017,6,0.43154374999999995,-0.045164880952385855,0.31235000000000007,-0.004697142857148148,0.1614948128561787,-0.008612813427948807
SOAP_018,6,0.43712013888888884,-0.04818107142857722,0.3184666666666666,-0.015437142857148726,0.15342982856362203,-0.012067013473871884
SOAP_019,6,0.41891666666666666,-0.03611904761905196,0.33625,-0.013502857142860977,0.12229114183889446,-0.005689800262193321
SOAP_020,6,0.4097104166666667,-0.06597964285715126,0.3083833333333333,-0.03944000000000846,0.15813802242940414,0.004638791643578428
SOAP_021,6,0.4248701388888889,-0.05222559523810133,0.329675,-0.02200142857143367,0.13256406885913338,-0.011356848774320102
SOAP_022,6,0.3912284722222221,-0.05510369047619675,0.31222500000000003,-0.04398714285714825,0.11532033419358322,0.0008193185325613293
SOAP_024,6,0.3390548611111111,-0.045671309523813194,0.2795666666666667,-0.025317142857145848,0.09811480725010664,-0.021487277622181954
SOAP_031,6,0.4139097222222223,-0.05113119047619601,0.3037666666666667,-0.020268571428576097,0.14432830113887377,-0.019413280754065704
SOAP_043,6,0.35570625000000006,-0.040239880952380916,0.2712833333333333,-0.021488571428572033,0.15698722688744812,-0.011044252757418946
SOAP_044,6,0.3976923611111111,-0.05341011904762377,0.3193833333333333,-0.033911428571431416,0.12345370044387144,-0.01033465791342479
SOAP_045,6,0.38467500000000004,-0.0519788095238139,0.2588416666666667,-0.04230428571428798,0.22408500685040636,0.01982446986585793
SOAP_046,6,0.38270486111111107,-0.03627702380952328,0.303675,-0.022258571428570927,0.14735701364124157,-0.002482487656543254
SOAP_047,6,0.37200555555555553,-0.06493809523810153,0.1883166666666667,-0.04293142857142491,0.3011599684312863,0.016221738315456247
SOAP_048,6,0.39557013888888887,-0.046677023809528186,0.29515833333333336,-0.02173857142857061,0.14563701121531059,-0.008626917917393966
SOAP_049,6,0.4109576388888889,-0.049018214285719695,0.3040333333333333,-0.031085714285720774,0.16754161442862295,0.007051806898267544
SOAP_050,6,0.42662152777777784,-0.055978690476196726,0.35805000000000003,-0.04861142857143564,0.10182231757188609,0.004085966246618441
SOAP_051,6,0.3593034722222222,-0.03727083333333386,0.27481666666666665,-0.02027428571428366,0.15691760131273721,-0.01057834965292426
SOAP_052,6,0.3924208333333334,-0.028958333333330307,0.2788,-0.0004028571428534431,0.18653664213508095,-0.017269295416810777
SOAP_053,6,0.36323402777777786,-0.05755011904762284,0.17676666666666666,-0.0307857142857114,0.3019262056022293,0.012363012396214186
SOAP_054,6,0.4311805555555555,-0.037839523809528666,0.34189166666666665,-0.012952857142861205,0.11849447066656472,-0.02207175664210642
SOAP_055,6,0.43899791666666665,-0.050591071428575954,0.340725,-0.04334714285714807,0.1325427583697624,0.0053200532985113284
SOAP_056,6,0.3555388888888889,-0.06574619047619558,0.211175,-0.04848428571428688,0.27024357378473246,0.02097646842737235
SOAP_057,6,0.35545902777777777,-0.03989988095238352,0.2638333333333333,-0.010105714285717438,0.14858406306222036,-0.0191518187139805
SOAP_058,6,0.3644409722222222,-0.04223273809524066,0.2828,-0.02774571428571723,0.12600984033596604,-0.0009374065344807468
SOAP_059,6,0.33380347222222223,-0.038572500000000856,0.24939166666666668,-0.009221428571429545,0.1656839019227902,-0.01782885938547656
SOAP_060,6,0.3576951388888889,-0.028362261904760922,0.26985,-0.013954285714283346,0.14807147492898556,-0.010976124638318771
SOAP_061,6,0.34684722222222225,-0.04644928571429005,0.26721666666666666,-0.021922857142860838,0.15332387211383577,-0.008996435505008666
TALL_001,10,0.5996337557720057,-0.03881404278718841,0.39160999999999996,-0.014669696969703345,0.22286393189893752,-0.002671976080978231
TALL_002,10,0.6013850346320347,-0.04897288604662428,0.445695,-0.03935303030304026,0.1940824654529815,0.013809259481068389
TALL_003,10,0.4955388699494949,-0.01440125841751477,0.338895,-0.007736666666670986,0.22826325105974324,-0.008698346622049234
TALL_004,10,0.5347422020202021,-0.034800536271818554,0.4220999999999999,-0.028080606060614913,0.14782958932214063,0.006345688361798133
TALL_005,10,0.5552368611111113,-0.0365555795837242,0.40051499999999995,-0.026388181818183743,0.16653680785496716,0.007635378877851705
TALL_006,10,0.5981744116161616,-0.04981444949495939,0.44812499999999994,-0.03184212121212611,0.17067943091822915,0.007369601384659497
TALL_007,10,0.5684060328282828,-0.039430390419352895,0.319555,-0.029629393939399642,0.3277601552617249,0.015410057545650247
TALL_008,10,0.5969287765151515,-0.04830219765841125,0.37352,-0.036363030303037926,0.28209512776973655,0.02044190668458089
TALL_009,10,0.5416660151515151,-0.03691882277319603,0.355615,-0.03133969696970318,0.2611264961405378,0.014667660236384229
TALL_010,10,0.5851256287878787,-0.04183680303031077,0.339005,-0.02498030303030769,0.2914688590861104,0.009485272417497822
TALL_011,10,0.5927180063131312,-0.04413048431283433,0.388375,-0.034450606060612676,0.24437127803609632,0.013669988839086936
TALL_012,10,0.6017257272727272,-0.04287639149067306,0.40170500000000003,-0.035032424242430325,0.21704290851677316,0.011748727109911136
TALL_013,10,0.6367617626262626,-0.04759255769820504,0.49693999999999994,-0.024494545454550053,0.1113790904667185,-0.00345706364233685
TALL_015,10,0.5919812815656564,-0.04759809419958066,0.37066999999999994,-0.03281878787879208,0.24052787471034792,0.011940691668536826
TALL_016,10,0.5926269891774891,-0.04295319703529892,0.48582500000000006,-0.03384818181819295,0.11758336995723198,0.004929675491532527
TALL_017,10,0.5797340505050504,-0.045509365779011414,0.398165,-0.03293969696970139,0.1981338839495051,0.01204192420046168
TALL_018,10,0.6329985303030303,-0.04592367033977181,0.55181,-0.037517575757582286,0.07864804144547881,0.0009052091997390645
TALL_020,10,0.5886696136363636,-0.04149454468932783,0.4882700000000001,-0.03751090909091931,0.11105205429300762,0.0051957359583910175
TALL_022,10,0.5950351262626262,-0.04452950872360805,0.37176499999999996,-0.02707060606060735,0.2308501534008114,0.012550040183853778
TALL_025,10,0.5953253282828284,-0.046996606366706446,0.417105,-0.03740575757576275,0.19336603991394224,0.015334326446882242
TALL_042,10,0.5809311919191918,-0.04607148270585631,0.430685,-0.04468878787879594,0.18258648453885834,0.020836092384672333
TALL_043,10,0.5505890429292929,-0.034531436945219304,0.42168,-0.023516363636370195,0.14984139705305058,0.004331859352327691
TALL_044,10,0.6047783434343434,-0.04734307254363047,0.50544,-0.03164060606061859,0.11062577500914834,0.002927877381554865
TALL_045,10,0.6161956553030303,-0.04836504981635693,0.52309,-0.04510787878788773,0.10351143713984723,0.00860154665650975
TALL_046,10,0.6208386944444444,-0.04609054897460577,0.46465000000000006,-0.03530484848485728,0.15834385488442637,0.010108820088616898
TALL_047,10,0.5987667474747476,-0.04882554912765081,0.46881500000000004,-0.04485666666667549,0.16314237709165158,0.01669965768010959
TALL_048,10,0.6080776237373737,-0.04156488996021879,0.52766,-0.033201212121222255,0.08041089194433154,0.001648398148786954
TALL_049,10,0.6210925631313131,-0.04324672405878123,0.515445,-0.03358818181819371,0.10220282642927865,0.0019355360137932307
TALL_050,10,0.6093657297979796,-0.04711060621366243,0.5380600000000001,-0.04660121212122159,0.08169347941485924,0.007540664114194977
TALL_051,10,0.5820295025252525,-0.044817994643414294,0.44938,-0.03578848484849509,0.16141021060840122,0.010261094476316797
TALL_052,10,0.5648664242424243,-0.04165712213040504,0.4665,-0.03588787878788815,0.11910059030169298,0.009351544027680871
TALL_053,10,0.5919699722222221,-0.046711777012558964,0.396565,-0.03625848484849218,0.22286411362878905,0.01447490601333857
TALL_054,10,0.5767723712121213,-0.04690761723294667,0.49369499999999994,-0.045986969696979914,0.11337100305306569,0.014349017070838636
TALL_055,10,0.5733038737373737,-0.04440946219774313,0.32069499999999995,-0.027131818181823912,0.3125856537633223,0.015836463520321975
TALL_056,10,0.4665390151515152,-0.0364701056014777,0.37512500000000004,-0.03345909090909708,0.12610275453328226,0.011477781342769644
TALL_057,10,0.573478914141414,-0.043433907254370845,0.43824499999999994,-0.03639121212122,0.1650099920569176,0.009071095623869426
TALL_058,10,0.5807127676767677,-0.043346010713201266,0.379125,-0.031207575757582054,0.2536321893319454,0.013888667578998813
TALL_059,10,0.5823637878787878,-0.04870970615244311,0.398015,-0.03799848484849297,0.2390138896889847,0.016447618843488877
TALL_060,10,0.6039976515151515,-0.04536428986839091,0.43233499999999997,-0.040337878787886756,0.19611498287836066,0.015581039234497683
TALL_061,10,0.5941026717171718,-0.04339698989900049,0.49813,-0.03618000000001136,0.1154619723172365,0.004459540626888029
TALL_064,10,0.6083227525252526,-0.04338987909398083,0.43949000000000005,-0.014817575757585355,0.18572094868642233,0.0001506900418511748
TEAK_001,10,0.4858953333333333,-0.049107343434352926,0.33193500000000004,-0.04195060606060995,0.1800057413873794,0.013972516404544328
TEAK_002,10,0.44614841666666666,-0.05259986363637485,0.22081999999999996,-0.026495757575763904,0.27751638045434557,0.014784391159811568
TEAK_003,10,0.37394784090909094,-0.038419609012207034,0.28433,-0.030485454545458267,0.1684871419509624,-0.0006826139639895765
TEAK_004,10,0.3179052083333333,-0.028464203474141248,0.21153499999999997,-0.025363333333337353,0.22766786497533348,-0.0030327213011569036
TEAK_005,10,0.3064375261544012,-0.024005120960694612,0.23053500000000002,-0.012175454545457822,0.13053652794015486,-0.013478126518338957
TEAK_006,10,0.2947258769841269,-0.026349063011068635,0.22847500000000004,-0.03120636363636918,0.15820996735341347,0.01398032586098496
TEAK_007,10,0.41801670761183257,-0.038633227305531606,0.30086,-0.03825696969697696,0.17157300769771916,0.017341117021135527
TEAK_010,10,0.4496062512626263,-0.04207587641567982,0.28131500000000004,-0.026100909090910337,0.18230229550673321,0.0001952335699322843
TEAK_011,10,0.36213707431457437,-0.03343989387381024,0.248405,-0.026157272727276745,0.16983583863353374,-0.0007667069981760018
TEAK_012,10,0.38923376226551226,-0.031154683960827424,0.21813000000000002,-0.02280363636363696,0.2960397635727148,-0.0012001988722901873
TEAK_013,10,0.46891395833333327,-0.04727547941537672,0.31889,-0.03113090909092182,0.20993009740130136,0.020394617873061863
TEAK_014,10,0.3901821093073593,-0.03366383831825506,0.290665,-0.02211181818182312,0.18794121988616996,-0.0007071484765437505
TEAK_015,10,0.4529492424242424,-0.043876189164382476,0.29418,-0.02621636363637406,0.2566412001299176,0.014909894395068944
TEAK_016,10,0.3437538593073593,-0.03287125895317482,0.23292000000000002,-0.027041818181823524,0.19151566297466185,-0.0002866238053077346
TEAK_017,10,0.49745978138528146,-0.039339480650672394,0.297585,-0.04045787878788731,0.22497077174327887,0.015445219808825853
TEAK_018,10,0.4688380438311688,-0.04511690230225369,0.28922000000000003,-0.01818606060606676,0.21130797818875222,0.0015430705036070397
TEAK_019,10,0.49529892640692647,-0.04350686685033119,0.41187500000000005,-0.04641787878788764,0.1261233986800098,0.019210390514069458
TEAK_020,10,0.48369045454545445,-0.048638259871452406,0.34238500000000005,-0.0376536363636457,0.16855867112719242,0.00025740679396237806
TEAK_024,10,0.3001425535714286,-0.02384496861472486,0.187415,-0.0043360606060626455,0.2026810138408009,-0.009985501080262131
TEAK_025,10,0.3515759940476191,-0.03038696476672087,0.22074,-0.02410121212121291,0.19367302930229985,0.007230979109014651
TEAK_043,10,0.45322728535353535,-0.03569098790940565,0.29391,-0.00796666666666593,0.21894914816602315,-0.011062688498321446
TEAK_044,10,0.48341731060606064,-0.05050360192838398,0.28835,-0.023793939393940627,0.2129521148430352,-0.0030398521802704444
TEAK_045,10,0.42135095075757567,-0.046140657713507435,0.315095,-0.04412757575758219,0.14107138639977287,0.009821800513631854
TEAK_046,10,0.4502171645021645,-0.04685554025100498,0.29798,-0.04421151515152276,0.1985434031494613,0.016072571595138023
TEAK_047,10,0.508033037878788,-0.05363996648302338,0.387035,-0.04015909090909866,0.1341358071296947,4.048329093874676e-05
TEAK_048,10,0.41897964141414146,-0.044119363942463616,0.30888499999999997,-0.030179696969700232,0.15221332641513768,-0.007683137074534019
TEAK_049,10,0.3950622691197691,-0.03695777624732854,0.264235,-0.03181969696970018,0.23695263986102727,0.012342049550080114
TEAK_050,10,0.5401723106060606,-0.04953185720845827,0.38061500000000004,-0.03300878787879044,0.18014173549878443,-0.0009266943918497915
TEAK_051,10,0.43429213636363634,-0.046130721763093394,0.29653000000000007,-0.03472787878788256,0.2025406997366667,0.005278000878069672
TEAK_052,10,0.48328070833333336,-0.04877674494950472,0.32176499999999997,-0.04165969696970145,0.17659500242220613,0.005605482270149065
TEAK_053,10,0.522822196969697,-0.052371088154280494,0.42513500000000004,-0.044779090909097936,0.1244248659909121,0.006047814103062947
TEAK_054,10,0.4453617777777777,-0.040904016835024565,0.24129,-0.017108484848480064,0.2039487830878591,-0.010105265273792142
TEAK_055,10,0.380131636002886,-0.04279619299052047,0.27076,-0.036674545454550726,0.17238673606298907,-0.006690353434233238
TEAK_056,10,0.4809749621212121,-0.04933772038568612,0.326715,-0.04749363636364245,0.1653490365063612,0.007691435734719435
TEAK_057,10,0.4802524318181818,-0.05147908861341721,0.31193,-0.030510303030308827,0.19605645540749933,0.0013454397250710634
TEAK_058,10,0.4776627539682539,-0.04473064370983513,0.32587499999999997,-0.03661969696970302,0.231700269984291,0.015491665926933308
TEAK_059,10,0.4601766464646465,-0.04921828374656495,0.31869,-0.036044242424244324,0.15901654866017503,-0.009116853621460187
TEAK_060,10,0.39223257864357863,-0.0408296914600632,0.267185,-0.02336696969697414,0.16329080722203498,-0.012025367434670985
TEAK_061,10,0.4971192247474748,-0.04696809442914984,0.352245,-0.03527242424242611,0.15716809721431932,-0.0009537758651525223
TEAK_062,10,0.4622561275252526,-0.039093777395174986,0.287685,-0.028913636363639545,0.25246113655637853,0.013012133170508727
TREE_001,10,0.6155827424242424,-0.048789913682288286,0.419525,-0.03261242424243307,0.19498723649319785,0.0058876195153739815
TREE_002,10,0.5859244772727272,-0.05492421533518126,0.40379,-0.04887515151515814,0.18918196401247353,0.01859263512324807
TREE_003,10,0.5595921553030303,-0.04161017332415997,0.31935,-0.024890909090915035,0.32463175367417635,0.00603153111898239
TREE_004,10,0.5703014898989899,-0.04984533731253167,0.30039999999999994,-0.023373333333344595,0.27600625967030196,0.004229039789354739
TREE_005,10,0.5191938863636363,-0.04261786822774151,0.24072500000000002,-0.028810000000005852,0.40079842357546075,0.018117435027327714
TREE_006,10,0.6161178838383838,-0.05415325068871753,0.4618249999999999,-0.045777878787887735,0.1588435442094442,0.012142261900510634
TREE_007,10,0.5195473244949496,-0.04480578168045167,0.32665500000000003,-0.022847575757582925,0.30462613530899824,0.0017410417356065913
TREE_008,10,0.5329661906565655,-0.043645246173870125,0.24092000000000002,-0.02263272727273468,0.4326433538028816,0.022524011492082045
TREE_009,9,0.5219675505050505,-0.0523123674242415,0.3276722222222222,-0.03182916666666635,0.2256690945988521,0.00622157965914842
TREE_010,10,0.5610932032828282,-0.045948519054188335,0.35082500000000005,-0.036063333333343335,0.2934279477948623,0.01173618467843197
TREE_011,10,0.49093532828282826,-0.04375667033976936,0.24512499999999998,-0.021299090909093217,0.4026458748799248,0.011190855074262415
TREE_012,10,0.5194272878787879,-0.04646226446281864,0.264,-0.039695757575763525,0.33601818167390884,0.01630992978617664
TREE_014,10,0.5608744469696969,-0.044296871900835706,0.36660499999999996,-0.031954848484853714,0.264698133627991,0.013649742775582237
TREE_015,10,0.547712946969697,-0.05261455693297663,0.332085,-0.040598484848494085,0.3118320008185772,0.02983958190978469
TREE_016,10,0.5475203333333334,-0.04021406978880697,0.3122999999999999,-0.015956363636370503,0.3250763176824545,0.00753722627947171
TREE_017,10,0.5827989646464646,-0.04751873676156552,0.33465,-0.03382484848485681,0.26640056688569913,0.012897752656174181
TREE_018,10,0.6290492297979797,-0.04498142072238572,0.47190999999999994,-0.03669393939394871,0.13462644237206778,0.0009197409723931898
TREE_019,10,0.5677598560606061,-0.04439403627181761,0.34059,-0.031727878787882045,0.3046706109766464,0.013393649267264628
TREE_022,10,0.5524309141414141,-0.04304401867157454,0.316855,-0.03792272727273523,0.27854560259281513,0.011096388403058361
TREE_023,10,0.5798646287878788,-0.04689192791552882,0.34064500000000003,-0.04432878787879887,0.27428978729250586,0.020281273629404663
TREE_025,10,0.5191304015151514,-0.04520897015611583,0.26937,-0.027250303030309075,0.36111141181594375,0.0193940487245282
TREE_039,10,0.5773591919191918,-0.04415269207224786,0.35036,-0.03411636363637548,0.291555319449506,0.01444241702172745
TREE_040,10,0.5304023373015874,-0.05057296464647416,0.278625,-0.026165757575765853,0.35199353097951674,0.022948862543761987
TREE_041,9,0.5231694003527337,-0.04071124669312069,0.24096666666666666,-0.02492666666666661,0.4518832687228513,0.018772159173113947
TREE_042,10,0.5180149067460318,-0.0344112558157415,0.21233,-0.01978666666667373,0.4670920267630394,0.019059813477510356
TREE_043,10,0.5438529848484849,-0.053342775941241,0.322505,-0.038957878787884634,0.30589294271587375,0.023826248370084974
TREE_044,10,0.5066408333333333,-0.04164085858586707,0.20922000000000002,-0.024901212121219318,0.4761073313975146,0.022083824729748375
TREE_045,10,0.5456270568181819,-0.04358346946741013,0.30335999999999996,-0.029659393939401302,0.33995612655869245,0.010866344903812183
TREE_046,9,0.5156089556277057,-0.04266466630591521,0.24246111111111113,-0.025733333333333153,0.4252504732415112,0.018732314615325166
TREE_047,10,0.5489899592352092,-0.035849003826149285,0.30436,-0.025306060606069793,0.35803100560890544,0.014384881411546875
TREE_048,10,0.5040744962121213,-0.050759162764013085,0.273035,-0.03751303030303521,0.34192622308955806,0.021835598573705952
TREE_049,10,0.5266022958152956,-0.03444419314356451,0.22498500000000005,-0.0166790909090961,0.47924013077901134,0.011908104768039985
TREE_050,10,0.5501004343434344,-0.04615470400980548,0.267195,-0.012448181818180625,0.28436495916778487,-0.00024239151398429648
TREE_051,10,0.5205409936868687,-0.03673200436180678,0.256905,-0.03448515151515824,0.42787714575063757,0.021624939575160745
TREE_052,10,0.5603762171717173,-0.04122290603000693,0.37214,-0.03318969696970457,0.24282976722419622,0.0056075094606595766
TREE_053,9,0.5218129278900112,-0.04403329124579016,0.2879277777777778,-0.02959833333333302,0.3846103136422115,0.012247872845165507
TREE_054,10,0.5528977196969697,-0.04410481496787019,0.32273500000000005,-0.03390939393940124,0.31258240518555436,0.019065789827900165
TREE_055,9,0.5287728114478115,-0.04307431502525145,0.2434722222222222,-0.023988333333332678,0.41523369337623645,0.021918367623013288
TREE_056,10,0.5491764424603174,-0.03953658164984062,0.29337,-0.020243030303035904,0.3706375714515656,0.011259361729658197
TREE_057,10,0.5501118939393941,-0.04469715794307589,0.32669999999999993,-0.030064848484855577,0.32760702602805386,0.013898570219542264
TREE_060,10,0.5672495025252525,-0.04423769589838817,0.38237,-0.02912181818182668,0.254880714074917,0.005153015880574967
TREE_062,10,0.5686254823232324,-0.05834981007041279,0.344715,-0.05857363636364807,0.2671921939180532,0.02916526526823467
TREE_063,10,0.5923025833333332,-0.05336040909092044,0.39357499999999995,-0.05598939393940726,0.2349971993067951,0.023842354723668375
TREE_064,10,0.5632555984848484,-0.04449626951332586,0.431745,-0.047003333333344076,0.13991110294639264,0.006577568171979901
UNDE_001,10,0.5227259918831167,-0.03480075885478783,0.22483999999999998,-0.008292121212124973,0.46753819117475326,0.0033917550085698694
UNDE_002,9,0.447972769761103,-0.03824695839345743,0.2220388888888889,-0.013169166666666487,0.3613258544738797,-0.01709776727304764
UNDE_003,10,0.4928909935064934,-0.03883137159474135,0.24964,-0.01929878787879106,0.42077127403521253,0.006030533523748101
UNDE_006,10,0.5433337379148628,-0.026478650323586355,0.23487999999999998,-0.004567272727274264,0.4419467609781755,-0.0032881810314528636
UNDE_007,9,0.5066960592031425,-0.03699447706228845,0.17640555555555557,-0.009774999999999713,0.5012743300311214,0.0038867044917589967
UNDE_008,10,0.5709503573232323,-0.03676900221916843,0.351745,-0.026115454545460905,0.2935709584561704,0.008663756700304136
UNDE_010,10,0.5068734197330447,-0.0362552820084042,0.24695499999999998,-0.014683939393943482,0.4134626101886843,0.002748829367005836
UNDE_011,10,0.5880949974747474,-0.046702164217945444,0.36503499999999994,-0.019883333333333912,0.24113700633604612,0.003304971990492042
UNDE_012,9,0.49038040644540637,-0.04187833661014845,0.09717222222222222,-0.0003691666666676423,0.43970640583132803,0.0027597563752189075
UNDE_013,9,0.5320454166666666,-0.035674481481480766,0.21537777777777778,-0.016391666666666964,0.4719105366500138,0.012164491690537094
UNDE_014,9,0.515050291005291,-0.03853984093915256,0.1616277777777778,-0.022652499999999874,0.5073473649090557,0.018100445000487422
UNDE_015,9,0.4864672138047139,-0.03602397727272595,0.2538888888888889,0.000987500000001342,0.3785684696568056,-0.006722081719714128
UNDE_016,10,0.46394205483405476,-0.03311130333639906,0.220625,-0.01580636363636253,0.42424411488775116,0.001926936354826551
UNDE_018,9,0.48961983285233274,-0.03250294029581392,0.18181666666666665,0.008299166666666887,0.39254736539805124,-0.03541181717224069
UNDE_019,10,0.5079842768759019,-0.03189918620185248,0.20268000000000003,-0.011995151515154283,0.5127125033635839,0.0062413951683867545
UNDE_020,9,0.5326405232884398,-0.04919130345117738,0.32772777777777773,-0.02316666666666608,0.28949159801373286,0.011447111308779184
UNDE_021,10,0.5570925360750361,-0.04066561891644437,0.30577,-0.026295757575762156,0.3574902847203657,0.011839987989516037
UNDE_022,10,0.5528399247835498,-0.045145984771972736,0.36422000000000004,-0.030700606060617048,0.2244314861893658,0.005406309313927399
UNDE_023,9,0.5320809654080487,-0.032678384379508055,0.2723555555555556,0.0038916666666678353,0.345976779311093,-0.02161447176941302
UNDE_027,9,0.5246989428010261,-0.0306617604617595,0.14778333333333332,0.0030116666666668793,0.4981394180959632,0.0008752116862865127
UNDE_037,9,0.5422060229276896,-0.043916138949012744,0.3387611111111111,-0.028511666666666134,0.31284902338049947,0.009753958257602557
UNDE_038,9,0.4901730313051146,-0.04204085221260119,0.2210888888888889,-0.016304166666666724,0.40136792055785225,0.004827411163846371
UNDE_043,9,0.5302413652396987,-0.045100824795573806,0.19366666666666668,-0.01800916666666581,0.46095754539434125,0.015301134968594244
UNDE_044,9,0.4514176422959756,-0.03129415271765177,0.15251666666666666,-0.01311999999999994,0.5356703053249658,0.0036051287181162904
UNDE_045,9,0.5129093047538881,-0.04558321587902745,0.1897888888888889,-0.0215149999999993,0.4865731574496041,0.018980043317288472
UNDE_047,9,0.5318601982122815,-0.03902529671717069,0.1922611111111111,-0.01995916666666657,0.48531317676649177,0.017633722066178727
UNDE_048,10,0.5241073876262625,-0.03162025137741988,0.23599000000000006,0.0040393939393896525,0.3868681646118769,-0.015300922277111698
UNDE_049,9,0.5373766636604136,-0.046999805555554074,0.24222222222222223,-0.0072608333333322676,0.36711430888531077,0.0044600608859412605
UNDE_050,10,0.5306856594516595,-0.03947782220474235,0.19408499999999998,-0.0162906060606125,0.4829066612281432,0.012871359964952178
UNDE_052,9,0.5085278912137245,-0.039527913900912745,0.19287222222222222,-0.010890833333332477,0.46868944966175313,0.0038881666200878185
UNDE_054,9,0.5312990660573994,-0.03549015572390465,0.18429444444444443,-0.010186666666665945,0.502969002345169,0.014591594668093242
UNDE_055,9,0.5703747222222222,-0.043696652777776665,0.32843333333333335,-0.022389166666665457,0.3411750247713839,0.01341081430090083
UNDE_056,9,0.5040910407647907,-0.03650355898268298,0.19064444444444445,-0.0046458333333327375,0.4767424383247889,0.001918319982000437
UNDE_057,9,0.510402088343755,-0.04543472643097538,0.23139444444444443,-0.013575833333333003,0.3932869101495573,0.005550574106847861
UNDE_058,9,0.5276707188953021,-0.043755345147906514,0.16682777777777777,-0.015877499999998934,0.4925533561340855,0.01861547931369958
UNDE_059,10,0.5315579274891775,-0.04233230913027422,0.23531,-0.007457575757579331,0.41256748817850514,0.001120696686066481
UNDE_060,9,0.502644110549944,-0.04828942382154793,0.28603333333333336,-0.02198083333333319,0.3129160373163909,0.00534074584862049
UNDE_061,9,0.5050438804713804,-0.031706043139729606,0.1353888888888889,-0.008648333333332994,0.5498932828865057,0.0066844660511746375
UNDE_065,9,0.48840148649190307,-0.03510008510702118,0.1420388888888889,-0.008814166666666038,0.5486583405756683,0.004658782114414812
UNDE_078,9,0.492534775332692,-0.03495187319624705,0.18245,-0.008670833333333051,0.4883158209463112,-0.00247360700024499
WREF_001,3,0.39003944444444444,0.027057500000006,0.26226666666666665,-0.01700000000000352,0.19262348707059904,-0.006415354588160726
WREF_002,3,0.5128522222222222,0.014052222222225302,0.46323333333333333,0.03497500000000802,0.052769691105773314,-0.018229240168402362
WREF_003,2,0.47751388888888896,,0.41425,,0.08905667975910692,
WREF_004,3,0.34534000000000004,0.023126111111115944,0.26603333333333334,0.040200000000007244,0.15320354235417588,-0.04861866166717151
WREF_005,3,0.4211316666666667,0.017552500000003125,0.30438333333333334,0.02925000000000317,0.14823817632211125,-0.042693803283308795
WREF_006,2,0.4601544642857143,,0.3677,,0.11107887113467525,
WREF_007,3,0.43190351851851855,0.0011975000000006516,0.3934333333333333,-0.011400000000001121,0.056685275259832975,0.010101762863115647
WREF_008,3,0.3840061574074074,0.01168312500000255,0.3258166666666667,0.02860000000000589,0.11087353638042287,-0.02369051818499184
WREF_009,2,0.45900416666666666,,0.401425,,0.06957613405867424,
WREF_010,2,0.5204531746031746,,0.45432500000000003,,0.05850347923294602,
WREF_011,3,0.4547160648148149,0.030991875000005734,0.34005,0.05212500000000801,0.13628449823858999,-0.0659319889418666
WREF_012,3,0.4095786574074074,0.006486875000001582,0.3680999999999999,-0.00154999999999973,0.08431826869947832,-0.005069156207105063
WREF_013,3,0.40348074074074075,0.04064555555556322,0.29419999999999996,0.03605000000000608,0.19355125015818217,-0.06342950965513817
WREF_014,3,0.4221366203703704,-0.004830625000000916,0.3369666666666667,-0.05785000000001274,0.10653531017759016,0.031232538882014705
WREF_015,3,0.41921518518518525,0.0013716666666669754,0.38904999999999995,-0.000799999999999254,0.04600265610406762,0.0020174511547347
WREF_016,3,0.4339612037037037,-0.0005487499999998379,0.38763333333333333,0.015650000000003966,0.06076483479784064,-0.013818600178308365
WREF_017,3,0.47396,0.015801666666669725,0.39419999999999994,0.014875000000002105,0.08552796298615863,-0.018114904548722305
WREF_018,3,0.3435766666666667,0.01187666666666913,0.3010333333333333,0.034750000000007136,0.09256592092209087,-0.02649542334217101
WREF_019,3,0.3735644907407407,-0.006504375000001288,0.2959,-0.05345000000001189,0.11493105067753472,0.04432321128060019
WREF_020,3,0.47149777777777774,-0.008352222222224016,0.40756666666666663,-0.06505000000001393,0.08972301980263737,0.05867576266410871
WREF_070,3,0.4475377314814815,0.015109375000002883,0.3726833333333333,-0.00035000000000151945,0.12096831296445272,-0.009666649635468014
WREF_071,3,0.4633086111111111,-0.0072587500000014585,0.39071666666666666,-0.06782500000001465,0.07716578364600231,0.05159110000358156
WREF_072,3,0.37308615740740736,0.0026381250000003264,0.30091666666666667,-0.027375000000006307,0.1389140504591264,0.018467020101034803
WREF_073,3,0.484114675925926,-0.004751875000000857,0.4483833333333333,-0.01977500000000314,0.044060840600272926,0.021448410257287002
WREF_074,3,0.43794222222222223,-0.013891111111114263,0.35531666666666667,-0.06480000000001468,0.09730868839283996,0.05410127016060589
WREF_075,3,0.45545027777777775,0.0002037500000000204,0.3868666666666667,-0.035625000000008,0.07593529285419276,0.025937263731343346
WREF_076,3,0.4295353240740741,0.008601875000001943,0.36941666666666667,-0.021350000000004143,0.10185193863211224,0.016885219039420897
WREF_077,3,0.40001768518518516,-0.009186250000001577,0.35803333333333337,-0.01772500000000296,0.052537076470492494,0.010370956728344845
WREF_078,3,0.4403842592592593,-0.0018375000000005273,0.3445833333333333,-0.04512500000001116,0.11309178457685302,0.02858495662481393
WREF_079,3,0.3973219907407408,0.0056468750000010885,0.3377833333333333,-0.015625000000003532,0.11200046683130575,0.011064217831535286
WREF_080,3,0.5395195833333334,-0.006960625000001556,0.4834833333333333,-0.014625000000002985,0.06109901017260311,0.016020241487656885
WREF_081,3,0.4213496759259259,-0.011104375000002149,0.3767666666666667,-0.028325000000005048,0.06356222655815512,0.020213573955358236
WREF_082,3,0.4595051851851852,-0.002535555555555986,0.3913,-0.03365000000000706,0.06837883161434481,0.021406002309986415
WREF_083,3,0.4114218981481481,-0.0038043750000006887,0.36498333333333327,-0.03337500000000681,0.06180564568363226,0.027512720870235857
WREF_084,3,0.4570195833333333,0.008064375000001588,0.3676166666666667,-0.013925000000004333,0.11409830997723175,0.005032423743646026
WREF_085,3,0.4423181481481482,-0.00837722222222405,0.37185,-0.03615000000000797,0.08458903887246909,0.03057778198302498
WREF_086,3,0.31835453703703703,-0.008838750000001554,0.2689333333333333,-0.03702500000000755,0.10736724314686204,0.03411740400007395
WREF_087,3,0.4594109722222222,0.0013731250000003558,0.41031666666666666,-0.014525000000002359,0.06622054998630345,0.009398568802508405
WREF_088,3,0.4319802314814815,0.001458125000000261,0.36285000000000006,-0.047025000000010454,0.09636935560402123,0.032780339055187874
WREF_089,3,0.41107606481481485,-0.008123125000001301,0.34813333333333335,-0.043700000000008725,0.10015216051986475,0.04418934287143886
