plotID,pml_gpp,pml_gpp_trend,pml_gpp_sd
ABBY_001,531.6645766590389,2.210866924837102,42.62948743987297
ABBY_002,487.74334096109834,1.9007173032916482,69.61811068139538
ABBY_003,487.0300686498856,5.054950712902581,67.09158387188997
ABBY_004,520.5215560640733,-2.856479493047026,57.36817328057531
ABBY_005,562.6916704805492,1.2404673472979226,35.587034655227555
ABBY_006,532.3350114416477,4.266920436542791,55.80553899508761
ABBY_007,516.1421510297482,-4.248255588804826,82.04517005074999
ABBY_008,560.6363386727688,0.03218271431082398,41.53722788267792
ABBY_009,520.5215560640733,-2.856479493047026,57.36817328057531
ABBY_010,560.1927231121282,2.890107375462012,44.10620559917583
ABBY_011,525.0941418764302,-0.9539156838585559,66.8976240660621
ABBY_012,590.9463615560641,1.603465058968424,36.605514003984666
ABBY_013,492.1921281464532,5.11644868861101,79.74882675743682
ABBY_014,532.1117620137298,-2.303583876078248,70.96064924121596
ABBY_015,441.417528604119,-5.52780760429507,87.04416424983344
ABBY_016,497.3232494279177,3.4949859179720963,72.37470365950503
ABBY_017,546.5524027459954,-2.439818693891947,60.0177679497318
ABBY_018,552.9871853546911,0.7323886639675145,51.8067493378103
ABBY_019,494.6720823798627,1.0444191163526573,71.01910096630056
ABBY_023,507.470114416476,6.17361908114757,57.74190170139974
ABBY_025,528.5086956521739,-0.9475585284281124,19.071006507915435
ABBY_061,490.66475972540053,0.45222936102789546,81.76203513895254
ABBY_062,490.4720823798627,0.4586331631754049,81.695980825854
ABBY_063,490.66475972540053,0.45222936102789546,81.76203513895254
ABBY_064,490.66475972540053,0.45222936102789546,81.76203513895254
ABBY_065,508.2520366132723,-1.7779449040662518,60.59640231720375
ABBY_066,490.66475972540053,0.45222936102789546,81.76203513895254
ABBY_067,490.66475972540053,0.45222936102789546,81.76203513895254
ABBY_068,490.66475972540053,0.45222936102789546,81.76203513895254
ABBY_069,490.4720823798627,0.4586331631754049,81.695980825854
ABBY_070,490.66475972540053,0.45222936102789546,81.76203513895254
ABBY_073,490.4720823798627,0.4586331631754049,81.695980825854
ABBY_074,490.4720823798627,0.4586331631754049,81.695980825854
ABBY_075,490.00041189931346,-0.9058642844570384,72.83898322299767
ABBY_076,490.66475972540053,0.45222936102789546,81.76203513895254
ABBY_077,530.1597254004577,-1.966107199436795,71.63214882563221
BART_001,431.2099313501144,1.0776579827494845,17.91780025136624
BART_002,422.63775743707106,0.7272566449568338,16.47315159234636
BART_003,456.5881006864988,0.6838496743530742,16.868501511055513
BART_004,431.1576659038902,0.439284456961772,15.986360517444844
BART_005,474.59885583524033,0.1403978172856616,14.794067761444227
BART_006,440.6535469107551,0.7910376694243657,19.444379844705864
BART_007,440.57002288329517,0.2611318429853653,14.031167144266258
BART_010,445.3370251716247,-0.0357014610104143,16.741747012757795
BART_011,440.57002288329517,0.2611318429853653,14.031167144266258
BART_012,426.100823798627,1.0750607287449065,20.640031858102795
BART_013,426.34041189931355,0.17115912691423268,18.81010165836965
BART_015,440.78219679633867,0.6019177961626072,17.69201971310326
BART_016,464.6167505720823,0.020114416475936998,16.79838699087304
BART_018,449.722242562929,0.12722496039425582,17.479589465131887
BART_019,445.29496567505726,0.08863668368242282,14.445983611772924
BART_023,445.3370251716247,-0.0357014610104143,16.741747012757795
BART_024,445.3370251716247,-0.0357014610104143,16.741747012757795
BART_025,431.90654462242566,1.2661820102094417,19.082004195149484
BART_026,431.90654462242566,1.2661820102094417,19.082004195149484
BART_027,453.91267734553776,0.49530188347118215,16.42281195762308
BART_028,441.952814645309,0.4195009681393819,16.93862569974665
BART_032,445.29496567505726,0.08863668368242282,14.445983611772924
BART_033,437.92237986270027,0.2397016370356947,15.196777823487917
BART_034,437.92237986270027,0.2397016370356947,15.196777823487917
BART_036,436.39061784897024,0.14935574722756523,16.43252286016717
BART_037,443.53244851258586,0.31386639676108985,18.36990208941778
BART_039,429.7750114416477,0.1415358211582124,18.22678120192769
BART_040,429.6535926773456,0.14223112128143353,18.22805498167244
BART_041,437.92237986270027,0.2397016370356947,15.196777823487917
BART_042,436.39061784897024,0.14935574722756523,16.43252286016717
BART_044,443.53244851258586,0.31386639676108985,18.36990208941778
BART_046,443.53244851258586,0.31386639676108985,18.36990208941778
BART_047,429.6535926773456,0.14223112128143353,18.22805498167244
BART_050,436.39061784897024,0.14935574722756523,16.43252286016717
BART_051,429.7750114416477,0.1415358211582124,18.22678120192769
BART_070,437.92237986270027,0.2397016370356947,15.196777823487917
BART_071,445.16585812356976,0.09067153670125853,14.441522891567798
BART_072,436.39061784897024,0.14935574722756523,16.43252286016717
BART_073,429.7750114416477,0.1415358211582124,18.22678120192769
BART_074,443.53244851258586,0.31386639676108985,18.36990208941778
BART_075,436.39061784897024,0.14935574722756523,16.43252286016717
BLAN_001,442.26448512585813,-1.927740714662982,30.595051393467475
BLAN_003,441.05542334096106,-2.7810508713255415,36.833732883387235
BLAN_004,439.1735469107552,-2.21581851786664,35.45996077635387
BLAN_005,443.3410068649886,-1.7745634571379039,52.09747503019389
BLAN_006,550.3345080091534,9.872973068121699,90.76087678712449
BLAN_007,466.73835240274605,-0.2771448688611588,68.82478716875991
BLAN_008,466.73835240274605,-0.2771448688611588,68.82478716875991
BLAN_009,442.26448512585813,-1.927740714662982,30.595051393467475
BLAN_010,439.1735469107552,-2.21581851786664,35.45996077635387
BLAN_011,574.5439816933638,-0.4250994543214239,77.6827975886782
BLAN_012,550.3345080091534,9.872973068121699,90.76087678712449
BLAN_013,442.0283752860412,-3.950979581059723,41.8267504992133
BLAN_014,448.121418764302,-1.5722337616617441,33.58391478492577
BLAN_015,602.6333180778031,8.094334624185798,90.32841484077943
BLAN_016,439.1735469107552,-2.21581851786664,35.45996077635387
BLAN_017,443.3410068649886,-1.7745634571379039,52.09747503019389
BLAN_018,550.3345080091534,9.872973068121699,90.76087678712449
BLAN_019,439.175652173913,-2.2165050167224796,35.47081865677017
BLAN_020,540.8813272311213,1.0683559232529016,61.774268815949014
BLAN_031,377.8044393592678,0.31328991374749915,70.32034628458557
BLAN_032,412.71816933638445,2.216827143108542,35.93909207357406
BLAN_033,404.6066361556064,-2.1511802499560337,30.243214791208345
BLAN_034,377.8044393592678,0.31328991374749915,70.32034628458557
BLAN_035,412.71816933638445,2.216827143108542,35.93909207357406
BLAN_036,501.6778489702517,-2.1624969195564963,83.54498990643576
BLAN_037,377.8044393592678,0.31328991374749915,70.32034628458557
BLAN_038,404.6066361556064,-2.1511802499560337,30.243214791208345
BLAN_039,404.6066361556064,-2.1511802499560337,30.243214791208345
BLAN_040,404.6066361556064,-2.1511802499560337,30.243214791208345
BLAN_041,501.6778489702517,-2.1624969195564963,83.54498990643576
BLAN_042,404.6066361556064,-2.1511802499560337,30.243214791208345
BLAN_043,404.6066361556064,-2.1511802499560337,30.243214791208345
BLAN_044,377.8044393592678,0.31328991374749915,70.32034628458557
BLAN_045,404.6066361556064,-2.1511802499560337,30.243214791208345
BLAN_046,412.71816933638445,2.216827143108542,35.93909207357406
BLAN_047,501.6778489702517,-2.1624969195564963,83.54498990643576
BLAN_048,501.6778489702517,-2.1624969195564963,83.54498990643576
BLAN_049,377.8044393592678,0.31328991374749915,70.32034628458557
BLAN_050,501.6778489702517,-2.1624969195564963,83.54498990643576
BLAN_051,404.6066361556064,-2.1511802499560337,30.243214791208345
BLAN_052,377.8044393592678,0.31328991374749915,70.32034628458557
BLAN_053,412.71816933638445,2.216827143108542,35.93909207357406
BLAN_054,404.6066361556064,-2.1511802499560337,30.243214791208345
BLAN_055,377.8044393592678,0.31328991374749915,70.32034628458557
BLAN_056,404.6066361556064,-2.1511802499560337,30.243214791208345
BLAN_057,412.71816933638445,2.216827143108542,35.93909207357406
BLAN_059,412.71816933638445,2.216827143108542,35.93909207357406
BLAN_060,404.6066361556064,-2.1511802499560337,30.243214791208345
BLAN_063,501.6778489702517,-2.1624969195564963,83.54498990643576
BLAN_064,377.8044393592678,0.31328991374749915,70.32034628458557
BLAN_068,439.1735469107552,-2.21581851786664,35.45996077635387
BONA_001,268.0070938215103,1.149801091357117,38.68461136160122
BONA_002,321.66759725400453,0.7051029748283549,39.933124229497025
BONA_003,141.07290617848972,1.1583761661679373,20.651043352283526
BONA_004,208.38366132723112,0.6884360147861034,22.965255280161763
BONA_005,293.7174828375286,0.5062665023762801,41.003213632692784
BONA_006,220.44151029748286,1.1719591621193208,27.259112856641703
BONA_007,268.6905720823799,3.5317241682801908,35.68783571865211
BONA_008,285.48068649885585,5.4483365604646155,49.775919428356474
BONA_009,190.9613272311213,8.596499735961947,64.02618978871413
BONA_010,225.86901601830664,6.42425717303284,59.539531946157545
BONA_011,158.63697940503434,0.09904154198202506,14.710021450837614
BONA_012,283.52677345537757,1.7224837176553174,42.226918298174695
BONA_013,210.51597254004577,2.2373675409258706,26.62982697958214
BONA_014,258.17180778032036,3.1930610807955846,32.336108715900906
BONA_016,143.51281464530894,1.0514574898785352,21.33412310685844
BONA_018,168.42919908466823,0.4667567329695187,19.49617331903485
BONA_021,263.88594965675054,8.841252420348436,78.77786054446847
BONA_022,225.86205949656753,6.423855835240199,59.53849579306781
BONA_023,200.29501144164757,9.253860235873926,68.99240055901224
BONA_026,224.76475972540047,1.2399885583523897,21.446465711299645
BONA_070,197.0461784897025,1.3235741946840123,20.059471817402873
BONA_071,244.1736384439359,1.9426553423692454,29.98541524921477
BONA_072,244.1866819221968,1.9420867804963386,29.979768109341823
BONA_073,189.95025171624715,1.746380038725558,18.296535300107553
BONA_074,174.17729977116701,1.3054391832423746,15.498349159381723
BONA_075,244.1736384439359,1.9426553423692454,29.98541524921477
BONA_076,244.1866819221968,1.9420867804963386,29.979768109341823
BONA_077,189.95025171624715,1.746380038725558,18.296535300107553
BONA_078,244.1736384439359,1.9426553423692454,29.98541524921477
BONA_079,244.1736384439359,1.9426553423692454,29.98541524921477
BONA_080,197.0461784897025,1.3235741946840123,20.059471817402873
BONA_081,189.95025171624715,1.746380038725558,18.296535300107553
BONA_082,291.1972540045767,2.098259109311731,30.893970432890054
BONA_083,174.17729977116701,1.3054391832423746,15.498349159381723
BONA_084,291.1812356979405,2.09795898609399,30.899642476206445
BONA_085,197.05418764302058,1.3228630522795057,20.058793163715144
BONA_086,197.0461784897025,1.3235741946840123,20.059471817402873
BONA_087,244.1866819221968,1.9420867804963386,29.979768109341823
BONA_088,244.1736384439359,1.9426553423692454,29.98541524921477
BONA_089,291.1972540045767,2.098259109311731,30.893970432890054
BONA_093,244.1736384439359,1.9426553423692454,29.98541524921477
DEJU_001,144.22151029748284,1.1297183594437479,13.289643961235916
DEJU_002,146.47382151029748,3.0013756380918633,28.043687782413247
DEJU_003,105.14846681922195,3.1483805668015807,26.266145822705354
DEJU_004,84.90727688787184,2.5277187114944257,21.802848819612315
DEJU_005,153.08311212814644,1.1377600774511576,11.925629344977475
DEJU_006,138.14215102974828,0.20644340785071888,10.753259370927013
DEJU_007,139.73881006864988,3.9346893152613887,31.938670748186563
DEJU_008,121.68475972540045,3.2537343777503294,31.747177438452034
DEJU_009,181.55990846681922,0.39090741066712403,11.569176464956827
DEJU_010,132.20745995423343,4.170719943671857,35.964879081462634
DEJU_014,147.69656750572082,1.0877988030276278,23.655706052103504
DEJU_015,195.91601830663615,1.490835240274595,15.161042106830331
DEJU_016,179.29102974828376,0.3291603590917007,11.444299952891285
DEJU_017,153.7994965675057,-0.07066977644781275,8.468313340120881
DEJU_018,138.14302059496566,0.2064434078507188,10.754535456490833
DEJU_019,150.44906178489703,0.24797570850202139,8.335326885898406
DEJU_020,148.7304805491991,0.5405580003520423,15.553984122977218
DEJU_021,163.51565217391305,0.14202341137123556,9.873248728442231
DEJU_023,155.87812356979407,-0.718797746875577,22.2870751979316
DEJU_024,144.04389016018308,0.4969450800915273,12.068158344128358
DEJU_045,165.0413729977117,0.28735873965851255,11.798850758849913
DEJU_046,180.17194508009155,1.0076280584404047,14.344706318582801
DEJU_047,165.0500686498856,0.28765974300299496,11.790449218774645
DEJU_048,155.37990846681922,0.021292026051749992,10.784844875991924
DEJU_049,165.0500686498856,0.28765974300299496,11.790449218774645
DEJU_050,153.73574370709383,0.03173472980107313,11.362544383468313
DEJU_051,160.4328604118993,-0.09244939271255828,10.211384822367126
DEJU_052,165.0500686498856,0.28765974300299496,11.790449218774645
DEJU_053,153.73313501144165,0.03226984685792902,11.367949799354239
DEJU_054,149.01011441647597,-0.006096637915868925,8.36349643304778
DEJU_055,180.17194508009155,1.0076280584404047,14.344706318582801
DEJU_056,165.0413729977117,0.28735873965851255,11.798850758849913
DEJU_057,189.6262700228833,1.158285513113879,13.041325619791179
DEJU_058,160.4328604118993,-0.09244939271255828,10.211384822367126
DEJU_059,153.73313501144165,0.03226984685792902,11.367949799354239
DEJU_060,180.17194508009155,1.0076280584404047,14.344706318582801
DEJU_061,165.0413729977117,0.28735873965851255,11.798850758849913
DEJU_062,155.37990846681922,0.021292026051749992,10.784844875991924
DEJU_063,160.4328604118993,-0.09244939271255828,10.211384822367126
DEJU_064,153.73574370709383,0.03173472980107313,11.362544383468313
DELA_001,546.3366590389016,-8.417055095933783,88.1571094400002
DELA_002,474.0373455377575,1.8992580531596652,33.671352532169884
DELA_003,616.4744164759726,-3.101286745291294,82.56060468491854
DELA_004,502.0765675057208,1.6020128498503465,27.991396896891487
DELA_005,377.739176201373,-4.4406292906179266,64.78014178377464
DELA_006,507.03816933638444,0.5971783136771348,28.204292211936565
DELA_007,503.10677345537755,1.2537713430733401,29.983677600055323
DELA_008,506.63881006864983,-1.2155615208591646,71.75659865044744
DELA_009,616.4744164759726,-3.101286745291294,82.56060468491854
DELA_010,503.10677345537755,1.2537713430733401,29.983677600055323
DELA_011,441.8592677345537,-3.3158510825558247,55.429604531300825
DELA_012,474.0373455377575,1.8992580531596652,33.671352532169884
DELA_013,506.6666819221968,-1.215555359971995,71.76252794607483
DELA_014,474.0373455377575,1.8992580531596652,33.671352532169884
DELA_015,502.0765675057208,1.6020128498503465,27.991396896891487
DELA_016,522.2920366132722,1.0328410491110016,35.366560572670345
DELA_017,522.2920366132722,1.0328410491110016,35.366560572670345
DELA_018,503.10677345537755,1.2537713430733401,29.983677600055323
DELA_019,507.03816933638444,0.5971783136771348,28.204292211936565
DELA_020,515.4776201372997,0.5103318077802604,29.658478293671894
DELA_021,401.6644393592677,-1.853867276887939,41.52858502038983
DELA_022,506.6666819221968,-1.215555359971995,71.76252794607483
DELA_023,506.63881006864983,-1.2155615208591646,71.75659865044744
DELA_037,515.4776201372997,0.5103318077802604,29.658478293671894
DELA_038,489.1384439359267,0.2505597606054663,31.443961795994127
DELA_039,489.1384439359267,0.2505597606054663,31.443961795994127
DELA_040,515.4776201372997,0.5103318077802604,29.658478293671894
DELA_041,508.09130434782617,0.10401337792637616,26.61882515348836
DELA_042,652.9813729977117,-8.510116176729408,93.89656325033171
DELA_043,508.09130434782617,0.10401337792637616,26.61882515348836
DELA_044,508.09130434782617,0.10401337792637616,26.61882515348836
DELA_045,515.4776201372997,0.5103318077802604,29.658478293671894
DELA_046,515.4776201372997,0.5103318077802604,29.658478293671894
DELA_047,503.10677345537755,1.2537713430733401,29.983677600055323
DELA_048,503.10677345537755,1.2537713430733401,29.983677600055323
DELA_049,652.9813729977117,-8.510116176729408,93.89656325033171
DELA_050,515.4776201372997,0.5103318077802604,29.658478293671894
DELA_051,508.09130434782617,0.10401337792637616,26.61882515348836
DELA_052,508.09130434782617,0.10401337792637616,26.61882515348836
DELA_053,515.4776201372997,0.5103318077802604,29.658478293671894
DELA_054,515.4776201372997,0.5103318077802604,29.658478293671894
DELA_055,489.1384439359267,0.2505597606054663,31.443961795994127
DELA_056,515.4776201372997,0.5103318077802604,29.658478293671894
DELA_059,652.9813729977117,-8.510116176729408,93.89656325033171
GRSM_001,552.6986270022884,-0.18105439183247812,21.756882350938024
GRSM_002,565.7417848970252,0.16207973948242405,24.795815341152238
GRSM_003,505.5788100686499,0.10875286041185886,24.865691415422127
GRSM_004,568.0572082379862,0.1134536173208423,27.556734059916675
GRSM_005,537.1902059496566,0.3468922724871837,22.97434860804418
GRSM_006,543.5509839816933,-0.4496752332336387,21.274485514644855
GRSM_007,536.7403203661328,-2.333318077803242,51.28922371572847
GRSM_008,515.8461327231121,-0.17544534412960805,23.36820831930103
GRSM_009,504.47368421052636,-0.7166528780144622,29.017480781239797
GRSM_010,546.9353775743707,-0.27858211582475123,24.553580211505057
GRSM_011,554.3821510297482,0.010506953001186245,20.64540274527497
GRSM_012,493.7066361556063,-0.9845748987854606,30.967467184037474
GRSM_013,546.5568878718536,-0.7433286393241184,24.078572829782445
GRSM_014,542.351304347826,-0.1830769230769915,25.366121878017438
GRSM_015,547.0180320366132,-0.4314522091181615,20.672681363430172
GRSM_016,409.0686498855835,0.9264152437950408,25.73177828484951
GRSM_017,535.272356979405,-0.4284703397289903,26.264567442533846
GRSM_018,572.3868649885584,1.0664090829078838,27.061349238844482
GRSM_019,543.5509839816933,-0.4496752332336387,21.274485514644855
GRSM_025,513.7097482837529,0.7252085900369084,26.227946179758312
GRSM_047,540.1253089244851,-1.1513087484598192,31.14210578881909
GRSM_048,534.5667734553775,-0.7173825030804863,29.841300241242386
GRSM_049,528.2383066361556,-1.0808634043302576,39.120250751679336
GRSM_050,533.064118993135,-1.554796690723499,48.35392468803544
GRSM_051,540.1253089244851,-1.1513087484598192,31.14210578881909
GRSM_052,531.200823798627,-2.069420876606258,52.632988142630964
GRSM_053,532.2831578947369,-1.773554831895815,44.894287213977336
GRSM_054,531.200823798627,-2.069420876606258,52.632988142630964
GRSM_055,532.2831578947369,-1.773554831895815,44.894287213977336
GRSM_056,540.1253089244851,-1.1513087484598192,31.14210578881909
GRSM_057,534.5667734553775,-0.7173825030804863,29.841300241242386
GRSM_058,537.5883752860412,-1.281715367012898,35.12843043418627
GRSM_059,540.1253089244851,-1.1513087484598192,31.14210578881909
GRSM_060,540.1253089244851,-1.1513087484598192,31.14210578881909
GRSM_061,540.1253089244851,-1.1513087484598192,31.14210578881909
GRSM_062,531.200823798627,-2.069420876606258,52.632988142630964
GRSM_063,532.2831578947369,-1.773554831895815,44.894287213977336
GRSM_064,540.1253089244851,-1.1513087484598192,31.14210578881909
GRSM_065,537.5883752860412,-1.281715367012898,35.12843043418627
GRSM_066,534.5667734553775,-0.7173825030804863,29.841300241242386
HARV_001,430.3996796338673,0.8283013553951211,20.06482683624134
HARV_002,472.5413272311213,-0.012680866044761784,23.84415476920239
HARV_004,471.26590389016025,-0.5117136067594175,19.92174006355634
HARV_005,402.3039816933638,-1.601704805492027,31.228505209054838
HARV_006,450.7092448512586,-0.6201936278824584,27.194356701165027
HARV_008,459.67011441647594,-0.4382705509593829,20.62805181820462
HARV_010,0.0,0.0,0.0
HARV_011,452.5957894736842,-0.279864460482355,18.863625488891376
HARV_012,470.27835240274595,-0.04338232705514073,20.919361762484574
HARV_013,477.92727688787176,-1.1806090477029119,25.534847754813338
HARV_014,457.3979862700229,-0.028799507129065805,23.472926697610916
HARV_015,482.3199084668192,-0.5081728568914371,17.98245701135588
HARV_016,457.03807780320363,-0.1389376870269733,16.601693491083516
HARV_017,462.30732265446227,-0.03294402393949643,24.528076121675497
HARV_020,458.81734553775743,-0.598300475268471,19.46056187680267
HARV_021,463.40745995423333,-0.14244059144521554,18.465174529761963
HARV_022,468.37514874141874,-0.5494155958458453,17.650040453236358
HARV_023,474.82599542334094,0.013231825382823949,25.953997021633697
HARV_024,461.3381693363844,0.2111749691955247,19.980593397302112
HARV_025,459.0455377574371,-0.09763245907414464,24.449547041368604
HARV_026,453.52233409610983,0.15123393768699134,22.895594825221377
HARV_027,455.45556064073224,0.776375638091842,21.06944660457337
HARV_033,482.3868649885584,-0.5058484421757171,17.967359094720294
HARV_034,482.3868649885584,-0.5058484421757171,17.967359094720294
HARV_035,475.6291075514875,-0.0895432142228774,14.951767860212675
HARV_036,463.8648512585812,-0.04130346769938363,18.367386951502123
HARV_037,482.3868649885584,-0.5058484421757171,17.967359094720294
HARV_038,482.3868649885584,-0.5058484421757171,17.967359094720294
HARV_039,466.952585812357,0.3153230065128868,17.999811341515446
HARV_040,475.6291075514875,-0.0895432142228774,14.951767860212675
HARV_041,482.3199084668192,-0.5081728568914371,17.98245701135588
HARV_042,466.952585812357,0.3153230065128868,17.999811341515446
HARV_043,475.6291075514875,-0.0895432142228774,14.951767860212675
HARV_044,482.3868649885584,-0.5058484421757171,17.967359094720294
HARV_045,463.8648512585812,-0.04130346769938363,18.367386951502123
HARV_046,482.3199084668192,-0.5081728568914371,17.98245701135588
HARV_047,482.3868649885584,-0.5058484421757171,17.967359094720294
HARV_048,475.6291075514875,-0.0895432142228774,14.951767860212675
HARV_049,466.8701601830664,0.31322390424216223,18.019705177611492
HARV_050,482.3868649885584,-0.5058484421757171,17.967359094720294
HARV_051,466.952585812357,0.3153230065128868,17.999811341515446
HARV_052,475.6291075514875,-0.0895432142228774,14.951767860212675
HEAL_001,284.61313501144167,0.628089244851232,21.512195868612498
HEAL_002,261.50260869565216,1.2107525083611796,19.893100246796912
HEAL_003,280.5799542334096,1.2637563809188188,23.409139091946404
HEAL_004,287.21437070938214,1.300279000175966,30.61972260308628
HEAL_005,292.01066361556065,1.1758502024290933,25.396998613545225
HEAL_006,255.94411899313502,-0.6765525435663067,27.950538784602617
HEAL_010,271.7599542334096,1.2533717655342074,22.017571789962286
HEAL_011,275.4703432494279,1.1992351698644377,22.886041741169542
HEAL_014,282.1178032036613,0.6356072874493477,24.309573475148817
HEAL_015,276.05386727688784,1.0094085548318528,20.241440669493002
HEAL_016,276.8037070938215,-0.8661899313501316,30.03718247464268
HEAL_017,192.287643020595,-1.7284861820102713,36.860104343019856
HEAL_018,267.21263157894737,0.8604127794402101,27.67276956500923
HEAL_019,283.713409610984,1.2279589860939575,23.87240487862024
HEAL_020,236.37734553775744,-4.192347298010935,39.8734124225356
HEAL_021,273.54654462242564,0.7405800035204791,18.28341021413767
HEAL_022,297.47048054919907,0.2938690371413053,24.069451218350792
HEAL_023,274.1228375286041,1.4614354867100547,24.934285022799575
HEAL_024,265.2416018306636,1.4308678049638794,23.644087015481883
HEAL_025,248.82878718535466,0.5733233585636087,18.01826232516033
HEAL_026,278.0274599542334,0.8518737898257155,19.964889175618556
HEAL_045,274.21720823798626,1.2357780320366067,20.814813161041894
HEAL_046,277.35954233409615,-0.30746963562754753,23.332391748780637
HEAL_047,277.3438901601831,-0.30716863228306424,23.33288127545967
HEAL_048,273.44210526315794,1.3493135011441424,22.82239184374395
HEAL_049,276.9841647597254,1.3148415771870918,21.051320446387326
HEAL_050,276.9991304347826,1.314816053511682,21.046318062068583
HEAL_051,277.35954233409615,-0.30746963562754753,23.332391748780637
HEAL_052,276.9841647597254,1.3148415771870918,21.051320446387326
HEAL_053,277.3438901601831,-0.30716863228306424,23.33288127545967
HEAL_054,276.7896109839817,-0.8658968491462938,30.03675016263958
HEAL_055,277.3438901601831,-0.30716863228306424,23.33288127545967
HEAL_056,277.35954233409615,-0.30746963562754753,23.332391748780637
HEAL_057,274.203295194508,1.235326527019883,20.813744882902814
HEAL_058,276.9841647597254,1.3148415771870918,21.051320446387326
HEAL_059,277.35954233409615,-0.30746963562754753,23.332391748780637
HEAL_060,276.9991304347826,1.314816053511682,21.046318062068583
HEAL_061,276.9841647597254,1.3148415771870918,21.051320446387326
HEAL_062,276.9991304347826,1.314816053511682,21.046318062068583
HEAL_063,273.44210526315794,1.3493135011441424,22.82239184374395
HEAL_064,287.8981693363844,1.48689403274067,26.125207441785722
HEAL_065,277.3438901601831,-0.30716863228306424,23.33288127545967
HEAL_066,277.35954233409615,-0.30746963562754753,23.332391748780637
HEAL_067,276.9841647597254,1.3148415771870918,21.051320446387326
HEAL_068,276.8037070938215,-0.8661899313501316,30.03718247464268
HEAL_069,277.35954233409615,-0.30746963562754753,23.332391748780637
HEAL_070,276.9841647597254,1.3148415771870918,21.051320446387326
HEAL_071,276.9991304347826,1.314816053511682,21.046318062068583
HEAL_072,274.21720823798626,1.2357780320366067,20.814813161041894
HEAL_073,276.9841647597254,1.3148415771870918,21.051320446387326
HEAL_074,277.35954233409615,-0.30746963562754753,23.332391748780637
JERC_001,598.2391304347826,5.439464882943132,51.708897268369356
JERC_002,586.2579405034325,3.6960605527195907,43.33394842862894
JERC_003,598.2391304347826,5.439464882943132,51.708897268369356
JERC_004,613.8441647597253,1.7238883999295416,36.37850969916124
JERC_005,592.4231121281465,1.2261380038725265,36.59207669811284
JERC_006,506.48237986270016,0.34607287449387464,41.810558748557035
JERC_007,609.7714874141876,5.994339024819557,52.745129210060256
JERC_008,592.4231121281465,1.2261380038725265,36.59207669811284
JERC_009,573.5435697940503,4.41193539869743,43.535629065303915
JERC_010,587.7147368421051,2.172836648477348,31.781809303706723
JERC_011,577.8232494279176,2.436908994895257,40.731564253754286
JERC_012,541.0936842105264,-0.6220542158070556,37.978316549456366
JERC_013,596.9007780320367,2.8571783136771316,36.9582384713946
JERC_014,575.0315789473684,2.000672416827983,50.74823759621046
JERC_015,606.0362013729978,3.11689667312092,38.92992898228692
JERC_016,612.893180778032,1.9652860411899251,41.26444483398157
JERC_019,649.7938672768879,4.8142914979756455,55.173994042444384
JERC_021,604.0196338672769,4.491004224608289,49.59719026692519
JERC_022,568.1048970251716,1.9717127266325911,41.95762505604953
JERC_028,314.46562929061787,3.4966106319309675,33.77197560961
JERC_029,577.8232494279176,2.436908994895257,40.731564253754286
JERC_030,581.8113958810068,-5.126007745115259,60.890817818776625
JERC_031,572.8311212814646,4.665627530364317,55.02490248886845
JERC_033,606.0988100686499,3.117766238338313,38.92763038355492
JERC_034,525.9600915331808,4.271450448864604,59.316730769667146
JERC_035,566.2508009153319,2.516370357331403,43.23338592586462
JERC_036,612.893180778032,1.9652860411899251,41.26444483398157
JERC_038,617.8034782608695,1.0192140468226663,44.094961746414626
JERC_040,561.5137299771167,3.5263967611335816,40.563845956892045
JERC_041,681.5640732265446,4.185966379158544,51.345259795731316
JERC_042,587.7147368421051,2.172836648477348,31.781809303706723
JERC_044,607.2848970251716,4.360776271783144,56.08934618147157
JERC_047,586.3151945080092,3.697262805844039,43.33061293960942
JERC_048,586.2579405034325,3.6960605527195907,43.33394842862894
JERC_049,586.3151945080092,3.697262805844039,43.33061293960942
JERC_050,586.3151945080092,3.697262805844039,43.33061293960942
JERC_051,572.8311212814646,4.665627530364317,55.02490248886845
JERC_052,586.3151945080092,3.697262805844039,43.33061293960942
JERC_053,586.2579405034325,3.6960605527195907,43.33394842862894
JERC_054,593.5535469107551,1.9918403450096607,59.63705162104198
JERC_055,586.3151945080092,3.697262805844039,43.33061293960942
JERC_056,586.3151945080092,3.697262805844039,43.33061293960942
JERC_057,572.8806864988558,4.667333215983043,55.03188747868946
JERC_058,586.2579405034325,3.6960605527195907,43.33394842862894
JERC_059,586.2579405034325,3.6960605527195907,43.33394842862894
JERC_060,572.8311212814646,4.665627530364317,55.02490248886845
JERC_061,586.3151945080092,3.697262805844039,43.33061293960942
JERC_062,586.3151945080092,3.697262805844039,43.33061293960942
JERC_063,586.2579405034325,3.6960605527195907,43.33394842862894
JERC_064,572.8311212814646,4.665627530364317,55.02490248886845
JERC_065,572.8311212814646,4.665627530364317,55.02490248886845
JERC_066,586.2579405034325,3.6960605527195907,43.33394842862894
LENO_001,468.3518993135011,-0.7803714134836057,28.97035389934296
LENO_002,518.1049885583524,-1.2652314733321919,25.43962725484288
LENO_003,512.6038901601831,-1.1319010737546817,27.90231155661836
LENO_004,493.5307551487414,-1.3837026931878813,33.02429936724522
LENO_005,500.01935926773456,-1.4188989614505034,29.416714176656566
LENO_006,518.0658581235698,-1.2354321422285484,30.894122921111197
LENO_007,523.3740503432495,-0.7127908818870413,28.987910009664752
LENO_008,660.6225629290617,-0.9379827495159888,28.9835934359317
LENO_009,518.7704805491991,-2.0577195916212743,36.17910968397575
LENO_010,512.6290617848971,-1.2229941911635718,27.399585822183983
LENO_011,496.34050343249424,-1.5161027988030997,32.162150262926374
LENO_012,638.4037986270023,-0.40994015138186723,30.16071888996672
LENO_013,524.4992219679633,-0.7242017250484885,32.66399753937535
LENO_014,523.3667276887873,-0.713308396409131,28.985400011259348
LENO_015,660.6225629290617,-0.9379827495159888,28.9835934359317
LENO_016,518.0658581235698,-1.2354321422285484,30.894122921111197
LENO_017,633.3558352402746,10.912232001408096,104.57330680074473
LENO_018,655.947185354691,-0.8601698644605436,29.81494365733698
LENO_019,533.9143707093822,-1.1284166519979584,30.179503938220225
LENO_021,626.9314874141877,-9.404724520331024,99.78982158825657
LENO_022,538.8297025171626,-0.6373059320542879,32.01857863037395
LENO_061,704.6652173913043,4.414615384615313,74.88701180352975
LENO_062,704.6652173913043,4.414615384615313,74.88701180352975
LENO_063,656.4999542334097,-4.763099806372125,75.02025318719171
LENO_064,704.6652173913043,4.414615384615313,74.88701180352975
LENO_065,704.6652173913043,4.414615384615313,74.88701180352975
LENO_066,586.1463615560641,9.660354691075348,104.39545696352103
LENO_067,656.4999542334097,-4.763099806372125,75.02025318719171
LENO_068,656.4999542334097,-4.763099806372125,75.02025318719171
LENO_069,586.1463615560641,9.660354691075348,104.39545696352103
LENO_070,586.1463615560641,9.660354691075348,104.39545696352103
MLBS_001,437.0805034324943,-0.29454761485658876,23.14521526077043
MLBS_002,459.2982608695652,-0.25586956521744336,19.8388674672183
MLBS_003,455.9527231121281,-0.3483039957754462,22.326870881132027
MLBS_004,495.5843935926774,-0.16440855483196154,22.80991185534042
MLBS_005,449.2174828375287,-0.442228480901313,24.602278845014123
MLBS_006,492.2814187643021,0.25458898081317977,18.470582821448627
MLBS_007,496.324942791762,-0.005939975356504747,19.491949861953287
MLBS_008,484.3073684210526,-0.5086569265974848,23.219696276807273
MLBS_009,458.7543707093822,-0.11323270550963757,18.677020805555646
MLBS_010,455.9527231121281,-0.3483039957754462,22.326870881132027
MLBS_011,453.810114416476,-0.07245115296608884,25.165720956261563
MLBS_012,453.810114416476,-0.07245115296608884,25.165720956261563
MLBS_013,505.51350114416476,0.1455967259284761,20.449069669689536
MLBS_014,489.07945080091537,0.16236754092582534,23.420662311258194
MLBS_015,484.8135926773456,0.25467259285330907,23.152724839026693
MLBS_016,500.29386727688785,-0.13294930469994318,20.723299794271984
MLBS_017,437.0805034324943,-0.29454761485658876,23.14521526077043
MLBS_018,481.32672768878723,-0.43014786129209986,23.37753616184704
MLBS_019,484.25546910755145,-0.25826879070591074,18.207874597871793
MLBS_020,489.77446224256295,0.6728832951944631,17.382487034733398
MLBS_061,458.7543707093822,-0.11323270550963757,18.677020805555646
MLBS_062,459.2992677345538,-0.25145308924490734,19.84994175251124
MLBS_063,456.6429748283752,-0.2926931878191025,20.89961593398608
MLBS_064,458.7543707093822,-0.11323270550963757,18.677020805555646
MLBS_065,459.2982608695652,-0.25586956521744336,19.8388674672183
MLBS_066,456.6429748283752,-0.2926931878191025,20.89961593398608
MLBS_067,456.6429748283752,-0.2926931878191025,20.89961593398608
MLBS_068,456.6429748283752,-0.2926931878191025,20.89961593398608
MLBS_069,456.65217391304344,-0.2960869565217976,20.88145675701042
MLBS_070,456.6429748283752,-0.2926931878191025,20.89961593398608
MLBS_071,456.65217391304344,-0.2960869565217976,20.88145675701042
MLBS_072,456.6429748283752,-0.2926931878191025,20.89961593398608
MLBS_073,456.6429748283752,-0.2926931878191025,20.89961593398608
MLBS_074,456.65217391304344,-0.2960869565217976,20.88145675701042
MLBS_075,459.2982608695652,-0.25586956521744336,19.8388674672183
MLBS_076,456.65217391304344,-0.2960869565217976,20.88145675701042
ORNL_001,420.16183066361555,0.13930998063717895,30.19076632661096
ORNL_002,568.1837528604118,2.1357894736842007,40.5317229180938
ORNL_003,522.5170251716247,-0.12369477204722185,25.47214498556881
ORNL_004,495.1402288329519,0.5130742826966501,29.76361421224217
ORNL_006,516.0609610983981,-0.6330311564865967,27.701779674898265
ORNL_007,530.0938215102975,-0.6470357331456333,31.2026744955327
ORNL_008,530.909748283753,-0.6967646541102451,29.364186031284667
ORNL_009,553.1259954233409,-0.929460482309519,48.036302573583924
ORNL_010,536.1114874141876,-0.26444023939453426,29.654212872186793
ORNL_012,0.0,0.0,0.0
ORNL_014,516.9585812356979,-0.485124097870146,24.24325665623247
ORNL_015,522.5683295194508,-0.12127002288334775,25.44849030441564
ORNL_017,520.7928604118993,-0.8693223024116041,28.071959305014452
ORNL_018,405.76640732265446,0.5324511529659935,38.40667158712848
ORNL_019,531.7811899313501,-0.8384853018835475,32.48713777083217
ORNL_021,476.81487414187643,0.2021862348177845,28.718904919811276
ORNL_027,503.7495652173913,-0.4201839464883724,29.719971657320087
ORNL_029,518.762471395881,-0.593530188347193,30.017362234440537
ORNL_031,433.05624713958815,-0.6131473332160091,39.57064153000752
ORNL_032,509.5866361556064,-0.8235882767118924,28.5577213183513
ORNL_033,496.6002745995424,0.48948512585806714,26.535263735063033
ORNL_035,548.1235697940504,-1.0413254708678388,28.39581716444657
ORNL_036,534.1180778032036,-0.6346400281641131,27.7778670686594
ORNL_037,537.0653089244852,-0.463599718359509,28.314868534455105
ORNL_043,534.7929061784896,-0.2716071114241057,29.39546109379576
ORNL_044,654.458718535469,7.521583348002008,80.53662267375626
ORNL_045,534.1180778032036,-0.6346400281641131,27.7778670686594
ORNL_046,514.1783981693364,-0.6069045942616424,29.38831161653248
ORNL_049,537.0093821510297,-0.2088707973948865,28.648570650328374
ORNL_050,534.1180778032036,-0.6346400281641131,27.7778670686594
ORNL_051,537.0653089244852,-0.463599718359509,28.314868534455105
ORNL_052,537.0653089244852,-0.463599718359509,28.314868534455105
ORNL_053,514.1783981693364,-0.6069045942616424,29.38831161653248
ORNL_054,534.1180778032036,-0.6346400281641131,27.7778670686594
ORNL_055,537.0653089244852,-0.463599718359509,28.314868534455105
ORNL_056,537.0653089244852,-0.463599718359509,28.314868534455105
ORNL_057,534.1180778032036,-0.6346400281641131,27.7778670686594
ORNL_058,534.7929061784896,-0.2716071114241057,29.39546109379576
ORNL_059,514.1783981693364,-0.6069045942616424,29.38831161653248
ORNL_060,534.7929061784896,-0.2716071114241057,29.39546109379576
ORNL_061,514.1783981693364,-0.6069045942616424,29.38831161653248
ORNL_062,537.0653089244852,-0.463599718359509,28.314868534455105
ORNL_063,537.0093821510297,-0.2088707973948865,28.648570650328374
ORNL_066,654.458718535469,7.521583348002008,80.53662267375626
ORNL_067,517.6870938215103,1.1216740010561232,21.871847442112166
ORNL_068,477.96709382151033,-0.5654999119873835,29.84994779358934
OSBS_001,658.7200915331808,2.248022355219091,35.42829638214271
OSBS_002,553.2536842105263,2.884350466467136,28.230398172540166
OSBS_003,500.7839359267735,0.20068033796869228,39.158269028682646
OSBS_004,517.0097025171624,1.260653934166498,17.88372995461461
OSBS_005,623.7720366132723,3.877540045766535,39.360700855022436
OSBS_006,485.21885583524033,0.20767206477728414,22.781528302045167
OSBS_007,503.5853546910755,1.7363897201196488,26.882989209529033
OSBS_008,517.1533638443935,1.1982371061432269,24.196071371603058
OSBS_009,628.4135926773455,5.6702411547262646,48.7341728900642
OSBS_010,609.050938215103,2.894231649357453,61.145367925445676
OSBS_011,532.4350114416476,2.8881077275127454,34.51183194050009
OSBS_012,481.2520823798627,2.3609074106671777,45.76251860687909
OSBS_013,517.0097025171624,1.260653934166498,17.88372995461461
OSBS_014,543.2203661327231,0.8959188523147095,21.69014654038265
OSBS_015,696.0778947368422,3.8934289737722154,49.749761958001436
OSBS_016,574.1686041189931,3.6662920260517238,33.164856288691986
OSBS_017,597.8956064073226,4.947485477908774,42.5925664663186
OSBS_018,452.05276887871855,1.508742298891024,25.283090974481453
OSBS_020,455.25418764302066,2.5177125506072597,28.236694730078117
OSBS_021,576.3516247139588,0.9592906178489642,26.477818306616022
OSBS_022,543.2203661327231,0.8959188523147095,21.69014654038265
OSBS_023,532.4350114416476,2.8881077275127454,34.51183194050009
OSBS_024,532.4350114416476,2.8881077275127454,34.51183194050009
OSBS_025,487.8943249427918,0.9524969195563749,23.889408375818856
OSBS_026,480.2993135011441,0.3365965499031376,30.435942236299876
OSBS_027,480.2993135011441,0.3365965499031376,30.435942236299876
OSBS_028,464.48558352402745,2.349296778736089,34.340342223732485
OSBS_029,480.2993135011441,0.3365965499031376,30.435942236299876
OSBS_030,487.8943249427918,0.9524969195563749,23.889408375818856
OSBS_031,489.0820594965675,0.7501434606582829,25.36416801863358
OSBS_032,480.2993135011441,0.3365965499031376,30.435942236299876
OSBS_033,480.2993135011441,0.3365965499031376,30.435942236299876
OSBS_034,489.05771167048056,0.7491735609927307,25.369772714415983
OSBS_035,464.48558352402745,2.349296778736089,34.340342223732485
OSBS_036,480.2993135011441,0.3365965499031376,30.435942236299876
OSBS_037,464.48558352402745,2.349296778736089,34.340342223732485
OSBS_038,487.8943249427918,0.9524969195563749,23.889408375818856
OSBS_039,480.2993135011441,0.3365965499031376,30.435942236299876
OSBS_040,489.0820594965675,0.7501434606582829,25.36416801863358
OSBS_041,464.48558352402745,2.349296778736089,34.340342223732485
OSBS_042,487.8943249427918,0.9524969195563749,23.889408375818856
OSBS_043,487.01189931350115,0.5103978172856231,30.076894284036456
OSBS_044,480.2993135011441,0.3365965499031376,30.435942236299876
OSBS_048,519.184347826087,2.290903010033419,21.822014274450666
OSBS_049,530.535652173913,2.042240802675573,21.762666285552715
OSBS_050,504.07194508009155,0.6905043126209776,24.11399967701337
OSBS_051,482.39537757437074,1.8820198908642312,22.00356842422632
OSBS_063,503.9084668192219,2.460872205597557,30.328919370416973
OSBS_066,696.0778947368422,3.8934289737722154,49.749761958001436
OSBS_067,485.5460869565218,2.288996655518339,29.990280920932467
OSBS_068,484.9607780320366,1.013081323710554,25.925092168437917
OSBS_070,489.0820594965675,0.7501434606582829,25.36416801863358
OSBS_073,575.093775743707,3.7215868685090268,40.61952158154766
RMNP_001,343.8096567505721,1.085313325118799,19.105896522911188
RMNP_002,335.62851258581236,-0.170609927829624,12.357706232205125
RMNP_003,293.28672768878715,-1.1243786305228145,16.64515004621009
RMNP_004,308.4848970251716,0.9322143988733894,21.913311409039732
RMNP_005,350.66915331807775,0.46680073930643495,17.017757891859176
RMNP_006,361.6782151029749,1.0493082203837059,18.064001849538858
RMNP_007,333.28054919908465,1.6357428269670664,18.958501626389374
RMNP_008,332.52732265446224,-0.4987466995247458,15.354462299925482
RMNP_009,293.28672768878715,-1.1243786305228145,16.64515004621009
RMNP_010,333.28054919908465,1.6357428269670664,18.958501626389374
RMNP_011,171.3049885583524,1.5133805668016078,15.180868426923427
RMNP_012,385.9770709382151,0.9263782784720721,17.832604606222727
RMNP_013,266.49560640732267,-0.399621545502582,18.124309740575157
RMNP_014,387.927643020595,0.2493733497623312,18.0698938619212
RMNP_015,336.03528604119,-0.17262453793348084,12.375583142514383
RMNP_016,323.12636155606407,-0.3375717303291734,14.99364459993509
RMNP_017,286.24558352402744,-0.9837968667488245,15.874000587468938
RMNP_018,365.35153318077806,-0.33480197148391133,14.839700880403106
RMNP_019,288.3472768878719,-0.1838197500440224,9.035613729399255
RMNP_020,336.03528604119,-0.17262453793348084,12.375583142514383
RMNP_041,305.3902517162471,-0.2617972187995327,19.851572421288772
RMNP_042,187.23519450800916,0.9220119697236264,12.427391495794435
RMNP_043,187.23519450800916,0.9220119697236264,12.427391495794435
RMNP_044,187.23519450800916,0.9220119697236264,12.427391495794435
RMNP_045,187.23519450800916,0.9220119697236264,12.427391495794435
RMNP_046,187.23519450800916,0.9220119697236264,12.427391495794435
RMNP_047,187.23519450800916,0.9220119697236264,12.427391495794435
RMNP_048,187.23519450800916,0.9220119697236264,12.427391495794435
RMNP_049,187.23519450800916,0.9220119697236264,12.427391495794435
SCBI_002,477.42160183066363,-1.2552358739659215,27.708266885181686
SCBI_003,481.25711670480547,-1.374752684386614,29.02286905879718
SCBI_004,468.14352402745993,-1.2451610631931664,25.553171613228397
SCBI_005,483.1970709382151,-0.7447588452737812,24.834421500216433
SCBI_006,468.0014187643021,-1.07766854427044,25.52951706795493
SCBI_007,477.4526315789473,-1.217279528252132,27.182306603962818
SCBI_008,546.8582608695651,-3.3679765886288826,97.42469422191893
SCBI_010,468.33533180778034,-1.3887053335681088,30.31069521848989
SCBI_011,484.3236613272311,-0.5832863932406871,24.57260588202381
SCBI_012,498.2516247139588,2.268019714838827,55.26842661839883
SCBI_013,479.98549199084664,-0.8507824326703564,26.388035478512414
SCBI_014,483.06581235697945,-0.9386322830488106,23.450676365655493
SCBI_015,482.19990846681924,-1.1175708502024981,26.273198210091447
SCBI_016,460.47560640732263,-0.9305580003521116,23.422901170529236
SCBI_017,478.4215560640732,-0.9390212990671263,25.265070919841875
SCBI_018,473.38000000000005,-0.6509866220736575,28.489184841445656
SCBI_019,508.73519450800916,-4.093355923253113,75.36134092485399
SCBI_021,468.0014187643021,-1.07766854427044,25.52951706795493
SCBI_022,477.9296567505721,-1.426860587924723,28.521102852653758
SCBI_023,482.19990846681924,-1.1175708502024981,26.273198210091447
SCBI_033,364.3566590389017,-2.427389544094369,30.22639623581965
SCBI_034,364.3566590389017,-2.427389544094369,30.22639623581965
SCBI_035,458.41665903890157,-1.592857771519145,25.940106299878714
SCBI_038,458.41665903890157,-1.592857771519145,25.940106299878714
SCBI_045,472.72192219679636,-1.272517162471461,26.658224293895724
SCBI_046,477.42160183066363,-1.2552358739659215,27.708266885181686
SCBI_047,477.2972082379863,-1.2585363492343589,27.71952022350267
SCBI_048,477.2972082379863,-1.2585363492343589,27.71952022350267
SCBI_049,477.2972082379863,-1.2585363492343589,27.71952022350267
SCBI_050,469.24636155606413,-1.3871703925365966,27.714581566008082
SCBI_051,469.24636155606413,-1.3871703925365966,27.714581566008082
SCBI_052,472.72192219679636,-1.272517162471461,26.658224293895724
SCBI_053,469.24636155606413,-1.3871703925365966,27.714581566008082
SCBI_054,472.72192219679636,-1.272517162471461,26.658224293895724
SCBI_055,469.24636155606413,-1.3871703925365966,27.714581566008082
SCBI_056,469.24636155606413,-1.3871703925365966,27.714581566008082
SCBI_057,469.24636155606413,-1.3871703925365966,27.714581566008082
SCBI_058,472.72192219679636,-1.272517162471461,26.658224293895724
SCBI_061,469.24636155606413,-1.3871703925365966,27.714581566008082
SCBI_062,477.2972082379863,-1.2585363492343589,27.71952022350267
SCBI_063,477.2972082379863,-1.2585363492343589,27.71952022350267
SCBI_064,472.72192219679636,-1.272517162471461,26.658224293895724
SCBI_066,477.2972082379863,-1.2585363492343589,27.71952022350267
SCBI_067,477.2972082379863,-1.2585363492343589,27.71952022350267
SCBI_071,468.33533180778034,-1.3887053335681088,30.31069521848989
SERC_001,447.25881006865,0.7207093821509716,24.25598833624251
SERC_002,514.5843020594965,-0.9127486358036194,28.418641489899823
SERC_003,515.3830205949657,-0.25223552191521664,45.793676562879185
SERC_004,486.40654462242566,-0.19209558176383926,24.564881608296833
SERC_005,545.7786727688788,0.6042862172152312,72.30929387286692
SERC_006,423.172585812357,-1.7796101038550167,40.64931321072551
SERC_007,622.1606407322654,1.0332635099452507,77.73536292673667
SERC_008,569.6308466819222,0.7308079563456762,50.943658767433526
SERC_009,511.3945537757437,-0.6625726104559679,25.929964310667316
SERC_010,650.0381693363845,0.7221615912690821,38.69559714960355
SERC_011,565.190709382151,1.409752684386494,90.875069497812
SERC_012,504.85272311212816,-0.13673208942094192,25.302874139772154
SERC_013,459.4010068649886,0.15675761309622502,26.471419700195963
SERC_014,421.5573913043479,-3.160501672240783,50.10101700291021
SERC_016,515.2626086956521,-0.25085284280942505,45.79434050932833
SERC_017,562.2231578947369,5.100558880478781,59.19014607058609
SERC_018,569.5448970251716,0.7298063721175547,50.95709259366387
SERC_019,486.40654462242566,-0.19209558176383926,24.564881608296833
SERC_021,509.55766590389015,-0.5989095229713619,24.686735457537512
SERC_022,473.40027459954234,-0.4698794226369187,27.390173617628786
SERC_043,509.55766590389015,-0.5989095229713619,24.686735457537512
SERC_044,513.0429290617849,-0.1057595493751669,54.68771046886607
SERC_045,455.2735469107551,-0.5928252068298377,28.424694864066637
SERC_046,513.0429290617849,-0.1057595493751669,54.68771046886607
SERC_047,491.25148741418764,-0.32912251364202705,24.345470165694454
SERC_048,509.055652173913,-0.5917391304348367,24.72756517320468
SERC_049,491.25148741418764,-0.32912251364202705,24.345470165694454
SERC_050,491.79052631578946,-0.008633163175569688,25.45656506692472
SERC_051,455.2735469107551,-0.5928252068298377,28.424694864066637
SERC_052,502.3356064073227,-0.8740195388136515,25.991532834696976
SERC_053,502.81935926773457,-0.8809558176378007,25.94476023873694
SERC_054,502.81935926773457,-0.8809558176378007,25.94476023873694
SERC_055,526.488832951945,2.4939315261397264,68.181475291408
SERC_056,491.25148741418764,-0.32912251364202705,24.345470165694454
SERC_057,491.25148741418764,-0.32912251364202705,24.345470165694454
SERC_058,509.055652173913,-0.5917391304348367,24.72756517320468
SERC_059,551.5611441647598,1.5988162295369914,78.65122924230863
SERC_060,509.055652173913,-0.5917391304348367,24.72756517320468
SERC_061,502.81935926773457,-0.8809558176378007,25.94476023873694
SERC_062,455.2735469107551,-0.5928252068298377,28.424694864066637
SERC_067,506.85372997711676,-0.29151293786311616,24.246045494586966
SERC_073,491.79052631578946,-0.008633163175569688,25.45656506692472
SOAP_001,465.2947826086956,-2.8553678929766475,48.54966473945829
SOAP_002,320.43853546910753,-4.854829255412749,46.65134221342773
SOAP_003,418.5794965675057,-5.407542686146812,52.425244135797065
SOAP_004,418.6155606407322,-3.544360147861295,39.1402961492448
SOAP_006,345.6829290617849,-6.180642492518923,58.35735888525006
SOAP_007,415.3364759725401,-7.3481834184122325,62.296360705334685
SOAP_008,394.3625171624714,-8.737687907058591,73.54962507588472
SOAP_009,447.30233409610986,-6.860923252948483,62.313113075076735
SOAP_010,418.6155606407322,-3.544360147861295,39.1402961492448
SOAP_011,424.9840732265447,-3.5715754268614615,40.395155096952934
SOAP_012,394.3625171624714,-8.737687907058591,73.54962507588472
SOAP_013,320.43853546910753,-4.854829255412749,46.65134221342773
SOAP_015,440.8777574370709,-4.249733321598336,53.40427444145021
SOAP_016,422.1313501144165,-8.604308220383675,78.9419753950094
SOAP_017,438.78196796338676,-4.112661503256457,44.31089827348978
SOAP_018,439.02897025171626,-5.121902834008095,49.80705941115474
SOAP_019,439.02897025171626,-5.121902834008095,49.80705941115474
SOAP_020,402.46375286041183,-6.338641964442893,56.99313644265364
SOAP_021,407.55025171624715,-5.438034676993487,58.560721583288306
SOAP_022,440.8777574370709,-4.249733321598336,53.40427444145021
SOAP_024,345.6829290617849,-6.180642492518923,58.35735888525006
SOAP_031,410.8728146453089,-5.391151205773638,53.2888157075912
SOAP_043,424.4536384439359,-3.568615560640724,40.372455772407044
SOAP_044,412.53107551487426,-9.07812444992077,73.43922345071354
SOAP_045,414.1837528604119,-9.77411019186761,79.94003868945786
SOAP_046,412.53107551487426,-9.07812444992077,73.43922345071354
SOAP_047,402.46375286041183,-6.338641964442893,56.99313644265364
SOAP_048,418.6155606407322,-3.544360147861295,39.1402961492448
SOAP_049,410.8728146453089,-5.391151205773638,53.2888157075912
SOAP_050,424.4536384439359,-3.568615560640724,40.372455772407044
SOAP_051,418.6155606407322,-3.544360147861295,39.1402961492448
SOAP_052,412.07290617848963,-9.074433198380548,73.41163327270365
SOAP_053,402.46375286041183,-6.338641964442893,56.99313644265364
SOAP_054,402.46375286041183,-6.338641964442893,56.99313644265364
SOAP_055,424.4536384439359,-3.568615560640724,40.372455772407044
SOAP_056,410.8728146453089,-5.391151205773638,53.2888157075912
SOAP_057,418.6155606407322,-3.544360147861295,39.1402961492448
SOAP_058,424.9840732265447,-3.5715754268614615,40.395155096952934
SOAP_059,418.6155606407322,-3.544360147861295,39.1402961492448
SOAP_060,412.07290617848963,-9.074433198380548,73.41163327270365
SOAP_061,418.6155606407322,-3.544360147861295,39.1402961492448
STEI_001,392.47963386727696,-0.17718975532482337,23.2694239381335
STEI_002,398.73299771167046,0.20688347121979944,26.270440828766162
STEI_003,421.29221967963383,-2.9271008625242962,56.04577364635155
STEI_004,406.9017391304348,-2.074498327759329,56.29648161267251
STEI_005,411.42379862700227,-3.0797060376695407,57.5896159269746
STEI_006,405.92155606407323,-2.6251417004049573,53.16618743363733
STEI_007,418.32874141876425,-3.401281464531003,61.51935032655222
STEI_008,421.3327231121282,-5.100879246611591,67.43229110381678
STEI_009,397.0405949656751,0.6167857771518543,23.031805958323538
STEI_010,389.5869107551488,0.5046426685442237,22.632357228590692
STEI_011,396.558123569794,0.1480417180073366,24.031766152206245
STEI_012,405.74627002288327,0.3811952121104906,22.910168808864825
STEI_013,398.31565217391307,0.5761204013377529,20.14254694306302
STEI_014,393.3843935926774,0.15256468931521086,22.84716350798687
STEI_015,394.8828832951946,-0.19049815173390297,22.771866836754295
STEI_016,417.2844393592677,-3.2070779792290764,61.66333338986696
STEI_017,457.98604118993137,-8.172531244499249,74.94707833531888
STEI_019,408.82256292906175,-0.854922548847065,38.374269430744555
STEI_021,455.88736842105266,-6.62364020418943,63.61552878526769
STEI_022,415.20983981693365,0.18341489174435976,21.46945523963487
STEI_023,400.3133180778033,0.859351346593859,19.747076471472415
STEI_046,446.2659954233409,-2.147788241506805,55.69266661703346
STEI_047,446.2659954233409,-2.147788241506805,55.69266661703346
STEI_048,450.1371624713959,-5.919930469987745,70.32615803846006
STEI_049,446.2659954233409,-2.147788241506805,55.69266661703346
STEI_050,450.1371624713959,-5.919930469987745,70.32615803846006
STEI_051,477.02846681922193,-5.840582643900773,66.67941927277808
STEI_052,446.2659954233409,-2.147788241506805,55.69266661703346
STEI_053,446.2659954233409,-2.147788241506805,55.69266661703346
STEI_054,450.1371624713959,-5.919930469987745,70.32615803846006
STEI_055,477.02846681922193,-5.840582643900773,66.67941927277808
STEI_056,446.2659954233409,-2.147788241506805,55.69266661703346
STEI_057,446.2659954233409,-2.147788241506805,55.69266661703346
STEI_058,477.02846681922193,-5.840582643900773,66.67941927277808
STEI_059,450.1371624713959,-5.919930469987745,70.32615803846006
STEI_060,446.2659954233409,-2.147788241506805,55.69266661703346
STEI_061,446.2659954233409,-2.147788241506805,55.69266661703346
STEI_062,446.2659954233409,-2.147788241506805,55.69266661703346
TALL_001,564.1179405034325,1.2958933286392698,23.545113180169423
TALL_002,744.8159267734554,9.194669072346374,117.36979450422047
TALL_003,799.4982151029748,18.929759725400267,167.81326399848146
TALL_004,532.5999542334096,1.42303731737368,50.30937451522874
TALL_005,659.1818306636155,6.265447104382935,98.6476086767648
TALL_006,607.5374828375286,-0.4748204541454196,25.6132038294513
TALL_007,722.8932265446224,2.8388540749867612,30.814419127334375
TALL_008,757.7050800915332,11.146954761485578,128.72410991001993
TALL_009,606.4071395881007,2.9596065833479317,87.23415213427387
TALL_010,720.5944164759726,3.692057736313969,74.1521420430245
TALL_011,726.9171624713958,1.7817250484069562,21.654428105002655
TALL_012,812.7478260869565,9.08160535117048,146.21986009370377
TALL_013,617.0486041189931,-1.1097280408378936,28.675386641282923
TALL_015,751.1258123569794,9.858976412603369,120.0975931848184
TALL_016,598.1030663615561,5.236850906530344,119.55030893703801
TALL_017,698.9924027459955,0.9881578947367954,29.138611310266565
TALL_018,775.5411441647598,-5.572973068121958,104.43374328759812
TALL_020,532.545766590389,1.4203749339904717,50.30240915943143
TALL_022,720.945171624714,-0.26057472276010507,18.314275765554072
TALL_025,659.1220594965675,6.265645132899042,98.67421025401013
TALL_042,630.2302974828375,1.2691286745290997,51.10888758586307
TALL_043,630.2302974828375,1.2691286745290997,51.10888758586307
TALL_044,729.6710755148739,1.3129123393768622,20.05639294200612
TALL_045,729.6710755148739,1.3129123393768622,20.05639294200612
TALL_046,630.2302974828375,1.2691286745290997,51.10888758586307
TALL_047,729.6710755148739,1.3129123393768622,20.05639294200612
TALL_048,630.2302974828375,1.2691286745290997,51.10888758586307
TALL_049,630.2302974828375,1.2691286745290997,51.10888758586307
TALL_050,729.6710755148739,1.3129123393768622,20.05639294200612
TALL_051,641.059405034325,5.872779440239375,77.36164618855926
TALL_052,640.9939130434782,5.871488294314359,77.32389064854637
TALL_053,640.9939130434782,5.871488294314359,77.32389064854637
TALL_054,641.059405034325,5.872779440239375,77.36164618855926
TALL_055,641.059405034325,5.872779440239375,77.36164618855926
TALL_056,640.9939130434782,5.871488294314359,77.32389064854637
TALL_057,641.059405034325,5.872779440239375,77.36164618855926
TALL_058,640.9939130434782,5.871488294314359,77.32389064854637
TALL_059,640.9939130434782,5.871488294314359,77.32389064854637
TALL_060,729.6710755148739,1.3129123393768622,20.05639294200612
TALL_061,641.059405034325,5.872779440239375,77.36164618855926
TALL_064,737.1068649885584,9.802094701636992,120.33102342012924
TEAK_001,407.88517162471396,-2.1008590036965873,41.9465070896222
TEAK_002,337.78004576659043,-4.014174441119526,39.171515969736895
TEAK_003,365.5627459954233,-1.6891955641612675,26.492671720586685
TEAK_004,318.8243935926774,-1.4532881534941327,22.605542976158898
TEAK_005,148.52118993135014,0.21711670480549172,8.711370534832863
TEAK_006,321.57935926773456,-5.280939095229727,45.91177205419174
TEAK_007,351.0757894736842,-0.5727574370709605,26.309760135640204
TEAK_010,383.51459954233417,-2.516145044886502,31.62869155604967
TEAK_011,363.5323569794051,-1.3458281992607402,29.422960108773093
TEAK_012,365.5627459954233,-1.6891955641612675,26.492671720586685
TEAK_013,328.0832036613273,-3.7608396409083227,42.60330059407663
TEAK_014,372.8743707093821,-3.0066106319310184,32.87495174969317
TEAK_015,335.2620137299771,-0.6410834360147848,30.169837292558014
TEAK_016,280.37089244851256,-0.3143865516634576,18.179989855163534
TEAK_017,329.86700228832945,-1.2474185882767357,28.091050711696106
TEAK_018,333.18146453089247,-2.5011406442527875,30.935582284762813
TEAK_019,434.21853546910756,-3.013675409258989,45.135106630439985
TEAK_020,320.88613272311215,-1.401498855835255,21.62539007604779
TEAK_024,263.17972540045764,-1.1684483365604754,21.623553703258008
TEAK_025,276.22027459954234,-0.10123393768704764,21.311800184888938
TEAK_043,331.78773455377575,-2.082019010737578,28.69475069317824
TEAK_044,359.1634324942791,-0.37841753212465296,23.82057448571498
TEAK_045,323.4653546910755,-1.3031086076395284,26.008569224811573
TEAK_046,345.10727688787176,-1.3973147333216258,26.577655811503995
TEAK_047,359.1634324942791,-0.37841753212465296,23.82057448571498
TEAK_048,323.4653546910755,-1.3031086076395284,26.008569224811573
TEAK_049,323.43858123569794,-1.3044384791410246,26.027262863653252
TEAK_050,354.80686498855835,0.10453617320892364,24.698607101596526
TEAK_051,360.2489702517163,-2.132605175145261,29.75369024097469
TEAK_052,345.10713958810067,-1.4027512761838006,26.599513723819623
TEAK_053,359.1634324942791,-0.37841753212465296,23.82057448571498
TEAK_054,323.4653546910755,-1.3031086076395284,26.008569224811573
TEAK_055,323.43858123569794,-1.3044384791410246,26.027262863653252
TEAK_056,359.1634324942791,-0.37841753212465296,23.82057448571498
TEAK_057,360.2489702517163,-2.132605175145261,29.75369024097469
TEAK_058,323.43858123569794,-1.3044384791410246,26.027262863653252
TEAK_059,323.4653546910755,-1.3031086076395284,26.008569224811573
TEAK_060,323.43858123569794,-1.3044384791410246,26.027262863653252
TEAK_061,323.4653546910755,-1.3031086076395284,26.008569224811573
TEAK_062,331.78773455377575,-2.082019010737578,28.69475069317824
TREE_001,382.66498855835243,-0.6433418412251801,32.58766267919202
TREE_002,385.4334553775744,-0.29337264566102483,24.098561349820518
TREE_003,434.9165217391305,-2.1068561872910183,62.55924547139975
TREE_004,504.0328604118993,0.511931878190384,40.09812377064293
TREE_005,404.9477345537757,-0.47745379334629373,23.96680182864722
TREE_006,388.6123569794051,0.47938919204360136,22.539950478953884
TREE_007,400.7294736842105,-3.6917681746171027,48.955778204031624
TREE_008,504.0328604118993,0.511931878190384,40.09812377064293
TREE_009,427.73240274599533,-1.9300528076043415,57.54552915217307
TREE_010,385.437986270023,-0.29440151381804214,24.107205088094194
TREE_011,400.7294736842105,-3.6917681746171027,48.955778204031624
TREE_012,390.30604118993136,-0.1655914451681599,25.156560837075165
TREE_014,382.66498855835243,-0.6433418412251801,32.58766267919202
TREE_015,410.59578947368414,-0.06732265446230146,23.048974130998335
TREE_016,379.9617391304348,0.3968561872909096,23.004851366383875
TREE_017,390.19670480549195,0.3205764830134892,25.59843478466904
TREE_018,385.4334553775744,-0.29337264566102483,24.098561349820518
TREE_019,390.30604118993136,-0.1655914451681599,25.156560837075165
TREE_022,388.6123569794051,0.47938919204360136,22.539950478953884
TREE_023,410.5951029748283,-0.06649533532834792,23.055895684491144
TREE_025,390.186590389016,0.31954937510995,25.575391638849513
TREE_039,390.186590389016,0.31954937510995,25.575391638849513
TREE_040,409.34512585812365,-2.755865164583678,50.39835451460127
TREE_041,394.9281464530893,0.007400985741878369,26.308467750731776
TREE_042,399.890938215103,0.605168104206934,27.07394534969026
TREE_043,390.19670480549195,0.3205764830134892,25.59843478466904
TREE_044,390.19670480549195,0.3205764830134892,25.59843478466904
TREE_045,390.186590389016,0.31954937510995,25.575391638849513
TREE_046,396.6337299771167,0.34300211230410405,25.158472397745882
TREE_047,409.34512585812365,-2.755865164583678,50.39835451460127
TREE_048,503.8986727688787,1.1491357155429678,30.07074776836707
TREE_049,396.6337299771167,0.34300211230410405,25.158472397745882
TREE_050,522.9532723112128,0.7616528780143456,39.664829275163605
TREE_051,396.6151029748284,0.3424177081499075,25.14975828062296
TREE_052,396.6337299771167,0.34300211230410405,25.158472397745882
TREE_053,396.6337299771167,0.34300211230410405,25.158472397745882
TREE_054,522.9532723112128,0.7616528780143456,39.664829275163605
TREE_055,396.6151029748284,0.3424177081499075,25.14975828062296
TREE_056,396.6337299771167,0.34300211230410405,25.158472397745882
TREE_057,390.186590389016,0.31954937510995,25.575391638849513
TREE_060,449.436933638444,-0.9590749867981702,63.72192378921479
TREE_062,427.73240274599533,-1.9300528076043415,57.54552915217307
TREE_063,391.2162013729978,-0.11788593557478963,24.196606286857733
TREE_064,379.9598169336385,0.39659743002986697,22.999840853018394
UKFS_001,446.76375286041184,-0.6069530012322162,25.86730714408876
UKFS_002,277.5469107551487,0.17716775215627575,19.801980562462077
UKFS_003,360.9355606407323,1.7766599190283323,40.545165744259016
UKFS_004,465.73524027459956,2.447703749339817,50.14361157679622
UKFS_005,455.45940503432496,-0.5562506600950725,34.30178286575384
UKFS_006,449.60796338672765,-0.47237282168636135,27.731069984730077
UKFS_007,287.44077803203663,-0.318891920436575,18.344728530326183
UKFS_008,442.49459954233413,-0.5353925365252903,25.23387635890153
UKFS_009,285.08732265446224,-0.5868069001936631,22.894879387596774
UKFS_010,360.9355606407323,1.7766599190283323,40.545165744259016
UKFS_011,442.49459954233413,-0.5353925365252903,25.23387635890153
UKFS_012,264.75528604118995,-0.2394807252244639,16.22200356599759
UKFS_013,369.3940503432494,0.03235961978520873,27.72263054345793
UKFS_014,446.76375286041184,-0.6069530012322162,25.86730714408876
UKFS_015,445.45093821510295,0.3698169336384344,32.062574223507234
UKFS_016,397.62114416475976,-0.021953001232187182,34.50145001111278
UKFS_017,264.75528604118995,-0.2394807252244639,16.22200356599759
UKFS_018,360.9338215102975,1.7766766414363615,40.545918237290046
UKFS_019,458.1778489702517,2.1397940503432147,45.40668913124516
UKFS_025,378.52091533180777,3.1632335856363154,40.64017997996106
UKFS_031,446.7891533180778,-0.6075805315965869,25.864364517958883
UKFS_032,454.9558352402746,1.193151733849679,48.31450983791457
UKFS_043,449.6236155606407,-0.47312533004756363,27.728777501288903
UKFS_044,450.35180778032037,-0.5779255412779805,27.511461571369484
UKFS_045,446.76375286041184,-0.6069530012322162,25.86730714408876
UKFS_046,449.60796338672765,-0.47237282168636135,27.731069984730077
UKFS_047,446.7891533180778,-0.6075805315965869,25.864364517958883
UKFS_048,449.6236155606407,-0.47312533004756363,27.728777501288903
UKFS_049,450.35180778032037,-0.5779255412779805,27.511461571369484
UKFS_050,449.60796338672765,-0.47237282168636135,27.731069984730077
UKFS_051,454.9740961098398,1.1919811652878092,48.312768437325346
UKFS_052,446.76375286041184,-0.6069530012322162,25.86730714408876
UKFS_053,450.35180778032037,-0.5779255412779805,27.511461571369484
UKFS_054,442.49459954233413,-0.5353925365252903,25.23387635890153
UKFS_055,454.9558352402746,1.193151733849679,48.31450983791457
UKFS_056,450.35180778032037,-0.5779255412779805,27.511461571369484
UKFS_057,454.9740961098398,1.1919811652878092,48.312768437325346
UKFS_058,446.7891533180778,-0.6075805315965869,25.864364517958883
UKFS_059,449.6236155606407,-0.47312533004756363,27.728777501288903
UKFS_060,454.9558352402746,1.193151733849679,48.31450983791457
UNDE_001,381.0801830663615,-0.36492518922730094,23.773517577853223
UNDE_002,365.8171167048055,-0.3012911459250906,33.11483799285379
UNDE_003,363.7454919908467,-0.048123569794100846,21.880609605941885
UNDE_006,355.0064530892448,-0.24352930822044308,26.024631928844286
UNDE_007,383.37441647597257,-0.17954761485659643,24.922853003704823
UNDE_008,355.0064530892448,-0.24352930822044308,26.024631928844286
UNDE_010,364.24855835240277,-0.07832951945085992,23.743309959204524
UNDE_011,387.1725400457666,0.07377838408726435,20.92274825070635
UNDE_012,358.94727688787185,-0.17005720823803805,25.78462075871331
UNDE_013,382.95537757437063,-0.5522610455906096,24.379726070206974
UNDE_014,364.1022883295194,0.03121105439177308,24.581983430511904
UNDE_015,378.28187643020595,-0.7814363668368773,29.153760239130822
UNDE_016,363.96311212814646,-0.353126210174316,20.971538333448994
UNDE_018,360.24485125858126,-0.3732098222144511,23.24290757276851
UNDE_019,372.64128146453083,0.4017945784192327,21.880522615695405
UNDE_020,334.9891533180778,0.738991374757926,22.907511957474004
UNDE_021,325.25977116704803,0.8060895969019188,21.739490411279498
UNDE_022,376.3360183066361,-0.5344323182538838,23.586206364468215
UNDE_023,378.2764759725401,-0.781561344833714,29.158207452365225
UNDE_027,367.07446224256296,-0.1080531596550378,23.922363935132754
UNDE_037,361.41569794050343,-0.49159919028346044,26.45713871541276
UNDE_038,379.1611441647598,-0.29357507481083495,25.693091227819544
UNDE_043,376.2435697940504,0.37581499735955964,24.389573628153343
UNDE_044,376.71002288329527,-0.5338012673825542,25.46363478650046
UNDE_045,376.2435697940504,0.37581499735955964,24.389573628153343
UNDE_047,382.21464530892445,-0.6773261749692437,25.00787335765254
UNDE_048,376.2435697940504,0.37581499735955964,24.389573628153343
UNDE_049,382.95537757437063,-0.5522610455906096,24.379726070206974
UNDE_050,382.95537757437063,-0.5522610455906096,24.379726070206974
UNDE_052,376.2435697940504,0.37581499735955964,24.389573628153343
UNDE_054,382.95537757437063,-0.5522610455906096,24.379726070206974
UNDE_055,382.95537757437063,-0.5522610455906096,24.379726070206974
UNDE_056,376.2435697940504,0.37581499735955964,24.389573628153343
UNDE_057,376.2435697940504,0.37581499735955964,24.389573628153343
UNDE_058,382.95537757437063,-0.5522610455906096,24.379726070206974
UNDE_059,376.71002288329527,-0.5338012673825542,25.46363478650046
UNDE_060,382.95537757437063,-0.5522610455906096,24.379726070206974
UNDE_061,379.1611441647598,-0.29357507481083495,25.693091227819544
UNDE_065,365.4754691075515,-0.38591093117413594,23.297634539908334
UNDE_078,379.1611441647598,-0.29357507481083495,25.693091227819544
WREF_001,526.6021052631579,0.6583436014786012,22.308716807587086
WREF_002,617.557757437071,-1.0259206125682383,25.9876397082133
WREF_003,588.9616018306637,-0.29829607463477587,22.25179029786794
WREF_004,596.5229748283753,0.0843469459601917,21.410574259325756
WREF_005,513.9792219679634,0.22930998063720004,24.33278859518436
WREF_006,568.5743707093822,0.004676993487013647,34.01851165853345
WREF_007,601.8775743707095,1.0713122689666912,26.00666089051002
WREF_008,577.824118993135,-0.8123886639676235,23.17460630299755
WREF_009,626.3075057208238,1.2260103854954876,28.114782649671223
WREF_010,627.6065903890161,-0.8333101566625649,22.25550839407857
WREF_011,602.1156979405034,-1.3915155782432964,24.97857003651479
WREF_012,575.278581235698,-0.049689315261433976,25.53471357055773
WREF_013,585.5398169336385,0.7395238514345943,20.700505396191815
WREF_014,525.2010068649886,1.36799507129026,25.12182316352723
WREF_015,599.7079176201373,0.7884571378278109,24.929510753710485
WREF_016,623.7551487414188,-0.9168905122337823,23.657162270810847
WREF_017,596.844485125858,0.07739306460127642,21.39445510959815
WREF_018,582.981876430206,-1.539864460482298,29.310976158863607
WREF_019,529.577894736842,-1.6582934342545446,23.561944068168458
WREF_020,625.4646224256293,-0.08280584404159494,24.578609924146452
WREF_070,579.3577116704805,2.357919380390737,28.195869120757177
WREF_071,591.0926315789474,0.43760341489169724,24.348566777157806
WREF_072,554.450938215103,0.8768905122337396,18.202694574590524
WREF_073,570.8431578947369,3.440675937334969,32.839908764742916
WREF_074,591.0926315789474,0.43760341489169724,24.348566777157806
WREF_075,579.3577116704805,2.357919380390737,28.195869120757177
WREF_076,504.39496567505716,-1.5639385671536983,33.74948744889025
WREF_077,579.3577116704805,2.357919380390737,28.195869120757177
WREF_078,579.7093821510299,0.544707797922858,26.339669409975972
WREF_079,570.8431578947369,3.440675937334969,32.839908764742916
WREF_080,570.8431578947369,3.440675937334969,32.839908764742916
WREF_081,484.00086956521744,-1.88173913043479,30.966217021091772
WREF_082,591.0926315789474,0.43760341489169724,24.348566777157806
WREF_083,487.09080091533184,-1.9600176025347702,31.461441334281705
WREF_084,590.8142334096109,0.44494279176196483,24.31694738883157
WREF_085,590.8142334096109,0.44494279176196483,24.31694738883157
WREF_086,483.79533180778026,-1.8744578419292441,30.890152816336226
WREF_087,590.8142334096109,0.44494279176196483,24.31694738883157
WREF_088,591.0926315789474,0.43760341489169724,24.348566777157806
WREF_089,487.09080091533184,-1.9600176025347702,31.461441334281705
YELL_001,142.6861784897025,0.4255808836472134,14.144580316334826
YELL_002,170.55249427917622,-0.07154550255238978,12.621736130136838
YELL_003,141.57153318077803,0.9869538813589032,14.59450684708459
YELL_004,121.85409610983983,0.76723200140818,11.671896809654863
YELL_005,118.45560640732266,0.05470955817635627,8.28627312888354
YELL_006,139.1958352402746,1.1197738074282446,14.066985900949065
YELL_007,165.98558352402745,0.41297570850198256,16.16715993813728
YELL_008,150.9308924485126,0.17491110719940986,16.85400226508939
YELL_009,159.93386727688787,-0.033166696004242976,14.076926755843779
YELL_010,133.995057208238,0.29124097870090765,12.68918126597706
YELL_011,119.61816933638444,1.2187000528075798,13.493457256005042
YELL_012,143.48489702517162,0.022883295194496417,14.595751331651924
YELL_013,140.9488329519451,0.9163061080795379,13.043661785693507
YELL_014,181.74883295194508,0.4682291850026039,17.910357012753348
YELL_015,131.71011441647596,0.6069635627530002,15.207381060469483
YELL_016,120.91093821510297,0.9805025523675195,12.823528229190106
YELL_018,172.01446224256296,1.193836472452003,17.328304580760552
YELL_020,239.70974828375284,1.449807252244294,19.861854983439162
YELL_021,278.3425629290618,1.3586727688786695,21.680371441255083
YELL_022,144.07729977116705,-0.42129994719240577,12.953607226836498
YELL_023,175.97359267734552,0.0010939975356482076,12.139577588255737
YELL_043,154.03862700228834,0.9692633339200495,18.141437532877923
YELL_044,149.7338215102975,0.8040846681922088,15.860060345405051
YELL_045,153.10059496567507,0.6184078507304777,16.157756532037162
YELL_046,149.76810068649883,0.8046189051223267,15.859939444246123
YELL_047,149.7338215102975,0.8040846681922088,15.860060345405051
YELL_048,153.10059496567507,0.6184078507304777,16.157756532037162
YELL_049,154.03862700228834,0.9692633339200495,18.141437532877923
YELL_050,165.42727688787184,1.115160183066323,19.533881770324168
YELL_051,149.76810068649883,0.8046189051223267,15.859939444246123
YELL_052,149.76810068649883,0.8046189051223267,15.859939444246123
YELL_053,154.03862700228834,0.9692633339200495,18.141437532877923
YELL_054,149.7338215102975,0.8040846681922088,15.860060345405051
YELL_055,149.76810068649883,0.8046189051223267,15.859939444246123
YELL_056,153.10059496567507,0.6184078507304777,16.157756532037162
YELL_057,165.42727688787184,1.115160183066323,19.533881770324168
YELL_058,149.7338215102975,0.8040846681922088,15.860060345405051
YELL_059,149.76810068649883,0.8046189051223267,15.859939444246123
YELL_060,165.42727688787184,1.115160183066323,19.533881770324168
YELL_061,149.76810068649883,0.8046189051223267,15.859939444246123
YELL_062,149.7338215102975,0.8040846681922088,15.860060345405051
