plotID,s2_dist,s2_dist_year,s2_dist_mag,s2_recovery,nbr_trend
ABBY_001,0,0,-0.025,,0.0051
ABBY_002,0,0,0.011,0.0255,0.0401
ABBY_003,0,0,-0.008,0.0031,0.0069
ABBY_004,0,0,0.005,,0.0596
ABBY_005,0,0,0.0,0.016,0.0153
ABBY_006,0,0,-0.025,0.0075,0.0047
ABBY_007,1,2017,-0.565,0.0672,0.0304
ABBY_008,0,0,-0.015,0.0097,0.0099
ABBY_009,0,0,0.002,,0.0447
ABBY_010,0,0,-0.011,,0.0022
ABBY_011,0,0,0.003,0.039,0.0515
ABBY_012,0,0,-0.017,,0.0369
ABBY_013,0,0,-0.014,,0.0519
ABBY_014,0,0,-0.024,,0.0044
ABBY_015,0,0,0.009,0.0331,0.0637
ABBY_016,0,0,-0.016,,0.0028
ABBY_017,0,0,-0.016,0.0058,0.0046
ABBY_018,0,0,0.002,0.0814,0.0835
ABBY_019,0,0,-0.051,0.0103,0.0075
ABBY_023,0,0,-0.01,0.0019,0.0026
ABBY_025,0,0,-0.022,-0.001,-0.002
ABBY_061,0,0,-0.007,,0.0096
ABBY_062,0,0,-0.017,0.0072,0.0073
ABBY_063,0,0,-0.035,0.0088,0.0042
ABBY_064,0,0,-0.009,0.0028,0.008
ABBY_065,0,0,-0.02,0.007,0.0077
ABBY_066,0,0,-0.034,0.0082,0.0096
ABBY_067,0,0,-0.011,0.0047,0.0082
ABBY_068,0,0,-0.011,0.0057,0.007
ABBY_069,0,0,-0.023,0.0088,0.0082
ABBY_070,0,0,-0.022,0.0073,0.0073
ABBY_073,0,0,-0.015,0.0069,0.0072
ABBY_074,0,0,-0.024,0.0081,0.0068
ABBY_075,0,0,-0.034,0.0083,0.0062
ABBY_076,0,0,-0.028,0.0121,0.0109
ABBY_077,0,0,0.003,,0.0412
BART_001,0,0,-0.025,-0.0003,-0.0018
BART_002,0,0,-0.031,0.0031,-0.0042
BART_003,0,0,-0.016,-0.0027,-0.0004
BART_004,0,0,-0.024,0.0003,0.0004
BART_005,0,0,-0.044,0.0003,-0.002
BART_006,0,0,-0.037,,-0.0022
BART_007,0,0,-0.04,0.0053,0.0008
BART_010,0,0,-0.02,0.0035,-0.0014
BART_011,0,0,-0.026,0.0022,0.005
BART_012,0,0,-0.011,-0.0016,-0.0017
BART_013,0,0,-0.03,-0.005,-0.0022
BART_015,0,0,-0.026,-0.0001,-0.0023
BART_016,0,0,-0.024,0.0004,-0.0022
BART_018,0,0,-0.019,0.0092,0.0034
BART_019,0,0,-0.039,0.0074,-0.003
BART_023,0,0,-0.017,0.0034,-0.0001
BART_024,0,0,-0.044,0.0138,0.0035
BART_025,0,0,-0.04,,0.0
BART_026,0,0,-0.02,,0.0009
BART_027,0,0,-0.073,0.0163,0.0022
BART_028,0,0,-0.038,0.0135,0.0027
BART_032,0,0,-0.047,0.0164,-0.0033
BART_033,0,0,-0.023,-0.0025,-0.0005
BART_034,0,0,-0.031,0.0027,0.0022
BART_036,0,0,-0.023,0.001,-0.0012
BART_037,0,0,-0.016,-0.0001,0.0
BART_039,0,0,-0.024,0.0011,0.002
BART_040,0,0,-0.017,0.004,-0.0029
BART_041,0,0,-0.033,-0.0004,0.0002
BART_042,0,0,-0.019,-0.0035,-0.0004
BART_044,0,0,-0.023,0.0033,0.0002
BART_046,0,0,-0.022,-0.004,0.0008
BART_047,0,0,-0.026,0.0086,-0.0016
BART_050,0,0,-0.02,0.0017,0.0036
BART_051,0,0,-0.027,0.0012,0.0004
BART_070,0,0,-0.014,0.0007,0.0025
BART_071,0,0,-0.031,0.0038,-0.0037
BART_072,0,0,-0.022,0.0017,0.0005
BART_073,0,0,-0.023,0.001,-0.0013
BART_074,0,0,-0.023,-0.0027,-0.0003
BART_075,0,0,-0.03,0.0017,0.0012
BLAN_001,0,0,-0.029,-0.0049,-0.003
BLAN_003,1,2023,-0.109,0.0301,0.0102
BLAN_004,1,2024,-0.265,,-0.0246
BLAN_005,0,0,-0.044,,-0.0037
BLAN_006,1,2019,-0.169,0.0226,0.0054
BLAN_007,0,0,-0.067,,-0.0088
BLAN_008,1,2023,-0.164,0.0828,0.0038
BLAN_009,0,0,-0.041,-0.0016,-0.0025
BLAN_010,1,2023,-0.199,0.1,-0.0038
BLAN_011,0,0,-0.059,,-0.0058
BLAN_012,0,0,-0.044,-0.0045,-0.0043
BLAN_013,0,0,-0.048,0.0033,-0.0094
BLAN_014,1,2023,-0.081,0.0585,0.0169
BLAN_015,0,0,-0.02,,-0.0036
BLAN_016,1,2023,-0.12,0.0541,0.0084
BLAN_017,0,0,-0.054,,-0.0069
BLAN_018,0,0,-0.042,,-0.0045
BLAN_019,1,2024,-0.194,,-0.0149
BLAN_020,1,2023,-0.206,0.1046,-0.003
BLAN_031,1,2017,-0.493,0.0171,0.0021
BLAN_032,0,0,-0.061,0.0048,0.0011
BLAN_033,1,2023,-0.319,0.2433,0.0326
BLAN_034,1,2023,-0.279,0.124,0.0177
BLAN_035,0,0,-0.055,-0.0032,-0.004
BLAN_036,0,0,-0.043,,-0.0019
BLAN_037,1,2017,-0.513,0.0143,-0.0004
BLAN_038,1,2023,-0.343,0.2142,0.0276
BLAN_039,1,2017,-0.623,0.0203,-0.0008
BLAN_040,1,2023,-0.342,0.2184,0.0442
BLAN_041,0,0,-0.035,0.0055,0.0014
BLAN_042,1,2017,-0.563,0.0214,0.0024
BLAN_043,1,2023,-0.3,0.2542,0.045
BLAN_044,0,0,-0.063,0.002,-0.0025
BLAN_045,1,2017,-0.595,0.0189,-0.0016
BLAN_046,1,2017,-0.507,0.0256,0.0105
BLAN_047,1,2019,-0.122,0.0075,-0.0038
BLAN_048,1,2025,-0.084,,-0.0026
BLAN_049,1,2023,-0.432,0.2352,0.0315
BLAN_050,0,0,-0.044,-0.0048,-0.0033
BLAN_051,1,2023,-0.195,0.1924,0.049
BLAN_052,0,0,-0.059,0.0036,0.0011
BLAN_053,0,0,-0.066,0.0051,0.0005
BLAN_054,1,2017,-0.48,0.0224,0.0083
BLAN_055,1,2021,-0.086,0.011,-0.0038
BLAN_056,1,2017,-0.447,0.0186,0.006
BLAN_057,1,2021,-0.084,0.0009,-0.0038
BLAN_059,1,2017,-0.461,0.0218,0.0113
BLAN_060,1,2023,-0.143,0.1786,0.0545
BLAN_063,1,2025,-0.085,,-0.0042
BLAN_064,1,2017,-0.51,0.0185,0.0028
BLAN_068,1,2024,-0.247,,-0.0191
GRSM_001,0,0,-0.022,,0.005
GRSM_002,0,0,-0.049,0.0027,0.0018
GRSM_003,0,0,-0.062,0.0072,0.0043
GRSM_004,0,0,-0.037,,0.0046
GRSM_005,0,0,-0.053,0.004,0.0027
GRSM_006,0,0,-0.042,0.0066,0.0055
GRSM_007,1,2017,-0.546,0.0525,0.0327
GRSM_008,0,0,-0.041,0.007,0.0048
GRSM_009,1,2017,-0.136,0.0091,0.0047
GRSM_010,0,0,-0.025,0.0012,0.0046
GRSM_011,0,0,-0.043,0.005,0.0037
GRSM_012,0,0,-0.06,0.004,0.0016
GRSM_013,0,0,-0.078,0.0036,0.0016
GRSM_014,0,0,-0.021,,0.004
GRSM_015,0,0,-0.041,0.0043,0.0036
GRSM_016,0,0,-0.028,,0.0052
GRSM_017,0,0,-0.008,0.0022,0.0045
GRSM_018,0,0,-0.05,0.0037,0.0022
GRSM_019,1,2017,-0.117,0.0064,0.0029
GRSM_025,0,0,-0.056,0.0018,0.0013
GRSM_047,1,2017,-0.37,0.0453,0.0271
GRSM_048,1,2017,-0.083,0.0062,0.0044
GRSM_049,1,2017,-0.178,0.0158,0.0094
GRSM_050,0,0,-0.021,0.0061,0.0059
GRSM_051,1,2017,-0.487,0.0619,0.0396
GRSM_052,1,2017,-0.228,0.0268,0.0161
GRSM_053,0,0,-0.036,,0.0053
GRSM_054,0,0,-0.047,0.0079,0.0069
GRSM_055,0,0,-0.034,,0.0058
GRSM_056,1,2017,-0.182,0.0205,0.0137
GRSM_057,0,0,-0.033,,0.0048
GRSM_058,0,0,-0.03,0.0009,0.0047
GRSM_059,1,2017,-0.182,0.0164,0.0085
GRSM_060,1,2017,-0.107,0.0072,0.0041
GRSM_061,0,0,-0.059,0.0081,0.0062
GRSM_062,1,2017,-0.682,0.0737,0.0451
GRSM_063,0,0,-0.033,0.0074,0.0073
GRSM_064,0,0,-0.046,0.0076,0.0077
GRSM_065,0,0,-0.048,0.0091,0.0079
GRSM_066,0,0,-0.024,,0.0062
HARV_001,0,0,-0.046,0.006,0.0055
HARV_002,0,0,-0.053,0.0168,0.0155
HARV_004,1,2017,-0.188,0.0153,0.0066
HARV_005,1,2017,-0.177,0.0183,0.011
HARV_006,0,0,-0.065,0.0188,0.0187
HARV_008,1,2017,-0.179,0.0144,0.0087
HARV_010,0,0,-0.031,0.0126,0.0118
HARV_011,1,2017,-0.097,0.0052,0.0026
HARV_012,0,0,-0.044,0.0263,0.0205
HARV_013,0,0,-0.044,0.0036,0.0027
HARV_014,1,2017,-0.129,0.015,0.0096
HARV_015,0,0,-0.057,0.0024,-0.0003
HARV_016,1,2017,-0.083,0.0047,0.0019
HARV_017,1,2017,-0.097,0.0162,0.0139
HARV_020,0,0,-0.077,-0.0092,-0.0114
HARV_021,0,0,-0.051,0.0077,0.0058
HARV_022,0,0,-0.072,-0.0012,-0.004
HARV_023,0,0,-0.039,0.0026,0.0014
HARV_024,0,0,-0.015,0.0042,0.0028
HARV_025,0,0,-0.029,0.0025,0.0022
HARV_026,1,2017,-0.085,0.0055,0.002
HARV_027,0,0,-0.044,-0.0054,-0.0072
HARV_033,0,0,-0.035,0.0002,-0.0016
HARV_034,0,0,-0.044,0.0069,-0.0068
HARV_035,0,0,-0.049,0.0106,-0.0024
HARV_036,0,0,-0.04,-0.0005,-0.0023
HARV_037,0,0,-0.07,0.0097,-0.0031
HARV_038,0,0,-0.029,0.001,-0.0064
HARV_039,0,0,-0.037,-0.0019,-0.0038
HARV_040,0,0,-0.023,0.001,-0.0022
HARV_041,0,0,-0.04,0.0059,-0.0031
HARV_042,0,0,-0.032,0.0027,-0.0017
HARV_043,0,0,-0.049,0.0083,-0.0021
HARV_044,0,0,-0.026,-0.0038,-0.0068
HARV_045,0,0,-0.048,-0.0011,-0.0038
HARV_046,1,2019,-0.085,-0.0019,-0.0122
HARV_047,0,0,-0.027,0.002,-0.0014
HARV_048,0,0,-0.034,0.007,-0.0036
HARV_049,0,0,-0.034,0.0034,-0.0017
HARV_050,0,0,-0.033,0.0042,-0.0032
HARV_051,0,0,-0.028,0.0016,-0.0015
HARV_052,0,0,-0.036,-0.0017,-0.0033
JERC_001,1,2017,-0.088,0.0015,-0.0018
JERC_002,0,0,-0.038,,0.0029
JERC_003,0,0,-0.071,0.01,0.003
JERC_004,1,2025,-0.215,,-0.0095
JERC_005,0,0,-0.046,0.0056,0.0036
JERC_006,1,2017,-0.1,0.0073,0.0036
JERC_007,0,0,-0.072,0.0068,0.0039
JERC_008,0,0,-0.072,0.0064,0.0036
JERC_009,0,0,-0.043,0.014,0.0039
JERC_010,0,0,-0.029,0.0106,0.0034
JERC_011,1,2022,-0.095,0.0132,-0.0008
JERC_012,1,2017,-0.189,0.0079,-0.0002
JERC_013,1,2022,-0.08,0.0208,0.002
JERC_014,0,0,-0.05,-0.0055,0.0024
JERC_015,0,0,-0.035,0.0064,0.0042
JERC_016,1,2019,-0.104,0.0172,0.0012
JERC_019,1,2017,-0.087,0.0026,-0.0025
JERC_021,1,2022,-0.082,0.0217,0.0062
JERC_022,0,0,-0.076,0.0051,0.0021
JERC_028,1,2019,-0.109,0.0148,-0.0005
JERC_029,0,0,-0.058,-0.0025,0.0028
JERC_030,1,2017,-0.113,0.01,0.005
JERC_031,0,0,-0.01,0.0087,0.008
JERC_033,0,0,-0.052,0.0042,0.0044
JERC_034,1,2019,-0.139,0.0106,-0.0055
JERC_035,1,2025,-0.084,,-0.0042
JERC_036,0,0,-0.024,0.0129,0.0104
JERC_038,0,0,-0.07,0.0117,0.0016
JERC_040,1,2021,-0.143,0.0301,-0.0065
JERC_041,0,0,-0.077,0.0158,0.0062
JERC_042,0,0,-0.021,0.0071,0.0056
JERC_044,0,0,-0.048,0.0074,0.0043
JERC_047,0,0,-0.059,0.0042,0.0022
JERC_048,0,0,-0.036,,0.0059
JERC_049,0,0,-0.064,0.0061,0.0036
JERC_050,0,0,-0.039,0.0029,0.0016
JERC_051,0,0,-0.027,0.0072,0.0054
JERC_052,0,0,-0.057,0.0046,0.0023
JERC_053,1,2017,-0.106,0.0109,0.0064
JERC_054,0,0,-0.032,0.0049,0.0026
JERC_055,1,2025,-0.111,,0.0022
JERC_056,0,0,-0.062,,0.0026
JERC_057,0,0,-0.017,0.009,0.0076
JERC_058,1,2025,-0.09,,0.0052
JERC_059,0,0,-0.053,0.0051,0.0022
JERC_060,0,0,-0.039,0.0039,0.002
JERC_061,0,0,-0.052,0.0053,0.0033
JERC_062,0,0,-0.078,,-0.0018
JERC_063,0,0,-0.049,0.0059,0.0036
JERC_064,0,0,-0.042,0.0228,0.0038
JERC_065,0,0,-0.046,0.0146,0.0
JERC_066,1,2025,-0.096,,-0.0015
MLBS_001,0,0,-0.051,0.0091,0.005
MLBS_002,0,0,-0.072,0.0096,0.0023
MLBS_003,1,2018,-0.127,0.0134,-0.0029
MLBS_004,0,0,-0.021,,0.0031
MLBS_005,0,0,-0.055,0.017,0.0017
MLBS_006,0,0,-0.033,,0.0033
MLBS_007,0,0,-0.033,,0.0005
MLBS_008,0,0,-0.037,,0.0037
MLBS_009,1,2018,-0.138,0.0182,0.0028
MLBS_010,1,2019,-0.135,0.0257,-0.0032
MLBS_011,0,0,-0.047,0.0141,0.0011
MLBS_012,0,0,-0.062,0.0077,0.004
MLBS_013,0,0,-0.029,,0.0034
MLBS_014,0,0,-0.018,,0.0058
MLBS_015,0,0,-0.03,,0.0003
MLBS_016,0,0,-0.047,,0.002
MLBS_017,0,0,-0.066,0.0041,-0.0003
MLBS_018,0,0,-0.037,0.0016,0.0045
MLBS_019,0,0,-0.016,,0.0032
MLBS_020,0,0,-0.042,,0.0032
MLBS_061,0,0,-0.077,0.0103,0.0
MLBS_062,0,0,-0.072,0.0047,-0.0061
MLBS_063,0,0,-0.066,0.007,-0.0041
MLBS_064,0,0,-0.072,0.0103,0.0033
MLBS_065,1,2018,-0.095,0.0075,0.0012
MLBS_066,0,0,-0.075,0.0097,-0.001
MLBS_067,1,2018,-0.092,0.0059,-0.0033
MLBS_068,1,2018,-0.096,0.0096,-0.0035
MLBS_069,0,0,-0.041,0.0041,0.0018
MLBS_070,0,0,-0.057,0.0061,-0.0002
MLBS_071,0,0,-0.064,0.0034,-0.0008
MLBS_072,1,2018,-0.085,0.0037,-0.0022
MLBS_073,1,2018,-0.11,0.0103,-0.0023
MLBS_074,0,0,-0.065,0.0013,-0.0023
MLBS_075,1,2018,-0.092,0.0107,0.0013
MLBS_076,0,0,-0.049,0.0046,0.0031
ORNL_001,0,0,-0.015,0.0008,0.0025
ORNL_002,0,0,-0.027,0.0034,0.0028
ORNL_003,0,0,-0.025,-0.0023,0.0059
ORNL_004,0,0,-0.027,0.0004,0.0014
ORNL_006,0,0,-0.043,0.0032,0.0014
ORNL_007,0,0,-0.034,,0.0042
ORNL_008,0,0,-0.043,,-0.0009
ORNL_009,0,0,-0.021,0.0036,0.0033
ORNL_010,0,0,-0.018,0.0016,0.0027
ORNL_012,0,0,-0.03,,0.0026
ORNL_014,0,0,-0.028,-0.0061,0.0045
ORNL_015,0,0,-0.018,0.0053,0.0052
ORNL_017,0,0,-0.037,,0.0002
ORNL_018,0,0,-0.012,0.0005,0.0035
ORNL_019,0,0,-0.025,,0.0
ORNL_021,1,2017,-0.106,0.0093,0.0048
ORNL_027,0,0,-0.015,-0.0021,0.0015
ORNL_029,0,0,-0.024,0.0006,0.0033
ORNL_031,1,2024,-0.105,,0.0025
ORNL_032,0,0,-0.028,-0.0033,-0.0025
ORNL_033,0,0,-0.015,-0.0034,0.0067
ORNL_035,0,0,-0.04,,-0.0022
ORNL_036,0,0,-0.04,,-0.0023
ORNL_037,0,0,-0.009,-0.0054,0.002
ORNL_043,0,0,-0.02,0.0015,0.0011
ORNL_044,1,2018,-0.179,0.0191,0.0066
ORNL_045,0,0,-0.012,-0.0039,0.0012
ORNL_046,0,0,-0.032,0.0034,0.0024
ORNL_049,0,0,-0.035,0.0052,0.0035
ORNL_050,0,0,-0.033,0.0016,0.0032
ORNL_051,0,0,-0.012,-0.0022,0.0018
ORNL_052,0,0,-0.02,,0.0019
ORNL_053,0,0,-0.026,-0.0018,0.0023
ORNL_054,0,0,-0.024,,0.0008
ORNL_055,0,0,-0.011,,0.0057
ORNL_056,0,0,-0.021,0.0037,0.0032
ORNL_057,0,0,-0.022,,0.0013
ORNL_058,0,0,-0.018,-0.0021,0.0032
ORNL_059,0,0,-0.023,0.0022,0.0016
ORNL_060,0,0,-0.022,,0.0029
ORNL_061,0,0,-0.024,0.0033,0.0026
ORNL_062,0,0,-0.029,-0.0012,0.0002
ORNL_063,0,0,-0.032,0.0072,0.0052
ORNL_066,1,2023,-0.531,0.2552,0.0001
ORNL_067,0,0,-0.012,,0.0024
ORNL_068,0,0,-0.018,,0.0029
OSBS_001,0,0,-0.059,0.0067,0.0038
OSBS_002,0,0,-0.064,0.0005,-0.004
OSBS_003,0,0,-0.049,0.0061,0.0049
OSBS_004,1,2022,-0.189,0.0057,-0.0069
OSBS_005,1,2018,-0.213,0.0212,-0.0128
OSBS_006,1,2024,-0.133,,-0.0011
OSBS_007,0,0,-0.056,0.0163,0.0015
OSBS_008,1,2020,-0.121,0.0249,0.01
OSBS_009,0,0,-0.063,0.0105,0.0062
OSBS_010,0,0,-0.076,-0.0008,-0.0027
OSBS_011,1,2020,-0.143,0.0153,0.0002
OSBS_012,1,2020,-0.371,0.0272,0.0044
OSBS_013,1,2022,-0.148,-0.0002,-0.0023
OSBS_014,1,2019,-0.084,0.0049,0.0039
OSBS_015,1,2022,-0.175,-0.0101,-0.0106
OSBS_016,0,0,-0.031,0.001,0.0018
OSBS_017,0,0,-0.057,0.0029,-0.0001
OSBS_018,0,0,-0.051,,-0.0009
OSBS_020,1,2019,-0.15,0.0347,0.0179
OSBS_021,1,2019,-0.293,-0.0117,-0.0383
OSBS_022,1,2020,-0.183,-0.0008,-0.0305
OSBS_023,1,2020,-0.497,0.0276,-0.0175
OSBS_024,1,2025,-0.465,,-0.0042
OSBS_025,0,0,-0.074,,-0.0022
OSBS_026,1,2019,-0.106,0.0051,-0.0028
OSBS_027,0,0,-0.07,0.0036,-0.0023
OSBS_028,1,2022,-0.143,0.0065,-0.0006
OSBS_029,0,0,-0.07,0.0075,-0.0027
OSBS_030,1,2022,-0.14,-0.001,-0.0019
OSBS_031,1,2024,-0.117,,-0.0002
OSBS_032,1,2024,-0.094,,-0.0012
OSBS_033,1,2024,-0.165,,-0.0041
OSBS_034,1,2024,-0.155,,0.0
OSBS_035,1,2022,-0.159,0.0158,-0.0031
OSBS_036,1,2019,-0.089,0.0057,0.0015
OSBS_037,1,2022,-0.15,0.0087,-0.0013
OSBS_038,1,2022,-0.166,-0.0021,-0.006
OSBS_039,1,2025,-0.102,,0.0004
OSBS_040,1,2024,-0.17,,-0.0017
OSBS_041,1,2022,-0.131,0.007,-0.004
OSBS_042,1,2025,-0.084,,-0.0085
OSBS_043,1,2019,-0.13,0.0103,-0.0062
OSBS_044,1,2019,-0.099,0.0092,0.0005
OSBS_048,0,0,-0.063,,0.0014
OSBS_049,1,2020,-0.35,0.0254,-0.0148
OSBS_050,1,2022,-0.134,0.0186,-0.0105
OSBS_051,1,2020,-0.116,0.0044,0.008
OSBS_063,0,0,-0.066,0.0116,0.012
OSBS_066,0,0,-0.077,0.0039,0.0005
OSBS_067,1,2020,-0.105,0.0083,0.0003
OSBS_068,1,2018,-0.128,-0.0032,-0.0067
OSBS_070,1,2024,-0.16,,0.0039
OSBS_073,0,0,-0.037,0.0123,0.0092
RMNP_001,0,0,-0.021,,0.0041
RMNP_002,0,0,-0.032,0.0018,0.0014
RMNP_003,0,0,-0.023,,0.0077
RMNP_004,0,0,-0.036,,0.0009
RMNP_005,0,0,-0.04,-0.008,0.005
RMNP_006,0,0,-0.048,-0.0023,0.0004
RMNP_007,0,0,-0.027,,0.0011
RMNP_008,0,0,-0.025,-0.0071,0.0012
RMNP_009,0,0,-0.018,,0.0059
RMNP_010,0,0,-0.02,,0.0044
RMNP_011,0,0,-0.053,,0.0018
RMNP_012,0,0,-0.022,-0.0139,-0.003
RMNP_013,0,0,-0.058,,0.0008
RMNP_014,0,0,-0.028,-0.0144,-0.002
RMNP_015,0,0,-0.021,,0.0043
RMNP_016,0,0,-0.036,0.0055,0.0051
RMNP_017,0,0,-0.073,,0.0058
RMNP_018,0,0,-0.027,,0.0043
RMNP_019,0,0,-0.055,,-0.0018
RMNP_020,0,0,-0.034,,0.0069
RMNP_041,1,2024,-0.097,,-0.0016
RMNP_042,0,0,-0.079,,0.0014
RMNP_043,1,2024,-0.136,,-0.0053
RMNP_044,0,0,-0.073,0.0037,-0.0012
RMNP_045,0,0,-0.066,-0.0108,-0.0047
RMNP_046,1,2020,-0.118,0.0077,-0.0005
RMNP_047,0,0,-0.078,,-0.0004
RMNP_048,1,2024,-0.08,,0.0002
RMNP_049,1,2024,-0.102,,0.002
SCBI_002,0,0,-0.049,,-0.0031
SCBI_003,0,0,-0.047,,-0.0011
SCBI_004,0,0,-0.037,,-0.004
SCBI_005,0,0,-0.06,0.0044,-0.0001
SCBI_006,1,2019,-0.25,0.0081,-0.0123
SCBI_007,0,0,-0.058,,-0.0036
SCBI_008,0,0,-0.059,,-0.0052
SCBI_010,0,0,-0.058,,-0.0012
SCBI_011,0,0,-0.05,,-0.0042
SCBI_012,1,2023,-0.158,0.074,-0.011
SCBI_013,0,0,-0.06,,-0.0027
SCBI_014,0,0,-0.032,0.0027,0.0011
SCBI_015,0,0,-0.055,,-0.0039
SCBI_016,0,0,-0.037,,-0.0015
SCBI_017,0,0,-0.026,,-0.0033
SCBI_018,0,0,-0.062,,-0.0036
SCBI_019,0,0,-0.038,,-0.0002
SCBI_021,0,0,-0.045,0.0019,-0.0002
SCBI_022,0,0,-0.059,,-0.0021
SCBI_023,0,0,-0.05,-0.0007,-0.0037
SCBI_033,1,2023,-0.135,0.0746,-0.0154
SCBI_034,1,2023,-0.108,0.0736,-0.0088
SCBI_035,1,2023,-0.221,0.1337,-0.021
SCBI_038,1,2023,-0.099,0.0497,-0.0101
SCBI_045,0,0,-0.019,,-0.0049
SCBI_046,0,0,-0.031,,-0.0037
SCBI_047,0,0,-0.05,,-0.0038
SCBI_048,0,0,-0.036,-0.0027,-0.0047
SCBI_049,0,0,-0.027,-0.0007,-0.0031
SCBI_050,0,0,-0.022,,-0.002
SCBI_051,0,0,-0.047,,-0.0026
SCBI_052,0,0,-0.035,,-0.0062
SCBI_053,0,0,-0.034,-0.0031,-0.0048
SCBI_054,0,0,-0.03,,-0.0045
SCBI_055,0,0,-0.042,,-0.0021
SCBI_056,0,0,-0.041,,-0.005
SCBI_057,0,0,-0.045,,-0.004
SCBI_058,0,0,-0.032,,-0.0063
SCBI_061,0,0,-0.017,,-0.0011
SCBI_062,0,0,-0.022,,-0.0015
SCBI_063,0,0,-0.058,,-0.0048
SCBI_064,0,0,-0.031,,-0.0016
SCBI_066,0,0,-0.047,,-0.0025
SCBI_067,0,0,-0.055,,-0.0042
SCBI_071,0,0,-0.047,,-0.0035
SERC_001,0,0,-0.034,,0.0008
SERC_002,0,0,-0.021,,0.001
SERC_003,0,0,-0.014,,0.0031
SERC_004,0,0,-0.043,,-0.0018
SERC_005,0,0,-0.02,,0.0025
SERC_006,0,0,-0.023,0.0029,0.0015
SERC_007,1,2024,-0.604,,-0.0099
SERC_008,1,2024,-0.62,,-0.0207
SERC_009,0,0,-0.026,,0.0014
SERC_010,0,0,-0.02,0.0015,0.001
SERC_011,0,0,-0.025,-0.0001,0.0019
SERC_012,0,0,-0.033,,0.0009
SERC_013,0,0,-0.032,0.004,0.0025
SERC_014,0,0,-0.031,,0.0016
SERC_016,0,0,-0.022,,0.0032
SERC_017,0,0,-0.014,,0.0011
SERC_018,1,2024,-0.598,,-0.0084
SERC_019,0,0,-0.011,,0.0015
SERC_021,0,0,-0.02,,0.0012
SERC_022,0,0,-0.018,0.0021,0.0016
SERC_043,0,0,-0.025,,0.0018
SERC_044,0,0,-0.012,0.0043,0.0028
SERC_045,0,0,-0.026,0.0045,0.0019
SERC_046,0,0,-0.011,0.0021,0.003
SERC_047,0,0,-0.026,,0.0019
SERC_048,0,0,-0.024,0.0061,0.0037
SERC_049,0,0,-0.046,0.0087,-0.0001
SERC_050,0,0,-0.05,0.0072,0.0021
SERC_051,0,0,-0.046,0.0113,0.002
SERC_052,0,0,-0.018,0.0026,0.0013
SERC_053,0,0,-0.039,,-0.0036
SERC_054,0,0,-0.026,,0.0008
SERC_055,0,0,-0.026,,0.0026
SERC_056,0,0,-0.03,0.0019,-0.0023
SERC_057,0,0,-0.032,0.006,0.0013
SERC_058,0,0,-0.025,0.0043,0.0032
SERC_059,0,0,-0.025,,0.003
SERC_060,0,0,-0.025,0.0014,-0.0004
SERC_061,1,2022,-0.531,0.0776,-0.0569
SERC_062,0,0,-0.049,0.0077,0.0011
SERC_067,0,0,-0.031,0.0019,-0.0005
SERC_073,0,0,-0.03,0.0048,0.0013
SOAP_001,0,0,-0.063,0.0237,0.0041
SOAP_002,1,2021,-0.29,0.0354,-0.0207
SOAP_003,0,0,-0.063,0.0351,0.0145
SOAP_004,0,0,-0.052,0.0145,0.0119
SOAP_006,1,2023,-0.163,0.0523,0.0058
SOAP_007,1,2021,-0.092,0.031,-0.0001
SOAP_008,1,2021,-0.421,0.0624,-0.0102
SOAP_009,0,0,-0.053,0.0161,0.0027
SOAP_010,0,0,-0.023,0.009,0.0033
SOAP_011,0,0,-0.06,0.0245,0.0072
SOAP_012,1,2017,-0.203,0.0292,0.0077
SOAP_013,1,2021,-0.285,0.0599,-0.0016
SOAP_015,1,2017,-0.108,0.0194,0.0135
SOAP_016,1,2017,-0.544,0.0226,-0.0067
SOAP_017,1,2017,-0.104,0.0105,0.0035
SOAP_018,1,2021,-0.254,0.0593,-0.0053
SOAP_019,1,2017,-0.113,0.0082,-0.0
SOAP_020,1,2021,-0.155,0.0462,0.0192
SOAP_021,1,2017,-0.081,0.0128,0.0088
SOAP_022,0,0,-0.077,0.03,0.0065
SOAP_024,1,2021,-0.335,0.0579,-0.0272
SOAP_031,1,2021,-0.101,0.0318,0.006
SOAP_043,1,2021,-0.443,0.0622,-0.0298
SOAP_044,1,2021,-0.351,0.038,-0.0341
SOAP_045,1,2021,-0.395,0.0648,-0.0485
SOAP_046,1,2021,-0.345,0.0541,-0.0218
SOAP_047,1,2021,-0.624,0.0957,-0.0425
SOAP_048,0,0,-0.049,0.0283,0.0104
SOAP_049,1,2021,-0.126,0.0357,-0.0007
SOAP_050,1,2021,-0.274,0.0239,-0.0302
SOAP_051,1,2021,-0.235,0.0471,-0.0097
SOAP_052,1,2021,-0.604,0.1101,-0.0371
SOAP_053,1,2021,-0.593,0.0982,-0.0469
SOAP_054,1,2021,-0.228,0.0813,-0.0302
SOAP_055,1,2021,-0.247,0.044,-0.0133
SOAP_056,1,2021,-0.518,0.0844,-0.0554
SOAP_057,1,2021,-0.1,0.0354,0.0091
SOAP_058,1,2021,-0.308,0.0419,-0.0115
SOAP_059,1,2021,-0.58,0.1121,-0.0331
SOAP_060,1,2021,-0.174,0.0234,-0.0125
SOAP_061,1,2021,-0.125,0.0394,0.0018
STEI_001,0,0,-0.073,0.0112,-0.0005
STEI_002,0,0,-0.026,0.0005,-0.0006
STEI_003,0,0,-0.023,0.0006,0.0001
STEI_004,0,0,-0.05,0.0042,-0.0007
STEI_005,0,0,-0.022,0.007,0.0025
STEI_006,1,2017,-0.091,0.0065,0.0029
STEI_007,0,0,-0.021,0.0022,0.0017
STEI_008,0,0,-0.019,,-0.0021
STEI_009,0,0,-0.019,,0.0005
STEI_010,0,0,-0.03,0.01,0.0005
STEI_011,0,0,-0.022,0.0062,0.0058
STEI_012,0,0,-0.022,,0.0005
STEI_013,0,0,-0.037,0.0004,-0.0006
STEI_014,0,0,-0.022,-0.0001,-0.0007
STEI_015,1,2018,-0.092,0.0109,0.0039
STEI_016,0,0,-0.028,0.0009,0.0001
STEI_017,0,0,-0.046,0.0019,0.0006
STEI_019,0,0,-0.037,,-0.0012
STEI_021,0,0,-0.03,-0.0007,-0.0026
STEI_022,0,0,-0.033,0.0068,-0.0016
STEI_023,0,0,-0.026,,-0.0004
STEI_046,0,0,-0.034,,-0.0002
STEI_047,1,2017,-0.089,0.0081,0.0038
STEI_048,0,0,-0.078,0.0036,0.0011
STEI_049,1,2017,-0.102,0.0065,0.0025
STEI_050,1,2017,-0.1,0.0046,0.0006
STEI_051,0,0,-0.046,,-0.0026
STEI_052,0,0,-0.057,0.0038,0.0021
STEI_053,0,0,-0.068,0.0059,0.0022
STEI_054,1,2017,-0.087,0.0043,0.0011
STEI_055,0,0,-0.068,0.0067,0.0038
STEI_056,1,2017,-0.113,0.0076,0.0032
STEI_057,1,2024,-0.085,,0.003
STEI_058,0,0,-0.048,0.0064,0.0027
STEI_059,0,0,-0.057,0.0004,-0.0012
STEI_060,0,0,-0.028,0.0041,0.0011
STEI_061,0,0,-0.035,,0.0008
STEI_062,0,0,-0.043,,0.0012
TALL_001,0,0,-0.016,,0.0002
TALL_002,0,0,-0.028,0.0028,-0.0027
TALL_003,0,0,-0.071,0.0332,0.048
TALL_004,0,0,-0.063,0.0119,0.0101
TALL_005,0,0,-0.034,0.005,0.0246
TALL_006,1,2017,-0.093,0.007,0.0016
TALL_007,0,0,-0.043,0.0014,0.0002
TALL_008,0,0,-0.045,-0.0035,-0.0049
TALL_009,1,2022,-0.092,0.0193,0.0109
TALL_010,0,0,-0.048,-0.0019,-0.003
TALL_011,0,0,-0.043,-0.0056,-0.0023
TALL_012,0,0,-0.019,-0.0031,0.0026
TALL_013,0,0,-0.067,0.0163,-0.0019
TALL_015,0,0,-0.07,-0.0031,-0.0048
TALL_016,0,0,-0.07,0.0077,0.0046
TALL_017,0,0,-0.071,0.0162,0.0079
TALL_018,0,0,-0.022,,-0.0011
TALL_020,1,2019,-0.099,0.0109,0.0019
TALL_022,0,0,-0.075,0.0054,0.0031
TALL_025,0,0,-0.017,0.0034,0.0035
TALL_042,0,0,-0.049,0.0071,0.0062
TALL_043,0,0,-0.055,0.0111,0.0102
TALL_044,0,0,-0.029,-0.008,-0.0017
TALL_045,0,0,-0.053,-0.0017,0.0009
TALL_046,0,0,-0.041,0.0034,0.002
TALL_047,0,0,-0.024,,0.0007
TALL_048,1,2022,-0.089,0.017,0.0005
TALL_049,0,0,-0.059,0.0081,0.0016
TALL_050,0,0,-0.061,0.0178,0.0009
TALL_051,0,0,-0.061,0.0046,0.0034
TALL_052,1,2022,-0.08,0.0201,0.0047
TALL_053,0,0,-0.041,0.0017,-0.0001
TALL_054,1,2018,-0.101,0.0068,0.0032
TALL_055,0,0,-0.071,0.0029,0.0006
TALL_056,1,2022,-0.128,0.0249,0.004
TALL_057,0,0,-0.067,0.0069,0.0024
TALL_058,0,0,-0.029,0.0033,0.0013
TALL_059,0,0,-0.038,-0.0025,-0.0041
TALL_060,0,0,-0.048,0.0042,0.0023
TALL_061,0,0,-0.058,0.0061,0.0027
TALL_064,0,0,-0.035,0.0117,-0.0021
TEAK_001,0,0,-0.037,0.0045,0.0003
TEAK_002,0,0,-0.052,-0.0061,-0.0089
TEAK_003,0,0,-0.028,0.0126,-0.0016
TEAK_004,0,0,-0.049,0.0008,-0.001
TEAK_005,0,0,-0.056,,-0.0063
TEAK_006,0,0,-0.058,0.0086,-0.0012
TEAK_007,0,0,-0.04,0.0001,-0.0024
TEAK_010,0,0,-0.065,0.0324,0.0112
TEAK_011,0,0,-0.03,0.011,0.0005
TEAK_012,0,0,-0.044,-0.0006,-0.0015
TEAK_013,0,0,-0.035,-0.0028,-0.0046
TEAK_014,0,0,-0.052,0.034,0.0132
TEAK_015,0,0,-0.042,-0.0061,-0.0072
TEAK_016,0,0,-0.014,-0.0003,0.0
TEAK_017,0,0,-0.036,0.0161,0.0065
TEAK_018,0,0,-0.067,-0.0015,-0.0046
TEAK_019,0,0,-0.063,-0.0019,-0.0057
TEAK_020,0,0,-0.053,0.0025,0.0006
TEAK_024,0,0,-0.055,-0.0034,-0.0052
TEAK_025,0,0,-0.027,0.002,0.0008
TEAK_043,0,0,-0.022,0.0045,-0.0017
TEAK_044,0,0,-0.036,,0.0013
TEAK_045,0,0,-0.036,-0.0036,-0.0056
TEAK_046,0,0,-0.047,-0.0024,-0.0051
TEAK_047,0,0,-0.038,0.0057,-0.0001
TEAK_048,0,0,-0.045,-0.0047,-0.0078
TEAK_049,0,0,-0.032,0.0114,-0.0048
TEAK_050,0,0,-0.014,-0.0029,-0.0032
TEAK_051,0,0,-0.031,-0.0032,-0.0064
TEAK_052,0,0,-0.024,0.0121,0.0024
TEAK_053,1,2021,-0.167,0.023,-0.0047
TEAK_054,0,0,-0.017,0.009,0.0025
TEAK_055,0,0,-0.028,0.012,-0.0006
TEAK_056,0,0,-0.024,,0.0064
TEAK_057,0,0,-0.021,0.002,0.0005
TEAK_058,0,0,-0.037,0.0015,-0.0006
TEAK_059,0,0,-0.068,-0.0067,-0.0117
TEAK_060,0,0,-0.032,-0.0003,-0.0025
TEAK_061,0,0,-0.043,-0.0002,-0.0013
TEAK_062,0,0,-0.025,0.0029,0.0003
TREE_001,0,0,-0.06,0.0095,-0.0029
TREE_002,0,0,-0.039,0.0007,-0.0067
TREE_003,0,0,-0.04,,0.0012
TREE_004,0,0,-0.039,-0.0032,-0.0055
TREE_005,0,0,-0.045,-0.0002,-0.0038
TREE_006,1,2017,-0.21,0.0131,0.0043
TREE_007,0,0,-0.032,-0.003,0.0071
TREE_008,0,0,-0.036,0.0051,0.0006
TREE_009,0,0,-0.035,,-0.01
TREE_010,0,0,-0.036,,-0.0002
TREE_011,0,0,-0.06,-0.0008,-0.0032
TREE_012,0,0,-0.053,,-0.002
TREE_014,1,2020,-0.098,0.0156,-0.0006
TREE_015,0,0,-0.042,0.0009,-0.0012
TREE_016,0,0,-0.038,0.0007,0.0058
TREE_017,0,0,-0.03,0.0047,0.0029
TREE_018,0,0,-0.013,0.0006,0.0031
TREE_019,0,0,-0.039,,0.0002
TREE_022,0,0,-0.052,,-0.0029
TREE_023,0,0,-0.031,,-0.0013
TREE_025,0,0,-0.038,,0.0003
TREE_039,0,0,-0.054,,0.0006
TREE_040,0,0,-0.027,0.0015,0.0008
TREE_041,0,0,-0.033,,0.0018
TREE_042,0,0,-0.043,,-0.0024
TREE_043,0,0,-0.025,-0.0065,-0.0083
TREE_044,0,0,-0.054,,-0.0027
TREE_045,0,0,-0.033,-0.0007,0.0009
TREE_046,0,0,-0.03,,-0.0021
TREE_047,0,0,-0.027,,0.0048
TREE_048,0,0,-0.043,,0.0009
TREE_049,0,0,-0.026,,-0.0001
TREE_050,0,0,-0.068,0.0042,-0.0036
TREE_051,0,0,-0.041,0.0048,0.0003
TREE_052,0,0,-0.04,,-0.0091
TREE_053,0,0,-0.039,0.0035,-0.0041
TREE_054,1,2022,-0.083,0.0183,-0.0101
TREE_055,0,0,-0.044,0.011,-0.0016
TREE_056,0,0,-0.042,0.0058,-0.0031
TREE_057,0,0,-0.047,,-0.0003
TREE_060,0,0,-0.031,-0.0005,0.002
TREE_062,0,0,-0.029,-0.018,-0.0111
TREE_063,0,0,-0.04,-0.0163,-0.0092
TREE_064,0,0,-0.018,-0.0115,-0.0035
UNDE_001,0,0,-0.02,,0.001
UNDE_002,0,0,-0.025,0.0084,0.0025
UNDE_003,0,0,-0.057,,0.0011
UNDE_006,0,0,-0.011,0.0017,0.0033
UNDE_007,0,0,-0.029,,0.0003
UNDE_008,0,0,-0.024,,0.0052
UNDE_010,0,0,-0.028,,-0.0013
UNDE_011,0,0,-0.044,-0.0002,-0.0012
UNDE_012,0,0,-0.051,0.004,0.0008
UNDE_013,0,0,-0.016,0.0022,0.0072
UNDE_014,0,0,-0.019,,0.0069
UNDE_015,0,0,-0.08,,-0.0048
UNDE_016,0,0,-0.013,0.0088,0.008
UNDE_018,0,0,-0.039,0.0093,0.005
UNDE_019,0,0,-0.017,,0.0018
UNDE_020,0,0,-0.048,,-0.0028
UNDE_021,0,0,-0.03,0.001,0.0007
UNDE_022,0,0,-0.047,0.0075,-0.0034
UNDE_023,0,0,-0.019,,0.0013
UNDE_027,0,0,-0.024,,0.0065
UNDE_037,0,0,-0.028,,-0.0004
UNDE_038,0,0,-0.017,,0.0066
UNDE_043,0,0,-0.018,,0.0021
UNDE_044,0,0,-0.015,,0.0081
UNDE_045,0,0,-0.013,,0.0015
UNDE_047,0,0,-0.019,0.0041,0.0049
UNDE_048,0,0,-0.022,0.0019,0.0021
UNDE_049,0,0,-0.024,,0.0047
UNDE_050,0,0,-0.031,,0.0034
UNDE_052,0,0,-0.016,,0.0019
UNDE_054,0,0,-0.014,0.0054,0.006
UNDE_055,0,0,-0.026,,0.0039
UNDE_056,0,0,-0.015,0.0025,0.0032
UNDE_057,0,0,-0.027,0.0027,-0.0001
UNDE_058,0,0,-0.024,0.0046,0.005
UNDE_059,1,2024,-0.084,,-0.0052
UNDE_060,0,0,-0.019,0.0038,0.001
UNDE_061,0,0,-0.022,-0.0016,0.0015
UNDE_065,0,0,-0.021,,0.0028
UNDE_078,0,0,-0.054,,-0.0022
WREF_001,0,0,-0.038,0.0094,0.0005
WREF_002,0,0,-0.02,0.0009,0.0005
WREF_003,0,0,-0.017,-0.0001,0.0003
WREF_004,0,0,-0.029,-0.001,-0.0023
WREF_005,0,0,-0.026,-0.0001,-0.0009
WREF_006,0,0,-0.011,-0.0023,-0.001
WREF_007,0,0,-0.021,-0.0043,-0.0005
WREF_008,0,0,-0.03,,-0.002
WREF_009,0,0,-0.045,0.0031,0.0014
WREF_010,0,0,-0.019,-0.0003,0.0021
WREF_011,0,0,-0.015,0.0017,0.0013
WREF_012,0,0,-0.037,0.002,0.0005
WREF_013,0,0,-0.022,0.0017,0.0004
WREF_014,0,0,-0.02,,-0.001
WREF_015,0,0,-0.03,,-0.0006
WREF_016,0,0,-0.033,,-0.002
WREF_017,0,0,-0.023,0.0022,0.0004
WREF_018,0,0,-0.04,,-0.0109
WREF_019,0,0,-0.029,,-0.0031
WREF_020,0,0,-0.013,0.0026,0.0004
WREF_070,0,0,-0.014,,-0.0016
WREF_071,0,0,-0.009,0.0028,0.0035
WREF_072,0,0,-0.022,,-0.0042
WREF_073,0,0,-0.015,0.0009,0.0002
WREF_074,0,0,-0.014,-0.0018,0.0004
WREF_075,0,0,-0.02,-0.0015,-0.0013
WREF_076,0,0,-0.023,-0.0014,-0.0005
WREF_077,0,0,-0.04,,-0.0063
WREF_078,0,0,-0.013,,0.0011
WREF_079,0,0,-0.028,,-0.0067
WREF_080,0,0,-0.014,0.0058,0.0051
WREF_081,0,0,-0.022,,-0.0033
WREF_082,0,0,-0.011,0.0014,0.0012
WREF_083,0,0,-0.021,,-0.0015
WREF_084,0,0,-0.015,0.0023,0.0023
WREF_085,0,0,-0.019,,0.0004
WREF_086,0,0,-0.044,,-0.0089
WREF_087,0,0,-0.02,0.0009,-0.0007
WREF_088,0,0,-0.013,-0.0003,0.0007
WREF_089,0,0,-0.051,-0.0064,-0.0092
