plotID,rich_after,rich_before,q1_after,q1_before,q2_after,q2_before,cov_after,cov_before,nyr_after,nyr_before,drich,dq1,dq2,impact,severity,recency
ABBY_001,3.0,4.0,1.941491833076413,2.306877349358597,1.615267175572519,1.8227848101265818,1.0,0.9166666666666666,2.0,1.0,-1.0,-0.36538551628218374,-0.2075176345540628,0,0.0,
ABBY_002,5.0,2.0,2.1667576726431395,1.7547653506033232,1.6779398076326404,1.6,0.9807692307692307,1.0,2.0,1.0,3.0,0.4119923220398163,0.0779398076326403,1,0.7166666666666667,6.0
ABBY_003,4.0,4.0,2.955142199294164,3.290642388398332,2.436384571099597,2.7914478619654908,1.0,1.0,2.0,1.0,0.0,-0.33550018910416757,-0.35506329086589394,0,0.0,
ABBY_004,4.0,2.0,1.7768408224293462,1.7415745230350002,1.411855064606488,1.5826589595375722,0.992,1.0,2.0,1.0,2.0,0.035266299394346,-0.17080389493108417,0,0.0,
ABBY_005,8.0,7.0,5.541291969673323,6.019622119811196,4.6685340802987865,5.30939226519337,0.99,1.0,1.0,1.0,1.0,-0.4783301501378725,-0.6408581848945838,0,0.0,
ABBY_006,2.0,2.0,1.9940857527753038,1.9977328545029438,1.988235294117647,1.9954751131221722,1.0,1.0,2.0,1.0,0.0,-0.0036471017276400453,-0.007239819004525083,0,0.0,
ABBY_007,3.0,3.0,2.257550050764361,2.414596666096506,2.0430939226519342,2.245614035087719,1.0,0.9375,3.0,1.0,0.0,-0.15704661533214503,-0.20252011243578494,1,0.8095238095238095,8.0
ABBY_008,3.0,3.0,2.3405671720094468,2.3290611098777747,2.1885856079404467,2.18018018018018,1.0,0.9545454545454546,2.0,1.0,0.0,0.011506062131672046,0.008405427760266537,0,0.0,
ABBY_009,7.0,5.0,3.113747774606396,2.7019282731039285,2.4280552707387337,2.325581395348837,0.9910716081159887,0.9666666666666667,2.0,1.0,2.0,0.4118195015024675,0.10247387538989683,0,0.0,
ABBY_010,2.0,2.0,1.4174111811317323,1.4000329297344922,1.2461538461538462,1.2320819112627985,1.0,1.0,2.0,1.0,0.0,0.01737825139724003,0.014071934891047633,0,0.0,
ABBY_012,5.0,3.0,3.62016042770678,2.0945135489865576,2.8603351955307263,1.8054607508532425,1.0,0.9565217391304348,1.0,1.0,2.0,1.5256468787202224,1.0548744446774838,0,0.0,
ABBY_013,6.0,3.0,2.795007192945317,2.1662913160585515,2.296627450980392,2.0510677808727946,0.9918710201869665,0.9787234042553191,2.0,1.0,3.0,0.6287158768867656,0.2455596701075975,0,0.0,
ABBY_014,5.0,6.0,2.202093291057566,2.8207247867881713,1.6846205208101488,2.094202898550724,1.0,0.8823529411764706,2.0,1.0,-1.0,-0.6186314957306052,-0.4095823777405754,0,0.0,
ABBY_016,4.0,5.0,2.5774803839496823,2.8301479512091263,2.2792022792022792,2.380952380952381,1.0,0.95125,2.0,1.0,-1.0,-0.25266756725944406,-0.10175010175010168,0,0.0,
ABBY_017,3.0,4.0,2.088508675630046,3.183722309069573,1.7249724972497253,2.6059113300492616,1.0,1.0,2.0,1.0,-1.0,-1.0952136334395268,-0.8809388327995362,1,0.4594594594594595,6.0
ABBY_018,3.0,3.0,1.6506131788024334,1.6243447446361832,1.3595505617977526,1.3224043715846994,0.9696969696969697,0.958498023715415,1.0,1.0,0.0,0.026268434166250243,0.03714619021305321,0,0.0,
ABBY_019,3.0,4.0,2.292416697022487,3.137376227437216,2.1513647642679903,2.931623931623932,1.0,0.9795918367346939,1.0,1.0,-1.0,-0.8449595304147288,-0.7802591673559416,0,0.0,
ABBY_023,7.0,7.0,5.685456219657743,5.379034658897272,5.148224513172966,4.560833737275812,1.0,1.0,2.0,1.0,0.0,0.3064215607604712,0.5873907758971546,0,0.0,
ABBY_025,4.0,4.0,3.0474618821467483,3.1243949258589145,2.6721523071958693,2.635683094198378,1.0,1.0,2.0,1.0,0.0,-0.07693304371216625,0.03646921299749106,0,0.0,
ABBY_061,5.0,4.0,2.0451122506000985,1.896545483518158,1.6858559070182884,1.5702394808309525,1.0,1.0,8.0,3.0,1.0,0.1485667670819404,0.11561642618733581,1,0.416058394160584,7.0
ABBY_062,8.0,10.0,2.971975543556033,4.186056577469041,2.3057547682130104,3.425338253382534,0.997610513739546,0.9830508474576272,8.0,3.0,-2.0,-1.2140810339130081,-1.1195834851695237,1,0.2156862745098039,7.0
ABBY_063,7.0,9.0,3.765156066875954,3.8681581422231175,3.293721078076257,2.898229540671041,0.9978813559322034,0.9739419264973749,9.0,2.0,-2.0,-0.10300207534716366,0.39549153740521614,1,0.3671875,8.0
ABBY_064,6.0,6.0,3.413217555252253,3.7816738533368883,2.8618096010618688,3.008117706747844,1.0,0.9935064935064936,3.0,3.0,0.0,-0.3684562980846353,-0.1463081056859754,1,0.1483253588516746,7.0
ABBY_065,6.0,8.0,3.1416456237201866,3.3888560595319954,2.332019149535342,2.6008632439800095,0.9892498805542284,0.9953705716148663,2.0,3.0,-2.0,-0.2472104358118088,-0.2688440944446673,1,0.2,7.0
ABBY_067,4.0,6.0,1.2087171904856893,1.698353486749027,1.073809777399084,1.2769198880713029,0.993152015541525,0.9819819819819819,2.0,3.0,-2.0,-0.4896362962633378,-0.20311011067221885,0,0.0,
ABBY_068,4.0,6.0,1.9960454826142084,2.071669393989322,1.5667831797479084,1.5394946103551865,0.9941860465116279,0.9772727272727273,2.0,3.0,-2.0,-0.0756239113751136,0.02728856939272184,1,0.1041666666666666,7.0
ABBY_069,6.0,6.0,3.061775675352911,4.190431939746139,2.2304290137107476,3.6422501011736133,1.0,0.9966666666666667,2.0,3.0,0.0,-1.128656264393228,-1.4118210874628656,1,0.2424242424242424,7.0
ABBY_070,7.0,7.0,2.781686939789059,3.4082470385578816,2.1064268214518904,2.772354065909347,0.9966273187183811,1.0,7.0,3.0,0.0,-0.6265600987688225,-0.6659272444574564,1,0.3252032520325203,7.0
ABBY_073,6.0,6.0,1.8598580558347608,3.510227787494777,1.4146713275685336,2.889060092449923,0.9956896551724138,0.9873504273504273,8.0,2.0,0.0,-1.650369731660016,-1.4743887648813894,1,0.3090909090909091,7.0
ABBY_074,5.0,5.0,2.1818605449458643,1.9052676325765447,1.6666047893075926,1.5063952108441678,1.0,0.9958507670850767,2.0,2.0,0.0,0.2765929123693196,0.16020957846342476,1,0.2045454545454545,7.0
ABBY_075,4.0,3.0,2.3301213188878958,2.0146566364164946,2.0806742925948223,1.7386101196724753,0.9930555555555556,1.0,2.0,2.0,1.0,0.31546468247140114,0.34206417292234703,1,0.3333333333333333,7.0
ABBY_076,5.0,5.0,2.131671619848307,2.972281631206133,1.645792563600783,2.4224936250167763,0.9770114942528736,1.0,2.0,2.0,0.0,-0.8406100113578256,-0.7767010614159933,1,0.1363636363636363,7.0
BART_001,7.0,7.0,3.3111268429591467,3.348001938156717,2.2399999999999998,2.2675198049969527,0.9649234693877551,0.9677506046761624,1.0,1.0,0.0,-0.036875095197570484,-0.027519804996952946,0,0.0,
BART_002,4.0,4.0,2.643536401842189,2.0550039787009275,2.304761904761905,1.649253094323517,0.9848484848484849,0.9928057553956835,1.0,1.0,0.0,0.5885324231412614,0.6555088104383879,0,0.0,
BART_003,10.0,10.0,7.230110802198632,7.1032436229905125,5.84494382022472,5.770870337477798,0.9622926093514329,0.9661222020568663,1.0,1.0,0.0,0.1268671792081193,0.07407348274692183,0,0.0,
BART_004,6.0,6.0,3.7435104494565734,3.6296210986218274,3.093567251461988,2.8181818181818183,0.9565217391304348,0.9838709677419355,1.0,1.0,0.0,0.11388935083474605,0.2753854332801695,0,0.0,
BART_005,6.0,5.0,2.6739406188442203,2.6811245424808527,2.0663265306122445,2.187958512522135,0.9777777777777777,0.989247311827957,1.0,1.0,1.0,-0.00718392363663245,-0.12163198190989055,0,0.0,
BART_006,6.0,6.0,1.779516482031461,1.8105008994368117,1.336948662328272,1.3393697935530606,0.9653877477151389,0.9772788024592355,1.0,1.0,0.0,-0.03098441740535063,-0.0024211312247885974,0,0.0,
BART_007,4.0,4.0,2.442086284109651,2.676875234218238,1.8901052631578945,2.122270742358079,1.0,1.0,1.0,1.0,0.0,-0.2347889501085869,-0.23216547920018438,0,0.0,
BART_010,8.0,9.0,4.422859415219264,4.437536754362352,3.0456674473067915,2.983471074380166,0.9901960784313726,0.9915279652121758,1.0,1.0,-1.0,-0.014677339143087664,0.06219637292662572,0,0.0,
BART_011,5.0,5.0,2.8855142243989156,2.905143718076283,2.09954185755935,2.118855465884079,1.0,1.0,1.0,1.0,0.0,-0.01962949367736755,-0.019313608324728726,0,0.0,
BART_012,4.0,4.0,1.6027627225825043,1.5678986776301957,1.2720848056537104,1.2525993883792048,0.983879781420765,0.9848557692307692,1.0,1.0,0.0,0.03486404495230855,0.01948541727450559,0,0.0,
BART_013,6.0,6.0,2.413581604955829,2.6458164004697124,1.6739772247996627,1.8663239074550126,0.9850889850889851,0.9857268335529205,1.0,1.0,0.0,-0.23223479551388326,-0.19234668265534993,0,0.0,
BART_015,5.0,5.0,2.8406532970015688,2.7807510393073476,2.4293975903614458,2.3839967832730196,0.9859154929577465,0.987012987012987,1.0,1.0,0.0,0.059902257694221195,0.0454008070884262,0,0.0,
BART_016,9.0,9.0,5.876841247230523,6.357319364754521,4.662068965517242,5.096632503660323,0.9423076923076923,0.9661016949152542,1.0,1.0,0.0,-0.48047811752399827,-0.434563538143081,0,0.0,
BART_018,9.0,9.0,3.3377052072317457,3.6611105569987785,2.0686352753391857,2.244039270687237,0.9591013824884793,0.9883823529411765,1.0,1.0,0.0,-0.32340534976703283,-0.1754039953480513,0,0.0,
BART_023,8.0,7.0,3.6025669742981745,3.8935823419672815,2.5440993788819877,3.1493001555209954,0.9375,0.9666666666666667,1.0,1.0,1.0,-0.29101536766910696,-0.6052007766390077,0,0.0,
BART_024,3.0,3.0,2.26057731546998,2.418315189719244,1.987281399046105,2.1150592216582065,1.0,1.0,1.0,1.0,0.0,-0.1577378742492641,-0.12777782261210158,0,0.0,
BART_025,9.0,9.0,6.203900069293738,6.387407377780336,4.851368970013038,5.188235294117647,0.9846311475409836,0.9687578735197783,1.0,1.0,0.0,-0.18350730848659857,-0.3368663241046095,0,0.0,
BART_026,8.0,8.0,4.53433239390316,4.38414240397649,3.6119402985074625,3.4993065187239947,0.9775309917355371,0.977533960292581,1.0,1.0,0.0,0.15018998992666965,0.11263377978346778,0,0.0,
BART_027,4.0,4.0,2.7901220405151124,2.728391888124692,2.4236686390532545,2.4111587982832616,1.0,1.0,1.0,1.0,0.0,0.06173015239042057,0.012509840769992842,0,0.0,
BART_032,8.0,9.0,2.915474200837044,3.3145652989342236,2.12223291626564,2.4060915753378604,1.0,1.0,2.0,4.0,-1.0,-0.3990910980971796,-0.2838586590722203,1,0.825,6.0
BART_033,7.0,8.0,2.3083074103338133,2.3517235530625533,1.5783320342946219,1.583141184197655,0.9666666666666667,1.0,1.0,5.0,-1.0,-0.04341614272874006,-0.004809149903033161,0,0.0,
BART_034,7.0,7.0,3.618374005513709,3.5273365664552268,2.813213455904637,2.669550075829916,1.0,1.0,2.0,4.0,0.0,0.09103743905848205,0.14366338007472068,1,0.6462585034013606,6.0
BART_036,8.0,8.0,2.472928230454091,2.692932543170482,1.669505717251779,1.7889199437452157,1.0,1.0,6.0,5.0,0.0,-0.22000431271639087,-0.11941422649343658,1,0.8251748251748252,5.0
BART_037,7.0,7.0,2.6116798641772325,2.5337948612932215,1.763554799288421,1.7206882458961923,0.9934646218194493,1.0,1.0,5.0,0.0,0.07788500288401101,0.04286655339222878,0,0.0,
BART_039,8.0,8.0,3.5334119510417263,3.7562777153453175,2.729071911493546,2.9016559991872395,0.9865771812080537,1.0,1.0,5.0,0.0,-0.22286576430359117,-0.17258408769369327,0,0.0,
BART_040,11.0,15.0,5.470213317496414,6.245419549275654,3.7312775330396466,4.269229688070987,0.9483914778032425,1.0,1.0,10.0,-4.0,-0.7752062317792401,-0.5379521550313404,1,0.574712643678161,0.0
BART_041,8.0,8.0,3.227635297619687,3.210465722286081,2.1923688017263863,2.1775260115606936,1.0,0.9954754922496858,4.0,2.0,0.0,0.01716957533360608,0.014842790165692676,1,0.75,8.0
BART_042,10.0,11.0,5.197343804460311,5.4022930012515396,3.986843234276234,4.144679896849423,1.0,1.0,5.0,6.0,-1.0,-0.2049491967912287,-0.1578366625731893,1,0.5775862068965517,4.0
BART_044,5.0,6.0,2.7249078448231137,2.954292695933533,2.3279340721795965,2.4037822627707706,1.0,1.0,1.0,5.0,-1.0,-0.2293848511104195,-0.07584819059117409,0,0.0,
BART_046,10.0,11.0,3.198318536846318,3.182048747973708,1.9767575322812043,1.9372673180143607,1.0,0.9981718464351006,3.0,3.0,-1.0,0.016269788872610214,0.039490214266843626,1,0.7880184331797235,7.0
BART_047,14.0,15.0,4.0495674918047735,4.086176128317909,2.2547919785757964,2.2572683789902985,0.9969605429999254,0.9987113402061856,2.0,4.0,-1.0,-0.03660863651313573,-0.0024764004145021445,1,0.7488584474885844,6.0
BART_050,10.0,12.0,5.378204672599013,5.988125221358806,3.4679826673086187,3.8716770443213937,0.9932892075749219,1.0,1.0,5.0,-2.0,-0.609920548759793,-0.403694377012775,0,0.0,
BART_070,10.0,10.0,4.750883898797741,5.021685152160183,3.6299344868133714,3.8159459094750754,0.9934658073755818,1.0,1.0,5.0,0.0,-0.27080125336244176,-0.186011422661704,0,0.0,
BART_071,9.0,12.0,2.4033907068019813,2.8200402876720765,1.7204465514604683,1.9101626622892107,0.9735111111111111,0.9993055555555556,1.0,10.0,-3.0,-0.4166495808700952,-0.1897161108287424,1,0.7798742138364779,0.0
BART_072,5.0,5.0,3.3652900354294775,3.3289495463683556,2.85495234148363,2.8177954847277555,0.9879518072289156,1.0,1.0,5.0,0.0,0.03634048906112186,0.037156856755874657,0,0.0,
BART_073,6.0,7.0,3.0847836365300894,3.241173631106138,2.450032099293816,2.5908903622129826,0.9813084112149533,0.9990494296577946,1.0,10.0,-1.0,-0.15638999457604852,-0.1408582629191666,1,0.7166666666666666,0.0
BART_074,5.0,5.0,2.157233147279994,2.1752915106949593,1.7221953115319195,1.717546848381601,1.0,0.9722277325927395,5.0,1.0,0.0,-0.01805836341496514,0.004648463150318527,1,0.775,9.0
BLAN_015,6.0,6.0,3.0125451853066254,3.572847548087392,2.2883910386965374,2.94601226993865,1.0,0.9600166597251145,3.0,1.0,0.0,-0.5603023627807664,-0.6576212312421128,1,0.1206896551724138,7.0
BLAN_032,2.0,5.0,1.9601317042077895,2.739875851663044,1.923076923076923,2.0300300300300296,1.0,0.9807692307692307,1.0,10.0,-3.0,-0.7797441474552547,-0.10695310695310667,0,0.0,
BLAN_035,1.0,3.0,1.0,1.2516354930546632,1.0,1.101123595505618,1.0,0.9523809523809523,1.0,10.0,-2.0,-0.25163549305466315,-0.101123595505618,0,0.0,
BLAN_036,2.0,3.0,1.2195906179141718,1.4809396279621214,1.1049723756906078,1.225774877650897,0.95,1.0,1.0,10.0,-1.0,-0.26134901004794964,-0.12080250196028919,1,0.3934426229508196,0.0
BLAN_044,2.0,4.0,1.8898815748423097,3.2757915591627422,1.7999999999999998,2.858267716535433,0.8333333333333334,1.0,1.0,10.0,-2.0,-1.3859099843204326,-1.058267716535433,1,0.4310344827586206,0.0
BLAN_047,3.0,4.0,2.1020292097656337,2.4350686438249767,1.883492222779729,2.012711060519825,1.0,1.0,6.0,5.0,-1.0,-0.333039434059343,-0.12921883774009602,1,0.3571428571428571,5.0
BLAN_057,1.0,3.0,1.0,2.6004900059896596,1.0,2.3333333333333335,1.0,1.0,1.0,4.0,-2.0,-1.6004900059896596,-1.3333333333333335,1,0.3722627737226277,4.0
GRSM_001,15.0,13.0,5.0890877621238415,9.649111196977211,2.9112264408631527,7.858006042296072,0.9729754915664897,0.9231064975009612,1.0,1.0,2.0,-4.5600234348533695,-4.946779601432919,0,0.0,
GRSM_002,9.0,8.0,5.482433973022092,5.260974320805979,4.3893967093235835,4.21978021978022,0.9183673469387755,0.9592013888888888,1.0,1.0,1.0,0.22145965221611252,0.1696164895433636,0,0.0,
GRSM_003,8.0,10.0,6.750795984356938,8.227039633650366,5.918032786885247,6.914285714285715,0.852994555353902,0.8339920948616601,1.0,1.0,-2.0,-1.4762436492934272,-0.9962529274004677,0,0.0,
GRSM_004,11.0,10.0,4.560772340651318,3.8096179285945833,2.870775347912524,2.4674689732982324,0.9345595420913025,0.9385787113813648,1.0,1.0,1.0,0.7511544120567346,0.40330637461429175,0,0.0,
GRSM_005,5.0,5.0,4.211005450987855,4.107212755870405,3.62962962962963,3.5957446808510642,0.9453781512605042,0.8579881656804733,1.0,1.0,0.0,0.10379269511745015,0.03388494877856596,0,0.0,
GRSM_006,17.0,13.0,9.185400258221314,7.930973759737908,6.940441882804995,6.095525997581621,0.8946749226006192,0.9299775928297055,1.0,1.0,4.0,1.2544264984834061,0.844915885223374,0,0.0,
GRSM_008,8.0,10.0,4.813224664854711,3.8009549174350528,3.4945454545454546,2.6338819751103975,0.9092741935483871,0.9262332872291379,1.0,1.0,-2.0,1.012269747419658,0.8606634794350572,0,0.0,
GRSM_009,10.0,8.0,6.091387993398475,4.917599333953429,4.2328042328042335,3.4702549575070827,0.9025,0.9159340659340659,1.0,1.0,2.0,1.1737886594450453,0.7625492752971508,0,0.0,
GRSM_010,15.0,12.0,9.3666414510037,7.812217956465865,7.004024144869215,6.1265822784810124,0.8825134353038445,0.8646853146853147,1.0,1.0,3.0,1.5544234945378346,0.8774418663882022,0,0.0,
GRSM_011,16.0,15.0,11.042328843183277,11.114596636101945,8.031372549019608,8.428571428571429,0.9394230769230769,0.9508474576271186,1.0,1.0,1.0,-0.0722677929186677,-0.3971988795518211,0,0.0,
GRSM_012,13.0,14.0,10.495697731144139,11.912663095612809,8.823529411764705,10.484716157205241,0.9848717948717949,0.9615846338535414,1.0,1.0,-1.0,-1.4169653644686697,-1.6611867454405367,0,0.0,
GRSM_013,13.0,11.0,9.125465128398085,8.127622391482936,6.818181818181817,6.419847328244275,0.7378531073446328,0.8346717052432688,1.0,1.0,2.0,0.9978427369151497,0.3983344899375414,0,0.0,
GRSM_014,8.0,7.0,3.7156773214723633,3.724538620911275,2.4335999999999993,2.5032430370087755,0.9746877054569363,0.9876543209876543,1.0,1.0,1.0,-0.008861299438911896,-0.06964303700877617,0,0.0,
GRSM_015,16.0,15.0,8.8394485977363,9.727789250183417,6.080459770114943,7.147308781869689,0.9568247235267384,0.9545514599022328,1.0,1.0,1.0,-0.8883406524471162,-1.066849011754746,0,0.0,
GRSM_016,4.0,4.0,2.7583192661915485,2.779778399180561,2.496919173613628,2.5255255255255253,0.9879518072289156,0.9885057471264368,1.0,1.0,0.0,-0.021459132989012364,-0.02860635191189731,0,0.0,
GRSM_017,20.0,17.0,12.934006426578186,12.440662546710923,10.151006711409396,9.846153846153847,0.936860148953777,0.9228546238244514,1.0,1.0,3.0,0.4933438798672629,0.30485286525554933,0,0.0,
GRSM_018,10.0,10.0,5.990762700492418,5.089243484092326,4.375757575757577,3.474674384949348,0.8698283141007599,0.8988024962050936,1.0,1.0,0.0,0.901519216400092,0.9010831908082286,0,0.0,
GRSM_019,10.0,10.0,7.16429876730908,7.625507543579305,5.626373626373627,6.3112033195020745,0.87890625,0.9244031830238727,1.0,1.0,0.0,-0.46120877627022505,-0.6848296931284477,0,0.0,
GRSM_025,3.0,3.0,2.8417968829837457,2.7752086201058312,2.7122990004345935,2.6376021798365126,1.0,1.0,1.0,1.0,0.0,0.06658826287791442,0.07469682059808092,0,0.0,
GRSM_047,13.0,11.0,10.230051315181786,8.027709119029378,8.899065420560747,6.283366481733488,0.9951690821256038,1.0,3.0,4.0,2.0,2.202342196152408,2.6156989388272596,1,0.7857142857142858,5.0
GRSM_048,24.0,20.0,14.063962701331413,11.247680336695973,10.627221012711566,7.231749710312862,0.9948980598163039,0.9940498749336769,5.0,2.0,4.0,2.8162823646354394,3.395471302398704,1,0.4021739130434782,8.0
GRSM_049,19.0,16.0,8.361714896270426,7.2853869633790955,6.013938043430769,5.372227979274612,0.9919427816518024,0.9817467359614653,5.0,2.0,3.0,1.0763279328913304,0.6417100641561566,1,0.8953488372093024,8.0
GRSM_050,11.0,12.0,5.780052579462786,6.029875127314664,4.26431718061674,4.993044558298401,0.9550619834710744,0.9950249065615263,1.0,6.0,-1.0,-0.24982254785187852,-0.7287273776816603,1,0.3012048192771084,1.0
GRSM_051,12.0,14.0,7.969096551274419,7.535618979892728,6.2556807332442235,4.794982855080311,0.988950276243094,0.9940128612609949,4.0,3.0,-2.0,0.4334775713816912,1.4606978781639128,1,0.967741935483871,7.0
GRSM_052,17.0,18.0,9.663216230340057,9.167967726944829,7.2916368834882075,6.602181128496917,0.9950739518396284,0.9874307652078826,3.0,2.0,-1.0,0.49524850339522786,0.6894557549912905,1,0.8353658536585366,8.0
GRSM_053,11.0,10.0,5.766771037103619,6.5291599271616265,3.7996129864545263,4.726385809312639,0.9946808510638298,1.0,3.0,2.0,1.0,-0.7623888900580074,-0.9267728228581125,1,0.7088607594936709,8.0
GRSM_054,8.0,11.0,6.368406278965298,5.584375619265879,5.642082429501085,4.034037188780334,0.9934640522875817,0.9939033742331288,2.0,3.0,-3.0,0.7840306596994191,1.6080452407207506,0,0.0,
GRSM_055,13.0,18.0,9.176227809973415,9.692587000089429,7.334719334719335,6.813777859642662,0.989141810570382,0.996350463262228,2.0,7.0,-5.0,-0.5163591901160132,0.5209414750766728,1,0.5774647887323944,1.0
GRSM_056,20.0,20.0,8.379707856358761,10.949040623769665,5.4869480991201875,6.996801462188714,0.9982906083319627,0.9945368916797488,3.0,2.0,0.0,-2.569332767410904,-1.509853363068526,1,0.8450704225352113,8.0
GRSM_057,17.0,22.0,10.973649464048856,12.631444522871737,8.551246537396121,9.557829052387172,0.9935506670200548,0.9985315775794854,2.0,7.0,-5.0,-1.657795058822881,-1.0065825149910506,1,0.5238095238095237,1.0
GRSM_058,14.0,13.0,8.255762966906754,8.57027095176006,5.781471389645776,6.737259527392524,0.9952836699949386,1.0,2.0,7.0,1.0,-0.31450798485330544,-0.9557881377467483,1,0.3033707865168539,1.0
GRSM_059,18.0,12.0,9.999211293942654,6.387512575017524,8.316107209132978,4.894117647058824,0.9966443047807358,1.0,6.0,3.0,6.0,3.6116987189251297,3.4219895620741543,1,0.7297297297297297,5.0
GRSM_060,18.0,23.0,8.224342919836095,11.768531864117943,5.9483124082830585,8.669001751313486,0.9898493428785127,0.9984985190248348,2.0,7.0,-5.0,-3.5441889442818475,-2.7206893430304273,1,0.5703125,1.0
GRSM_061,16.0,20.0,7.462062528964117,9.802451887865782,5.461604251939642,7.11801210115323,0.9866220735785953,0.9892473899492157,1.0,4.0,-4.0,-2.340389358901665,-1.656407849213588,1,0.3333333333333333,1.0
GRSM_062,15.0,16.0,10.101294098929014,8.506701172326625,7.5350610884857465,5.268817204301074,1.0,0.9934247871333964,3.0,2.0,-1.0,1.5945929266023882,2.2662438841846724,1,1.0,8.0
GRSM_063,13.0,13.0,7.635572796855108,8.78751213843599,5.442561205273071,6.845299777942265,1.0,0.9927544010304852,3.0,2.0,0.0,-1.1519393415808814,-1.402738572669194,1,0.5178571428571429,8.0
GRSM_064,21.0,13.0,11.1074966193263,7.817030341941572,7.2798890429958405,5.8478701825557815,0.9907407407407407,0.9947374409740001,3.0,2.0,8.0,3.290466277384728,1.432018860440059,1,0.5148514851485149,8.0
GRSM_065,14.0,15.0,9.26308236319842,8.479396226498991,7.251912889935257,6.5620191405516985,1.0,0.983957219251337,2.0,3.0,-1.0,0.7836861366994281,0.6898937493835584,1,0.5593220338983051,6.0
GRSM_066,16.0,17.0,10.693058778273697,13.060297426506354,7.630170316301703,10.306906906906907,1.0,0.9923664122137404,2.0,3.0,-1.0,-2.3672386482326573,-2.676736590605204,0,0.0,
HARV_001,4.0,5.0,3.6441467815544297,2.797794140985823,3.389483933787731,2.4048640915593706,1.0,0.9951219512195122,2.0,2.0,-1.0,0.8463526405686066,0.9846198422283603,1,0.4117647058823529,6.0
HARV_002,7.0,8.0,4.436594107496937,6.003605076979697,3.6313823163138226,4.7423887587822025,0.9909106354060483,0.978743961352657,2.0,1.0,-1.0,-1.5670109694827596,-1.1110064424683799,1,0.4794520547945205,6.0
HARV_004,7.0,8.0,5.096835364334098,3.448669439699203,3.878787878787879,2.230922362309223,0.7580645161290323,1.0,1.0,2.0,-1.0,1.6481659246348945,1.6478655164786558,1,0.5443037974683544,5.0
HARV_005,4.0,10.0,3.450882587409375,5.425248576929467,3.0556438791732914,4.296690536094445,1.0,0.9935500740869868,2.0,2.0,-6.0,-1.9743659895200918,-1.2410466569211538,1,0.7659574468085106,6.0
HARV_006,6.0,6.0,3.6349948101700336,4.463266256927049,2.7136150234741785,3.9810355207706203,0.9852941176470589,1.0,1.0,3.0,0.0,-0.8282714467570158,-1.2674204972964418,0,0.0,
HARV_008,6.0,5.0,2.1304497253937944,2.897394433950457,1.4950252343186732,2.075490522115065,0.9930555555555556,1.0,2.0,1.0,1.0,-0.7669447085566627,-0.5804652877963916,1,0.4018691588785046,6.0
HARV_010,6.0,6.0,3.840583843154933,3.774262650819713,3.1422413793103448,2.964708613884374,0.9821548821548821,1.0,1.0,2.0,0.0,0.06632119233522005,0.17753276542597085,0,0.0,
HARV_011,11.0,12.0,7.696473319731216,8.524273191244614,5.7962382445141065,6.915032679738562,0.9323792486583184,0.9898027790228597,1.0,2.0,-1.0,-0.8277998715133981,-1.1187944352244559,0,0.0,
HARV_012,5.0,5.0,2.55564252571556,2.3951342137734954,1.9895528625156709,1.8446484148335702,0.9859213250517598,1.0,1.0,2.0,0.0,0.16050831194206472,0.14490444768210065,1,0.2716049382716049,5.0
HARV_013,7.0,6.0,3.506154597367123,1.8081969361966344,2.3984799131378938,1.3222532877705289,0.9361702127659575,0.9911504424778761,1.0,3.0,1.0,1.6979576611704885,1.076226625367365,0,0.0,
HARV_014,5.0,5.0,1.940510937297832,2.232102762909258,1.4330125832716503,1.6306279838413513,0.9886363636363636,0.9932885906040269,1.0,2.0,0.0,-0.2915918256114258,-0.19761540056970106,0,0.0,
HARV_015,7.0,7.0,5.318819612737943,5.246749186543844,4.801379310344827,4.648068669527897,0.9836158192090395,0.9830611010284331,1.0,1.0,0.0,0.07207042619409876,0.15331064081692958,0,0.0,
HARV_016,11.0,11.0,6.028115805488002,6.286161037689633,4.782675237220692,4.515624999999999,0.9761283422459893,0.9567431850789097,2.0,1.0,0.0,-0.25804523220163045,0.2670502372206931,1,0.4876033057851239,6.0
HARV_017,5.0,6.0,3.3584977563888416,3.5283142861128565,2.8463157894736844,2.8564683663833814,0.9814949201741655,0.964297520661157,1.0,1.0,-1.0,-0.16981652972401484,-0.010152576909697064,0,0.0,
HARV_021,5.0,3.0,3.655968946795982,1.8993598661748416,3.0625000000000004,1.5886524822695034,0.7857142857142857,1.0,1.0,2.0,2.0,1.7566090806211405,1.473847517730497,1,0.5652173913043478,2.0
HARV_022,9.0,11.0,5.147579620709675,4.292056426081574,3.71504802561366,3.0441371975538423,0.9666762424590635,0.9906542056074766,1.0,3.0,-2.0,0.855523194628101,0.6709108280598177,0,0.0,
HARV_023,5.0,6.0,2.95007408679112,1.729037708964298,2.274974253347065,1.3164621029988612,0.9796099290780141,0.9951927630955764,1.0,2.0,-1.0,1.2210363778268218,0.9585121503482037,1,0.4508196721311475,2.0
HARV_025,9.0,9.0,6.585561777795495,6.5597890905343155,5.2614274258219735,5.065753424657534,1.0,0.9787664307381193,2.0,1.0,0.0,0.025772687261179428,0.19567400116443956,1,0.5438596491228069,6.0
HARV_026,10.0,9.0,2.86461315933365,2.6009019215132074,1.7215619694397284,1.6143115152270036,0.9493754109138725,1.0,1.0,2.0,1.0,0.2637112378204427,0.10725045421272483,0,0.0,
HARV_027,6.0,9.0,4.596918593668387,5.9952072354933446,4.011933174224343,4.972187555714031,0.9767711962833914,0.9940119760479041,1.0,3.0,-3.0,-1.3982886418249576,-0.9602543814896878,0,0.0,
HARV_033,10.0,12.0,6.153933625709046,6.564971678968022,5.1908161164115585,5.705144678007915,1.0,0.9973190396828971,3.0,8.0,-2.0,-0.41103805325897635,-0.5143285615963569,1,0.7241379310344827,2.0
HARV_034,8.0,10.0,4.540642394041507,5.473597475414039,3.788293897882939,4.541199736321688,0.9487179487179487,1.0,1.0,10.0,-2.0,-0.9329550813725316,-0.7529058384387488,1,0.85,0.0
HARV_035,8.0,9.0,3.209740550377022,3.196119373304069,2.32765207170144,2.2116204876890966,0.9962826317848957,1.0,2.0,5.0,-1.0,0.013621177072953294,0.11603158401234337,0,0.0,
HARV_036,11.0,11.0,6.369495138711241,6.250689518358419,4.788538155072019,4.691169049621531,0.99225,0.9970059880239521,2.0,5.0,0.0,0.1188056203528225,0.09736910545048794,1,0.5844155844155845,5.0
HARV_037,5.0,5.0,2.5379364186982105,2.4712518465026663,1.9103878216745198,1.8538832821412898,1.0,0.9846153846153847,6.0,1.0,0.0,0.06668457219554424,0.05650453953322998,1,0.8586956521739131,9.0
HARV_038,9.0,10.0,4.616240232134202,5.049517708203494,3.6561385928737984,3.971019724358796,1.0,0.9984732824427481,5.0,5.0,-1.0,-0.4332774760692919,-0.31488113148499774,1,0.7105263157894737,4.0
HARV_039,9.0,9.0,4.902093355297801,5.631065663739057,4.15833418532529,4.528338841963521,0.9979757085020243,1.0,5.0,5.0,0.0,-0.7289723084412563,-0.3700046566382307,1,0.6141732283464567,4.0
HARV_040,6.0,10.0,4.15610169443873,4.845839882368328,3.5626204238921,3.7596739391033323,0.9534883720930233,0.9974747474747475,1.0,9.0,-4.0,-0.6897381879295983,-0.19705351521123227,1,0.7075471698113207,0.0
HARV_041,11.0,13.0,3.8921239514955794,4.861004804385317,2.3888388980977187,3.4403555923092823,1.0,0.9534883720930233,5.0,1.0,-2.0,-0.9688808528897375,-1.0515166942115637,1,0.5842105263157895,9.0
HARV_042,8.0,10.0,5.463796557649145,5.910640316100844,4.615384615384615,5.2640817971928024,0.9848717948717949,0.9973753645327038,1.0,5.0,-2.0,-0.4468437584516991,-0.6486971818081875,1,0.5316455696202531,0.0
HARV_043,9.0,7.0,2.763863683760384,2.3641823753103615,1.763051251489869,1.5953440266768903,0.9884396971335857,1.0,2.0,4.0,2.0,0.3996813084500226,0.16770722481297873,1,0.9130434782608696,5.0
HARV_044,8.0,13.0,3.9742492300878216,6.175776065621458,2.703821234959672,3.7079058723248806,1.0,1.0,2.0,4.0,-5.0,-2.201526835533637,-1.0040846373652084,1,0.7462686567164178,5.0
HARV_045,9.0,9.0,6.9229464095433935,6.282613305988408,6.168704156479217,5.028663788549978,0.9770114942528736,1.0,1.0,5.0,0.0,0.6403331035549851,1.140040367929239,1,0.5603448275862069,0.0
HARV_046,6.0,11.0,3.6856803379744743,5.597904197669985,2.9924575738529224,4.115241784131294,0.9859213250517598,0.9977973568281938,1.0,5.0,-5.0,-1.9122238596955108,-1.1227842102783718,1,0.5594405594405594,0.0
HARV_047,10.0,13.0,5.32201324073082,5.330421732448618,4.038447971781305,3.888333464094776,0.9719626168224299,1.0,1.0,5.0,-3.0,-0.00840849171779734,0.15011450768652868,1,0.674074074074074,0.0
HARV_048,8.0,10.0,3.1626954679393253,3.201768995968541,2.2045253241001683,2.1559751608643114,0.9957628659756319,0.9981949458483754,2.0,4.0,-2.0,-0.0390735280292156,0.048550163235856925,1,0.8231707317073171,5.0
HARV_049,7.0,11.0,2.9241149002424542,2.568607873571769,2.084234818981682,1.725065732346387,1.0,0.9962476547842402,2.0,4.0,-4.0,0.35550702667068546,0.359169086635295,1,0.8855421686746987,5.0
HARV_050,8.0,9.0,3.7919163527503383,3.713920992608006,2.751979520152408,2.5311311462989625,0.9953919035314385,1.0,2.0,4.0,-1.0,0.07799536014233244,0.2208483738534457,1,0.7741935483870968,5.0
HARV_051,10.0,14.0,5.071545181383101,6.801371832875101,3.9884498480243162,4.949446829849249,0.9382716049382716,1.0,1.0,5.0,-4.0,-1.729826651492,-0.9609969818249327,1,0.6035502958579881,0.0
HARV_052,6.0,9.0,3.1810498309467397,3.4202495663744994,2.4165745856353595,2.266118725256913,0.9753086419753086,1.0,1.0,5.0,-3.0,-0.23919973542775974,0.15045586037844672,1,0.9026548672566372,0.0
JERC_048,5.0,7.0,3.3955162688755722,3.7320933741164417,2.784956605593057,3.071869537607447,0.9868421052631579,1.0,1.0,8.0,-2.0,-0.3365771052408695,-0.28691293201439017,1,0.7407407407407407,1.0
JERC_057,13.0,17.0,8.217380558232966,8.5714988926071,6.760106030483765,6.556186152099885,0.9504950495049505,0.9868421052631579,1.0,3.0,-4.0,-0.3541183343741334,0.20391987838388026,1,0.4419889502762431,5.0
JERC_063,6.0,11.0,5.402737334097835,5.100567185830076,4.942238267148014,4.0041703424492745,1.0,0.990506329113924,1.0,2.0,-5.0,0.30217014826775923,0.9380679246987391,1,0.6486486486486487,8.0
MLBS_001,6.0,8.0,4.262420064035465,4.513570153764762,3.5315315315315314,3.5847214244686962,0.9311224489795918,0.9882459312839059,1.0,2.0,-2.0,-0.25115008972929775,-0.05318989293716481,0,0.0,
MLBS_002,6.0,7.0,5.243276294663484,5.834183609080346,4.761904761904762,5.157593123209169,0.9547619047619047,1.0,1.0,2.0,-1.0,-0.590907314416862,-0.39568836130440754,0,0.0,
MLBS_003,4.0,5.0,3.6880445006132034,4.178422593307794,3.4594594594594597,3.6042884990253414,1.0,1.0,1.0,2.0,-1.0,-0.4903780926945909,-0.14482903956588178,0,0.0,
MLBS_004,11.0,10.0,8.301596757647793,7.377468380534168,6.720930232558139,6.1356521739130425,0.8858131487889274,1.0,1.0,2.0,1.0,0.9241283771136253,0.5852780586450965,0,0.0,
MLBS_005,6.0,6.0,4.9851606804785,4.667826554840893,4.321428571428572,3.7430683918669128,0.958498023715415,1.0,1.0,2.0,0.0,0.31733412563760677,0.5783601795616593,0,0.0,
MLBS_006,3.0,5.0,2.7494592739972052,3.7381166138128723,2.571428571428571,3.183406113537118,1.0,0.9656084656084656,1.0,2.0,-2.0,-0.9886573398156671,-0.6119775421085469,1,0.3829787234042553,3.0
MLBS_007,7.0,7.0,5.314494199404188,5.352422798919604,4.268292682926829,4.455421686746989,0.973015873015873,1.0,1.0,2.0,0.0,-0.03792859951541594,-0.18712900382016073,1,0.5487804878048781,3.0
MLBS_008,9.0,8.0,6.191256519796665,5.28750431191213,5.368715083798882,4.2356358941252426,0.9521360069747167,1.0,1.0,2.0,1.0,0.9037522078845353,1.1330791896736399,0,0.0,
MLBS_009,7.0,8.0,5.641755178041603,6.248101214175428,4.87188612099644,5.576430976430976,0.972972972972973,0.9892498805542284,1.0,2.0,-1.0,-0.6063460361338251,-0.7045448554345359,0,0.0,
MLBS_011,6.0,5.0,4.732217760129089,4.092250262272409,4.226130653266331,3.6950067476383266,0.9310344827586207,1.0,1.0,2.0,1.0,0.6399674978566798,0.5311239056280046,0,0.0,
MLBS_012,6.0,5.0,4.54075326823021,3.4510794133816263,3.891891891891892,2.906145251396648,0.9201388888888888,0.9803921568627451,1.0,2.0,1.0,1.0896738548485838,0.9857466404952442,0,0.0,
MLBS_013,7.0,7.0,3.26045242192508,3.690658858056811,2.1456657730116175,2.452721419480422,1.0,1.0,1.0,2.0,0.0,-0.4302064361317308,-0.30705564646880434,0,0.0,
MLBS_014,11.0,10.0,8.802531609009547,7.752260454936983,7.384615384615385,6.368700265251988,0.7535714285714286,1.0,1.0,2.0,1.0,1.050271154072564,1.015915119363397,0,0.0,
MLBS_015,11.0,10.0,7.098760581333605,7.002500483891785,4.790419161676646,5.18063112078346,0.9286585365853659,0.9859213250517598,1.0,2.0,1.0,0.09626009744181996,-0.3902119591068134,0,0.0,
MLBS_016,7.0,6.0,4.89758914520744,4.364112048784227,3.881720430107527,3.5539112050739963,0.7951635846372689,1.0,1.0,2.0,1.0,0.533477096423213,0.3278092250335307,0,0.0,
MLBS_017,5.0,5.0,2.313022792257817,2.449500700808157,1.7773522975929972,1.9088843246077876,0.9824561403508771,1.0,1.0,2.0,0.0,-0.13647790855034003,-0.1315320270147904,0,0.0,
MLBS_018,9.0,9.0,7.724176616018113,7.521605303401824,6.936305732484077,6.6198757763975165,0.9744816586921851,1.0,1.0,2.0,0.0,0.20257131261628913,0.31642995608656044,0,0.0,
MLBS_020,7.0,8.0,5.603936086217573,6.172883581808482,4.8,4.976331360946745,0.9201388888888888,0.9731800766283525,1.0,2.0,-1.0,-0.5689474955909093,-0.17633136094674562,1,0.4333333333333333,3.0
MLBS_061,9.0,11.0,6.392892110862812,7.911075374328326,5.116575591985429,6.475910247162004,1.0,1.0,4.0,5.0,-2.0,-1.518183263465514,-1.3593346551765748,0,0.0,
MLBS_062,6.0,7.0,4.858699521771866,5.550005937743139,4.484515484515485,4.956068503350708,0.9850746268656716,1.0,1.0,5.0,-1.0,-0.6913064159712725,-0.47155301883522327,0,0.0,
MLBS_063,11.0,11.0,7.041865787742347,7.06144363414781,5.396504487482286,5.418010005558644,1.0,1.0,4.0,5.0,0.0,-0.019577846405463006,-0.021505518076358143,0,0.0,
MLBS_064,11.0,13.0,7.014274705689581,7.624097830541747,5.855043201995309,5.865755476502527,0.9984076433121019,0.9887005649717514,7.0,2.0,-2.0,-0.6098231248521664,-0.010712274507218567,1,0.5172413793103448,7.0
MLBS_065,10.0,11.0,7.324192136544966,7.1171303378042285,6.084210526315789,5.836805555555555,0.8858131487889274,0.9959349593495935,1.0,5.0,-1.0,0.20706179874073705,0.2474049707602335,1,0.4655172413793104,3.0
MLBS_066,9.0,7.0,6.793229787601527,6.016506683777233,5.688888888888889,5.6341127922971115,0.9101159793814433,1.0,1.0,3.0,2.0,0.7767231038242945,0.05477609659177762,1,0.4432989690721649,3.0
MLBS_067,7.0,11.0,4.874955681370202,4.399908724550058,4.050000000000001,3.2186329588014977,0.9821548821548821,0.9981949695873746,1.0,7.0,-4.0,0.47504695682014386,0.831367041198503,1,0.5176470588235293,0.0
MLBS_068,10.0,11.0,7.523352905818022,8.699642465296709,6.397358943577433,7.526350679482929,0.9870223503965393,1.0,1.0,3.0,-1.0,-1.1762895594786862,-1.1289917359054966,0,0.0,
MLBS_069,9.0,11.0,6.746972450869426,7.146845983761511,5.895111647555824,6.016268980477224,1.0,0.9961240310077519,4.0,4.0,-2.0,-0.3998735328920855,-0.12115733292139996,0,0.0,
MLBS_070,9.0,13.0,6.292665700916255,9.33195357968378,4.84,6.996326230712711,0.9127272727272727,1.0,1.0,3.0,-4.0,-3.0392878787675253,-2.156326230712711,0,0.0,
MLBS_071,10.0,12.0,6.071517908084633,6.90725947833997,3.9367681498829032,4.385930703464827,0.9280287884846061,1.0,1.0,3.0,-2.0,-0.8357415702553368,-0.4491625535819237,1,0.4716981132075472,3.0
MLBS_072,9.0,10.0,7.694941154657035,7.576064457311749,6.722222222222222,6.262884927066451,1.0,1.0,1.0,3.0,-1.0,0.11887669734528572,0.4593372951557715,0,0.0,
MLBS_073,9.0,11.0,4.838640766663559,4.892545966434951,2.9924575738529224,2.871615108228902,1.0,0.99609375,1.0,3.0,-2.0,-0.05390519977139174,0.12084246562402035,0,0.0,
MLBS_074,10.0,12.0,5.301408230701349,5.31108308947711,4.148986889153754,3.9967353791623923,0.915834687717669,0.990384839786226,1.0,3.0,-2.0,-0.00967485877576113,0.15225150999136172,0,0.0,
MLBS_075,10.0,10.0,6.750813044674805,6.8285529708097465,5.612687813021703,5.6302957974597225,0.9761974728181017,0.9961089494163424,1.0,3.0,0.0,-0.0777399261349414,-0.01760798443801992,0,0.0,
MLBS_076,8.0,11.0,5.164618161014624,6.628541884779318,3.7854077253218885,5.002223210315695,1.0,0.9966888150609081,1.0,3.0,-3.0,-1.4639237237646938,-1.2168154849938069,0,0.0,
ORNL_001,14.0,17.0,10.308104200558095,10.641872293833904,8.347721822541965,8.206581352833638,0.9327828480370853,0.9901482685581992,1.0,3.0,-3.0,-0.33376809327580936,0.1411404697083274,0,0.0,
ORNL_002,6.0,10.0,2.1122150483967723,2.9275407190607927,1.4763299170326984,1.8244846251295634,0.964297520661157,0.9831460674157303,1.0,3.0,-4.0,-0.8153256706640204,-0.348154708096865,0,0.0,
ORNL_003,16.0,18.0,7.678814305388545,10.097743139680945,4.340836012861736,6.602184087363495,0.9570048309178744,0.9892479435957697,1.0,3.0,-2.0,-2.4189288342924007,-2.2613480745017593,0,0.0,
ORNL_004,8.0,7.0,6.250810567890118,5.494659847656733,5.348148148148148,4.8432432432432435,0.9473684210526316,1.0,1.0,3.0,1.0,0.7561507202333848,0.5049049049049046,0,0.0,
ORNL_006,10.0,13.0,6.23695773446445,7.358285903122664,4.435041716328963,4.985964912280703,0.9682707562136436,1.0,1.0,3.0,-3.0,-1.1213281686582146,-0.5509231959517393,0,0.0,
ORNL_007,18.0,21.0,6.936057991881902,13.060041407222768,3.8090793381417054,9.74779434134469,0.9555580307418133,0.9834876002391308,1.0,3.0,-3.0,-6.123983415340866,-5.938715003202985,0,0.0,
ORNL_008,14.0,14.0,7.4977170938052895,6.914313484442922,5.435736677115987,4.680577849117175,0.9513656150082823,1.0,1.0,3.0,0.0,0.5834036093623673,0.7551588279988115,0,0.0,
ORNL_009,25.0,24.0,15.891560748742574,14.768417941328657,12.6673721340388,11.496589358799456,0.9813711919088179,0.9969515127036331,1.0,3.0,1.0,1.1231428074139167,1.1707827752393438,0,0.0,
ORNL_010,15.0,15.0,9.796582834002443,9.793155072404401,7.5348837209302335,7.733812949640287,0.9455938697318008,0.9953488372093023,1.0,3.0,0.0,0.003427761598041812,-0.19892922871005325,0,0.0,
ORNL_012,6.0,6.0,2.996658266606373,2.694824533757811,2.2072072072072073,1.9729919326552083,0.9159340659340659,0.9873504273504273,1.0,2.0,0.0,0.3018337328485621,0.23421527455199898,0,0.0,
ORNL_014,13.0,13.0,3.243744091868722,8.06550053308943,1.8201539538138554,5.768687463213656,0.9415621986499518,1.0,1.0,2.0,0.0,-4.821756441220709,-3.9485335093998004,0,0.0,
ORNL_021,7.0,3.0,6.041499279653289,1.954028661468751,5.260869565217392,1.5697329376854596,0.5454545454545454,1.0,2.0,1.0,4.0,4.087470618184538,3.691136627531932,1,0.8275862068965517,7.0
ORNL_027,15.0,22.0,10.201984903365696,11.453770149050262,7.83365570599613,7.620812429195663,0.9671586715867159,0.9770435492373357,1.0,3.0,-7.0,-1.251785245684566,0.21284327680046733,0,0.0,
ORNL_029,19.0,27.0,12.991246796529792,19.124385193580956,9.090909090909092,15.217221135029348,0.9643072289156627,0.972265221878225,1.0,2.0,-8.0,-6.133138397051164,-6.126312044120256,0,0.0,
ORNL_036,11.0,14.0,6.6447173873948575,6.718391275380284,5.2562609202096695,4.853353876630166,0.9578947368421052,0.9976303585567243,1.0,6.0,-3.0,-0.07367388798542684,0.40290704357950347,0,0.0,
ORNL_037,17.0,18.0,8.496289370308341,7.721926988546874,6.022770398481974,5.160774213689222,0.956627268889827,0.9965277882797732,1.0,3.0,-1.0,0.7743623817614669,0.8619961847927522,0,0.0,
ORNL_043,17.0,17.0,9.178157016611566,8.672210001722872,7.37008780768677,6.299633564846755,0.99375,0.9968798751950078,2.0,7.0,0.0,0.5059470148886938,1.0704542428400146,0,0.0,
ORNL_045,9.0,10.0,5.201058675341592,5.253283503331598,4.050365906155832,3.9774020898819136,0.9902971497877502,1.0,1.0,5.0,-1.0,-0.05222482799000616,0.07296381627391879,0,0.0,
ORNL_046,21.0,23.0,9.461407493541582,12.675358032981828,6.646519363269185,8.976430072901293,1.0,0.998886417025004,2.0,7.0,-2.0,-3.213950539440246,-2.3299107096321077,0,0.0,
ORNL_049,15.0,18.0,8.046515266339545,9.65311893098667,5.475825722609578,7.311029478733417,1.0,0.9985632243484751,2.0,5.0,-3.0,-1.6066036646471247,-1.835203756123839,0,0.0,
ORNL_050,17.0,15.0,10.971259618378749,8.680203165703004,7.716049382716048,5.791087141640648,0.9343971631205674,0.9950982783007365,1.0,2.0,2.0,2.291056452675745,1.9249622410754004,0,0.0,
ORNL_051,10.0,11.0,5.136478485025373,5.547121191081669,3.7954830614805517,4.032921810699588,0.9097593582887701,1.0,1.0,2.0,-1.0,-0.41064270605629627,-0.23743874921903663,0,0.0,
ORNL_052,13.0,12.0,5.291038499778626,4.843579816968924,3.917543360818879,3.3740979452432103,0.9760487734068806,0.9971428571428571,1.0,3.0,1.0,0.44745868280970225,0.5434454155756687,0,0.0,
ORNL_053,13.0,15.0,7.1807812110413165,6.914024512297034,5.231041711848478,4.78882512567285,1.0,0.9978540971449759,2.0,4.0,-2.0,0.26675669874428287,0.4422165861756282,0,0.0,
ORNL_054,9.0,11.0,4.63742422857696,4.571610002345953,3.075170842824602,2.747012562557451,0.9780246913580247,1.0,1.0,2.0,-2.0,0.06581422623100686,0.328158280267151,1,0.4158415841584158,2.0
ORNL_055,8.0,12.0,3.1598650945228153,3.7557246616839945,2.127544097693351,2.33184634448575,0.9107142857142857,0.9845360824742269,1.0,3.0,-4.0,-0.5958595671611793,-0.20430224679239872,0,0.0,
ORNL_056,17.0,16.0,6.725086926248916,6.082653399434174,3.552552552552552,3.3526178126523916,0.9010989010989011,0.9963636363636363,1.0,2.0,1.0,0.6424335268147416,0.19993473990016053,0,0.0,
ORNL_057,16.0,18.0,6.033779159966194,5.989646579573735,3.235948978895243,3.500431197518722,1.0,0.9896049896049897,3.0,3.0,-2.0,0.04413258039245882,-0.264482218623479,0,0.0,
ORNL_058,14.0,15.0,9.718512004361656,8.348375153861738,7.6607617360496,5.818274283776912,0.9789521848547243,0.9923664122137404,1.0,3.0,-1.0,1.370136850499918,1.842487452272688,0,0.0,
ORNL_059,16.0,13.0,10.387441836342985,8.35649007936916,7.780082987551867,6.577994829072105,0.9340463458110517,1.0,1.0,3.0,3.0,2.030951756973826,1.2020881584797625,0,0.0,
ORNL_060,16.0,15.0,6.8875775153371395,8.625148772764806,5.043558565491765,6.31054747912156,0.9804993392717306,0.9900990099009901,1.0,3.0,1.0,-1.7375712574276667,-1.2669889136297945,0,0.0,
ORNL_061,16.0,17.0,8.766294711225335,7.16534005087966,5.890016920473774,3.9745633860694465,0.9838776353865234,0.9935691318327974,1.0,2.0,-1.0,1.6009546603456748,1.9154535344043273,0,0.0,
ORNL_062,11.0,11.0,6.1540288440251905,6.186598036326063,4.678229269904196,4.989798242018492,0.9834733893557424,0.9969788519637462,1.0,3.0,0.0,-0.03256919230087263,-0.311568972114296,0,0.0,
ORNL_063,17.0,17.0,9.386220410712271,10.456174388994901,7.009561060408517,8.077412253882844,0.9608783129238183,0.9922178988326849,1.0,3.0,0.0,-1.06995397828263,-1.0678511934743273,0,0.0,
OSBS_003,4.0,5.0,2.836896772412859,3.0158549876747465,2.436858860983375,2.5902408507976222,1.0,0.9945054945054945,1.0,3.0,-1.0,-0.1789582152618876,-0.15338198981424744,1,0.1739130434782608,4.0
OSBS_028,2.0,3.0,1.5691925832141966,1.5567135346190166,1.3846153846153844,1.3483227019523083,1.0,1.0,1.0,8.0,-1.0,0.012479048595180009,0.03629268266307606,1,0.9021739130434784,1.0
OSBS_029,3.0,4.0,1.9176496088074242,1.907672232405453,1.7101240265359101,1.7687706120991278,0.987012987012987,0.9964476021314387,1.0,8.0,-1.0,0.009977376401971272,-0.05864658556321767,1,0.7101449275362319,0.0
OSBS_030,2.0,2.0,1.4503083368695786,1.6096040860002108,1.2737400530503982,1.4267095103037852,1.0,1.0,1.0,4.0,0.0,-0.15929574913063216,-0.15296945725338706,1,0.3582089552238806,3.0
RMNP_001,3.0,3.0,2.1452292053155975,2.1240075315861358,2.056937534549475,2.0152787336545077,0.9836065573770492,1.0,1.0,2.0,0.0,0.02122167372946171,0.04165880089496721,0,0.0,
RMNP_002,4.0,5.0,2.7412335667521943,2.8317842814236562,2.378466557911908,2.3982261640798224,0.9814814814814815,0.9905677655677656,1.0,2.0,-1.0,-0.09055071467146192,-0.019759606167914168,0,0.0,
RMNP_003,4.0,4.0,2.8695419262365025,3.354880205403176,2.469387755102041,3.1934826883910383,0.9696969696969697,1.0,1.0,2.0,0.0,-0.4853382791666734,-0.7240949332889972,0,0.0,
RMNP_004,6.0,6.0,3.9819304776259883,4.196038825088483,3.5095113763521075,3.707611646849546,0.9899011150852094,1.0,1.0,2.0,0.0,-0.2141083474624943,-0.1981002704974384,0,0.0,
RMNP_005,4.0,4.0,2.5893423675134115,2.4385263902170484,2.115059221658206,1.9365887932548744,0.98,1.0,1.0,2.0,0.0,0.1508159772963631,0.1784704284033316,0,0.0,
RMNP_007,6.0,6.0,4.971779876062496,4.719898848026177,4.441997063142438,4.076441429689539,1.0,1.0,1.0,2.0,0.0,0.25188102803631907,0.36555563345289865,0,0.0,
RMNP_008,4.0,5.0,2.6264915878590114,2.704546551192255,2.3464484156780294,2.3965443933361676,0.992,0.9960160642570282,1.0,2.0,-1.0,-0.07805496333324369,-0.050095977658138224,0,0.0,
RMNP_009,5.0,5.0,4.3293636438192795,4.030678153539845,3.894080996884735,3.656820831713953,1.0,1.0,1.0,2.0,0.0,0.2986854902794347,0.23726016517078197,0,0.0,
RMNP_010,7.0,6.0,4.669343331924417,3.861437084358726,3.3333333333333335,2.7931034482758617,0.8598360655737705,1.0,1.0,2.0,1.0,0.8079062475656915,0.5402298850574718,0,0.0,
RMNP_011,4.0,4.0,3.2788328683676427,3.2633008039857114,2.9376498800959236,2.9440860215053757,1.0,1.0,1.0,2.0,0.0,0.015532064381931221,-0.006436141409452034,0,0.0,
RMNP_012,3.0,3.0,2.7149585210221665,2.7646175888533397,2.4738359521406945,2.5575513491743855,1.0,1.0,1.0,2.0,0.0,-0.04965906783117324,-0.08371539703369102,0,0.0,
RMNP_013,3.0,3.0,2.2811035151876506,1.9343026081414276,1.91005291005291,1.6531713900134952,1.0,0.9714285714285714,1.0,2.0,0.0,0.346800907046223,0.2568815200394148,0,0.0,
RMNP_014,3.0,3.0,2.546951952627955,2.5097765434052426,2.2509200401472067,2.1979333999044846,1.0,1.0,1.0,2.0,0.0,0.03717540922271256,0.05298664024272215,0,0.0,
RMNP_015,5.0,5.0,3.560917199219141,3.6726446140924436,2.8823529411764706,3.071065989847716,1.0,1.0,1.0,2.0,0.0,-0.11172741487330251,-0.1887130486712456,0,0.0,
RMNP_016,3.0,4.0,2.931484554097353,3.2493323587387772,2.867383512544803,3.112540192926045,1.0,0.9772727272727273,1.0,2.0,-1.0,-0.31784780464142415,-0.24515668038124216,0,0.0,
RMNP_017,4.0,4.0,3.5294183065802427,3.543097608832358,3.2727272727272725,3.2727272727272725,1.0,1.0,1.0,2.0,0.0,-0.01367930225211511,0.0,0,0.0,
RMNP_018,4.0,4.0,1.9576984956096821,1.916009863948617,1.4739103744628606,1.4433833560709415,1.0,1.0,1.0,2.0,0.0,0.04168863166106518,0.03052701839191907,0,0.0,
RMNP_019,2.0,2.0,1.8898815748423097,1.6066307960863546,1.7999999999999998,1.4235294117647057,1.0,1.0,1.0,2.0,0.0,0.28325077875595506,0.3764705882352941,1,0.463855421686747,0.0
RMNP_041,6.0,6.0,3.080300140388379,2.600649260260119,2.3117101937657965,1.9189640489588722,1.0,0.9985250737463127,2.0,7.0,0.0,0.47965088012825996,0.39274614480692427,1,0.5109489051094891,1.0
RMNP_042,3.0,3.0,2.190605153333246,2.1036818402600588,2.081148737918086,1.9541633671280445,1.0,1.0,2.0,7.0,0.0,0.08692331307318701,0.12698537079004146,1,0.4838709677419355,1.0
RMNP_043,4.0,4.0,3.4054873441082667,2.42907993476136,3.2366300366300367,1.9240660414559296,1.0,1.0,2.0,7.0,0.0,0.9764074093469066,1.312563995174107,1,0.5800000000000001,1.0
RMNP_044,5.0,6.0,2.0887874827751576,2.334053323913778,1.5431527610018458,1.7138005458001917,0.9972826086956522,0.9992343032159265,2.0,7.0,-1.0,-0.24526584113862038,-0.17064778479834586,1,0.825,1.0
RMNP_045,4.0,4.0,2.8409551146557517,2.887458064067468,2.198391931109948,2.280890496652622,1.0,1.0,2.0,7.0,0.0,-0.04650294941171618,-0.08249856554267421,1,0.5948905109489051,1.0
RMNP_046,2.0,3.0,1.8898815748423097,1.8449640380593555,1.7999999999999998,1.5788210406411456,1.0,1.0,2.0,7.0,-1.0,0.04491753678295418,0.22117895935885423,1,1.0,1.0
SCBI_002,7.0,8.0,1.6137186495190172,1.8404886179923847,1.225730442978322,1.317867894457234,0.9609774944460543,0.9672131147540983,1.0,1.0,-1.0,-0.2267699684733675,-0.09213745147891195,0,0.0,
SCBI_003,8.0,8.0,5.422606849736787,5.66861134745012,4.313609467455621,4.768025078369906,0.8546470999301188,0.9230769230769231,1.0,1.0,0.0,-0.24600449771333288,-0.4544156109142845,0,0.0,
SCBI_007,6.0,7.0,5.172818579717864,6.1625038432046155,4.545454545454545,5.451612903225805,0.6,0.8021978021978022,1.0,1.0,-1.0,-0.9896852634867512,-0.9061583577712602,0,0.0,
SCBI_008,8.0,8.0,3.189530017590957,3.493673796872349,2.2656179775280902,2.22503008423586,0.9440615323144541,0.9069767441860466,1.0,1.0,0.0,-0.3041437792813917,0.04058789329223034,0,0.0,
SCBI_010,3.0,3.0,2.0518002420162644,2.3997496400429705,1.8306636155606406,2.226993865030675,0.975,1.0,1.0,1.0,0.0,-0.3479493980267061,-0.39633024947003426,0,0.0,
SCBI_011,7.0,7.0,4.663444357359326,4.940675713399675,3.840425531914894,4.166666666666666,0.9500674763832658,0.9783333333333333,1.0,1.0,0.0,-0.27723135604034876,-0.32624113475177197,0,0.0,
SCBI_013,10.0,11.0,9.44940787421155,9.909081603072726,9.0,9.000000000000004,0.7083333333333334,0.8306878306878307,1.0,1.0,-1.0,-0.4596737288611763,-3.552713678800501e-15,0,0.0,
SCBI_015,5.0,5.0,2.03674721466554,1.641478675977598,1.6006340876790206,1.260087506076811,0.9918710201869665,0.9868518518518519,1.0,1.0,0.0,0.3952685386879422,0.3405465816022095,1,0.1973684210526315,6.0
SCBI_016,7.0,6.0,5.753330987107183,5.176208279362932,4.923076923076923,4.76470588235294,0.8278061224489796,0.8888888888888888,1.0,1.0,1.0,0.5771227077442509,0.15837104072398311,0,0.0,
SCBI_017,4.0,5.0,3.6264430977659163,4.430129223260261,3.2702702702702706,3.951219512195122,1.0,1.0,1.0,1.0,-1.0,-0.8036861254943446,-0.6809492419248513,0,0.0,
SCBI_018,9.0,9.0,7.5854324346540025,7.090296377646092,6.428571428571429,5.73015873015873,0.6093023255813954,0.7425629290617849,1.0,1.0,0.0,0.49513605700791086,0.6984126984126986,0,0.0,
SCBI_045,6.0,9.0,4.732452394158405,5.227769867700754,4.124248978610912,3.9239623299616326,1.0,0.9866666666666667,6.0,4.0,-3.0,-0.49531747354234934,0.20028664864927936,1,0.6235294117647059,6.0
SCBI_046,17.0,20.0,6.4368169994740265,10.842480712044033,4.646267401663085,7.06466361854997,0.9867851898884876,0.9952383143172617,2.0,4.0,-3.0,-4.405663712570006,-2.418396216886885,0,0.0,
SCBI_047,7.0,9.0,5.26331688858872,6.549658322354972,4.407279457125232,5.5686234403763555,1.0,0.9939393939393939,7.0,4.0,-2.0,-1.2863414337662524,-1.1613439832511236,0,0.0,
SCBI_048,4.0,5.0,2.7827073877821262,2.9463909814555223,2.2325581395348837,2.1370465371931107,1.0,1.0,2.0,4.0,-1.0,-0.16368359367339602,0.09551160234177303,0,0.0,
SCBI_049,13.0,14.0,8.14663524811502,9.499034213703244,5.558257378829257,7.716785482825666,1.0,0.9894179894179894,7.0,4.0,-1.0,-1.3523989655882236,-2.1585281039964093,0,0.0,
SCBI_050,7.0,9.0,5.8707005356349855,6.720882744244305,5.308131241084166,5.8113374667847655,1.0,0.9876543209876543,7.0,4.0,-2.0,-0.8501822086093194,-0.5032062257005991,0,0.0,
SCBI_051,7.0,9.0,4.079765879432392,5.304385916112588,3.1219512195121952,4.251954022988506,0.9815251572327044,0.9926470588235294,2.0,4.0,-2.0,-1.2246200366801965,-1.1300028034763105,0,0.0,
SCBI_052,4.0,6.0,2.493039878166717,3.7863158743896443,1.9614935822637103,3.1589693728731163,0.975609756097561,0.9912280701754386,2.0,4.0,-2.0,-1.2932759962229272,-1.197475790609406,1,0.4444444444444444,5.0
SCBI_053,12.0,12.0,5.956817059443425,6.693599717372201,3.8419497784342687,4.550554964269424,0.9811391223155929,0.994286093947246,2.0,4.0,0.0,-0.7367826579287753,-0.7086051858351556,0,0.0,
SCBI_054,7.0,9.0,5.850989417968118,6.339026875847116,5.142857142857142,5.005924170616113,1.0,1.0,2.0,4.0,-2.0,-0.4880374578789981,0.13693297224102974,0,0.0,
SCBI_055,15.0,18.0,9.232038536196775,11.34858777576254,7.185374149659862,8.841765339074275,0.9928610957387936,0.9865271286323918,2.0,4.0,-3.0,-2.1165492395657655,-1.6563911894144132,0,0.0,
SCBI_056,8.0,13.0,4.686442138092061,7.930657013212707,3.387533875338754,5.985390428211587,0.9615686274509804,0.9726459165869308,2.0,4.0,-5.0,-3.2442148751206465,-2.597856552872833,0,0.0,
SCBI_057,8.0,10.0,5.558138376928079,6.3083727925807445,4.0,4.660789669729327,1.0,1.0,2.0,4.0,-2.0,-0.750234415652665,-0.6607896697293274,0,0.0,
SCBI_058,7.0,8.0,6.32570490835827,5.939620380431429,5.827586206896552,4.752218430034129,1.0,1.0,2.0,4.0,-1.0,0.3860845279268412,1.0753677768624224,1,0.5396825396825397,5.0
SCBI_061,6.0,7.0,4.362030930661031,4.998513285501985,3.282051282051282,4.080890973036342,0.8958333333333334,0.9830508474576272,2.0,4.0,-1.0,-0.636482354840954,-0.7988396909850604,0,0.0,
SCBI_062,7.0,8.0,4.729747790329481,5.8338308678707955,3.466190961603805,4.49455300017292,1.0,1.0,2.0,4.0,-1.0,-1.1040830775413149,-1.028362038569115,0,0.0,
SCBI_063,4.0,8.0,2.426627052915835,3.730166866670035,2.1358609794628753,3.240506329113924,0.9814949201741655,0.984375,2.0,4.0,-4.0,-1.3035398137541998,-1.1046453496510487,0,0.0,
SCBI_064,10.0,11.0,8.515154913309631,6.808829733265814,7.367346938775511,4.929672707600757,1.0,1.0,2.0,4.0,-1.0,1.7063251800438177,2.4376742311747543,0,0.0,
SCBI_066,12.0,15.0,5.738601398963805,7.3586284878570885,3.579134137686303,4.43042071197411,0.9923702313946217,0.9954954954954955,2.0,4.0,-3.0,-1.6200270888932833,-0.8512865742878066,0,0.0,
SCBI_067,6.0,9.0,3.3075955071577896,5.065046779070006,2.286731521412095,3.7923818481072185,1.0,0.984251968503937,7.0,4.0,-3.0,-1.757451271912216,-1.5056503266951236,0,0.0,
SERC_001,7.0,7.0,3.265194322573424,4.156266681549888,2.365129007036747,3.2375478927203063,0.9454545454545454,1.0,1.0,2.0,0.0,-0.891072358976464,-0.8724188856835591,0,0.0,
SERC_002,6.0,5.0,1.8425145842032136,1.5633116772647144,1.3333333333333333,1.2211990227400864,0.910135841170324,1.0,1.0,2.0,1.0,0.27920290693849914,0.11213431059324686,0,0.0,
SERC_003,6.0,7.0,3.9815875155060265,3.4877059337913505,3.2,2.5077647058823533,0.939453125,1.0,1.0,2.0,-1.0,0.493881581714676,0.6922352941176468,0,0.0,
SERC_004,6.0,5.0,4.053458749319957,3.1678058230393082,3.247191011235955,2.657266811279826,0.7647058823529411,0.9744360902255639,1.0,2.0,1.0,0.885652926280649,0.5899241999561293,0,0.0,
SERC_005,7.0,8.0,4.7961935523666135,5.762234094729315,3.666666666666666,4.7267355982274735,0.9412304866850322,0.9878086419753086,1.0,2.0,-1.0,-0.9660405423627019,-1.0600689315608074,0,0.0,
SERC_006,7.0,10.0,3.91077738537936,6.443195674370619,2.8536585365853666,5.089219330855017,0.9244031830238727,1.0,1.0,2.0,-3.0,-2.532418288991259,-2.2355607942696505,0,0.0,
SERC_009,8.0,8.0,4.656482977838315,4.673901623062436,2.985074626865671,3.048997772828508,0.7601010101010102,0.9778869778869779,1.0,2.0,0.0,-0.0174186452241214,-0.06392314596283688,0,0.0,
SERC_011,3.0,2.0,2.469372982811658,1.9579248336059518,2.262809917355372,1.9189773136478216,1.0,1.0,1.0,2.0,1.0,0.5114481492057064,0.3438326037075503,0,0.0,
SERC_012,7.0,9.0,4.550209505696753,6.249863106919568,3.5963302752293576,5.351664254703329,0.9642857142857143,0.9888946955840083,1.0,2.0,-2.0,-1.6996536012228152,-1.7553339794739715,0,0.0,
SERC_013,8.0,9.0,5.263095455216904,6.98087971608117,4.024844720496894,5.7962382445141065,0.9182242990654206,1.0,1.0,2.0,-1.0,-1.7177842608642662,-1.7713935240172125,0,0.0,
SERC_014,10.0,9.0,3.7424938084639257,3.7274641434018805,2.197087883515341,2.335060449050087,0.9389385807990459,0.9809541420118343,1.0,2.0,1.0,0.015029665062045172,-0.13797256553474568,0,0.0,
SERC_016,8.0,7.0,3.9122948071139207,3.5914424410480623,2.8603351955307263,2.6408090686819294,0.9540965025906736,1.0,1.0,2.0,1.0,0.32085236606585843,0.2195261268487969,0,0.0,
SERC_017,8.0,9.0,3.37316717818542,3.687705657306988,2.2490706319702602,2.40512355474949,0.9467688937568456,0.9908306364617044,1.0,2.0,-1.0,-0.3145384791215684,-0.15605292277922977,0,0.0,
SERC_019,4.0,5.0,3.5461295881745123,3.5378078317759307,3.3137254901960786,2.9340101522842637,0.9230769230769231,0.9722689075630252,1.0,2.0,-1.0,0.00832175639858157,0.379715337911815,0,0.0,
SERC_021,5.0,6.0,3.711698598602606,4.0793718821886715,3.031578947368421,3.2374581939799327,0.9616666666666667,0.9782828282828283,1.0,2.0,-1.0,-0.36767328358606566,-0.20587924661151158,0,0.0,
SERC_022,9.0,10.0,5.958322856271256,6.359593734550211,4.623100303951367,4.839999999999999,0.9256844850065189,0.9891358641358642,1.0,2.0,-1.0,-0.4012708782789556,-0.2168996960486318,0,0.0,
SERC_043,6.0,7.0,4.558800930141848,4.398395708675065,4.09421265141319,3.819208002569633,1.0,1.0,1.0,4.0,-1.0,0.1604052214667826,0.2750046488435567,0,0.0,
SERC_044,6.0,8.0,3.7484388172221434,4.550996093278942,2.86010760953113,3.3611793611793614,1.0,0.9956140350877193,5.0,6.0,-2.0,-0.8025572760567989,-0.5010717516482313,0,0.0,
SERC_045,10.0,9.0,5.745342370770339,4.738725637819298,4.740964061804104,3.0662345553980153,1.0,1.0,8.0,3.0,1.0,1.0066167329510405,1.6747295064060888,1,0.4571428571428571,7.0
SERC_047,9.0,10.0,4.5127755413743955,5.42696591591382,3.283336192566389,4.141265125715528,1.0,0.9986772486772487,5.0,6.0,-1.0,-0.9141903745394249,-0.8579289331491395,0,0.0,
SERC_048,8.0,9.0,3.7539992034205656,4.636058804420474,2.687203791469194,3.342199488491048,0.9365079365079365,1.0,1.0,4.0,-1.0,-0.882059600999908,-0.654995697021854,0,0.0,
SERC_049,7.0,10.0,2.813747982731018,2.918246879522217,1.9498100941455638,1.8112456810329154,1.0,1.0,5.0,6.0,-3.0,-0.10449889679119906,0.13856441311264844,0,0.0,
SERC_050,11.0,12.0,6.560257574943465,7.45337975469306,5.0714087246457344,6.128033332635414,0.9978632478632479,1.0,5.0,6.0,-1.0,-0.8931221797495947,-1.0566246079896793,0,0.0,
SERC_051,12.0,13.0,8.938351222730114,9.85820452687026,7.59560067681895,8.293351538703918,0.9552238805970149,1.0,1.0,4.0,-1.0,-0.9198533041401458,-0.6977508618849679,0,0.0,
SERC_052,7.0,7.0,5.132452288585107,4.551427914162474,4.503289473684211,3.6345460854709977,0.972972972972973,1.0,1.0,4.0,0.0,0.5810243744226327,0.868743388213213,0,0.0,
SERC_053,9.0,10.0,5.602406843090253,6.237354596891512,4.2834008097166,4.8148015731140505,0.9366593681576478,0.9950248756218906,1.0,4.0,-1.0,-0.6349477538012591,-0.5314007633974507,0,0.0,
SERC_054,8.0,8.0,3.7044165073779203,3.792881135383431,2.4256144890038818,2.4939545707492288,0.9873504273504273,1.0,1.0,4.0,0.0,-0.0884646280055108,-0.068340081745347,0,0.0,
SERC_055,12.0,14.0,5.840097842508215,7.749049675562891,4.011374407582939,5.68421052631579,0.97895467160037,0.9920949861426052,2.0,4.0,-2.0,-1.908951833054676,-1.6728361187328513,0,0.0,
SERC_056,9.0,11.0,6.701924155887129,7.206338735827196,5.370247933884298,5.717442107499468,0.9830611010284331,0.9956896551724138,1.0,4.0,-2.0,-0.5044145799400672,-0.34719417361517024,0,0.0,
SERC_057,8.0,10.0,5.259795992518734,6.306399734615214,3.7292817679558015,4.81425422483468,0.9796296296296296,1.0,1.0,4.0,-2.0,-1.0466037420964796,-1.0849724568788783,0,0.0,
SERC_058,9.0,8.0,3.209084003799697,3.087272675794857,2.3462039045553142,2.1508266666666667,0.9521090611516143,1.0,1.0,4.0,1.0,0.12181132800483985,0.19537723788864758,0,0.0,
SERC_059,6.0,11.0,3.803124658174267,6.7401184321314975,2.975221238938053,4.877330809275912,0.9512195121951219,0.9956333565190509,1.0,4.0,-5.0,-2.9369937739572305,-1.902109570337859,0,0.0,
SERC_060,8.0,8.0,3.288508161319007,3.0297154542059195,2.102669404517454,1.9651439133879063,0.9697115384615385,1.0,1.0,4.0,0.0,0.25879270711308733,0.1375254911295476,0,0.0,
SERC_062,13.0,17.0,4.8885064276651224,8.347463550329145,3.0050062578222776,5.715124519133427,0.9387755102040817,0.9965635738831615,1.0,4.0,-4.0,-3.4589571226640228,-2.7101182613111496,0,0.0,
SERC_067,8.0,8.0,2.0359182041115416,2.3237780461124014,1.3792058682825705,1.510483797767087,0.9903014969428632,1.0,1.0,3.0,0.0,-0.2878598420008598,-0.13127792948451655,1,0.3917525773195876,3.0
SOAP_002,1.0,2.0,1.0,1.6493848884661177,1.0,1.4705882352941173,1.0,1.0,1.0,1.0,-1.0,-0.6493848884661177,-0.4705882352941173,1,0.5454545454545454,3.0
SOAP_004,5.0,5.0,3.1420579465129816,3.6181241621374003,2.731513083048919,2.9069767441860463,0.9591836734693877,0.963076923076923,1.0,1.0,0.0,-0.47606621562441864,-0.1754636611371274,0,0.0,
SOAP_006,3.0,3.0,2.9511517858675242,2.6106906257834304,2.909090909090909,2.32258064516129,1.0,1.0,1.0,1.0,0.0,0.3404611600840939,0.5865102639296191,0,0.0,
SOAP_007,3.0,2.0,2.7494592739972052,1.8898815748423097,2.571428571428571,1.7999999999999998,0.8809523809523809,1.0,1.0,1.0,1.0,0.8595776991548956,0.7714285714285714,1,0.15,5.0
SOAP_008,2.0,4.0,1.7547653506033232,3.9373282727030876,1.6,3.878787878787879,0.75,1.0,1.0,1.0,-2.0,-2.1825629220997644,-2.278787878787879,0,0.0,
SOAP_009,1.0,2.0,1.0,1.1665796643952542,1.0,1.0739726027397258,1.0,0.9642857142857143,1.0,1.0,-1.0,-0.16657966439525418,-0.07397260273972583,0,0.0,
SOAP_010,1.0,1.0,1.0,1.0,1.0,1.0,1.0,1.0,1.0,1.0,0.0,0.0,0.0,0,0.0,
SOAP_012,2.0,3.0,2.0,2.690297101941233,2.0,2.488054607508533,1.0,1.0,1.0,1.0,-1.0,-0.690297101941233,-0.4880546075085328,0,0.0,
SOAP_013,3.0,2.0,2.2173474522732106,1.8189685116531733,1.8148148148148147,1.6896551724137931,0.7142857142857143,1.0,1.0,1.0,1.0,0.3983789406200373,0.1251596424010215,0,0.0,
SOAP_015,3.0,3.0,2.360187141185778,2.4768224966781007,2.0864197530864197,2.2490272373540856,1.0,1.0,1.0,1.0,0.0,-0.11663535549232273,-0.1626074842676659,0,0.0,
SOAP_017,4.0,2.0,2.324548060183927,1.9469780302238757,2.0756756756756753,1.898876404494382,0.9583333333333334,1.0,1.0,1.0,2.0,0.37757002996005107,0.17679927118129335,1,0.2909090909090909,5.0
SOAP_018,2.0,2.0,1.239315430729068,1.2775319170740629,1.1172413793103448,1.1421319796954315,0.9444444444444444,0.9333333333333333,1.0,1.0,0.0,-0.03821648634499497,-0.024890600385086614,1,0.2727272727272727,5.0
SOAP_020,3.0,4.0,2.5004354220773655,3.3360694735848724,2.2830188679245285,2.964912280701754,0.9090909090909091,0.9340659340659341,1.0,1.0,-1.0,-0.8356340515075069,-0.6818934127772254,1,0.1052631578947368,4.0
SOAP_021,4.0,4.0,1.7228114237211751,1.9392328218402912,1.344967807522874,1.485457429931253,0.9841269841269842,0.9811320754716981,1.0,1.0,0.0,-0.2164213981191161,-0.14048962240837914,0,0.0,
SOAP_031,4.0,5.0,3.2368748012681805,3.056449260751841,2.8514257826117273,2.3578947368421055,1.0,0.9821428571428571,3.0,1.0,-1.0,0.1804255405163393,0.4935310457696218,0,0.0,
SOAP_043,4.0,7.0,2.784689551665731,5.605585546991946,2.2931323283082072,5.10718789407314,1.0,0.9888888888888889,2.0,1.0,-3.0,-2.8208959953262154,-2.8140555657649324,1,0.4578313253012048,2.0
SOAP_045,3.0,6.0,2.1034204921027633,3.9917782256840577,1.7333333333333334,3.2453987730061358,1.0,0.9782608695652174,1.0,1.0,-3.0,-1.8883577335812944,-1.5120654396728024,1,0.368421052631579,4.0
SOAP_046,6.0,8.0,3.6811439840671687,6.229708496789453,2.817745083320822,5.4,1.0,0.9861111111111112,3.0,1.0,-2.0,-2.548564512722284,-2.582254916679178,1,0.3695652173913043,6.0
SOAP_047,3.0,3.0,2.160354172938459,2.745874928063433,1.803236058942502,2.5223880597014925,1.0,1.0,2.0,1.0,0.0,-0.5855207551249739,-0.7191520007589904,1,0.8513513513513514,4.0
SOAP_048,4.0,7.0,3.3294161040909054,4.323623726858031,2.8726790450928386,3.403778040141676,1.0,0.9894760924273621,3.0,1.0,-3.0,-0.9942076227671257,-0.5310989950488376,1,0.5,7.0
SOAP_050,2.0,4.0,1.091005254640512,2.0326708753868177,1.0350769230769232,1.6188340807174886,0.9827586206896551,1.0,1.0,1.0,-2.0,-0.9416656207463057,-0.5837571576405653,1,0.3608247422680412,6.0
SOAP_051,1.0,3.0,1.0,1.822421430545617,1.0,1.4578313253012047,1.0,1.0,1.0,2.0,-2.0,-0.822421430545617,-0.45783132530120474,1,0.4244604316546763,0.0
SOAP_053,2.0,4.0,1.6493848884661177,2.937542574735416,1.4705882352941173,2.3684210526315788,0.8,1.0,1.0,1.0,-2.0,-1.288157686269298,-0.8978328173374615,1,0.9090909090909092,4.0
SOAP_054,3.0,6.0,2.5352692215104113,4.232850896630586,2.3333333333333335,3.5998396150761836,1.0,0.9850746268656716,1.0,1.0,-3.0,-1.6975816751201744,-1.26650628174285,1,0.4857142857142857,4.0
SOAP_055,3.0,6.0,1.864104470532951,3.66763715307677,1.5194805194805194,2.8669724770642198,1.0,0.96,1.0,1.0,-3.0,-1.803532682543819,-1.3474919575837003,0,0.0,
SOAP_056,3.0,4.0,2.2945065862214054,2.494425673152852,1.8988764044943824,1.9892294946147473,1.0,0.9795918367346939,2.0,1.0,-1.0,-0.19991908693144644,-0.09035309012036485,1,1.0,4.0
SOAP_058,4.0,7.0,1.862146838379587,5.667940810052504,1.409864944216089,5.0,1.0,0.9232,1.0,1.0,-3.0,-3.8057939716729168,-3.590135055783911,0,0.0,
SOAP_060,2.0,5.0,1.2633812503027273,3.594579075379329,1.1327433628318584,3.0566037735849054,0.9375,0.9737237237237237,2.0,1.0,-3.0,-2.3311978250766017,-1.923860410753047,0,0.0,
SOAP_061,4.0,4.0,3.1695990401617604,3.3699221861993243,2.9236276849642007,3.0,0.9714285714285714,0.7777777777777778,1.0,1.0,0.0,-0.20032314603756385,-0.07637231503579933,1,0.8840579710144928,7.0
STEI_001,5.0,7.0,4.767650656993265,4.640965570442173,4.521657250470811,4.180422264875239,1.0,0.9545454545454546,1.0,1.0,-2.0,0.12668508655109179,0.3412349855955714,1,0.3018867924528302,5.0
STEI_002,7.0,5.0,4.703951517818997,3.6810071766468835,3.7577319587628866,3.1934369602763386,0.9827810266406758,0.9767441860465116,1.0,1.0,2.0,1.022944341172113,0.564294998486548,0,0.0,
STEI_003,6.0,6.0,4.344333189075924,3.856996108301966,3.7372262773722627,3.2760629004076876,0.984375,0.9733333333333334,1.0,1.0,0.0,0.48733708077395743,0.4611633769645751,0,0.0,
STEI_004,8.0,6.0,5.37457462516661,3.9753266122985624,4.518731988472622,3.451398135818908,0.9655388471177945,0.9722222222222222,1.0,1.0,2.0,1.3992480128680476,1.067333852653714,1,0.217391304347826,6.0
STEI_005,10.0,11.0,5.866730594722729,5.7614397540512075,4.67235494880546,4.498098859315589,0.9601866440431462,0.9565269894940225,1.0,1.0,-1.0,0.10529084067152183,0.17425608948987126,0,0.0,
STEI_006,9.0,11.0,5.392515087216738,5.627576413799694,3.755555555555555,4.563380281690141,0.8974358974358975,0.9538761293882336,2.0,1.0,-2.0,-0.2350613265829562,-0.8078247261345859,0,0.0,
STEI_007,7.0,9.0,3.404420005273897,3.7641929361613427,2.5207877461706785,2.5461393596986817,0.9383741258741258,0.9045944328045495,1.0,1.0,-2.0,-0.3597729308874458,-0.025351613528003192,0,0.0,
STEI_008,8.0,9.0,4.620701416726341,3.699343121237804,3.0508166969147004,2.2241482367005383,0.9787910922587487,0.9682707562136436,1.0,1.0,-1.0,0.9213582954885369,0.8266684602141621,0,0.0,
STEI_021,1.0,3.0,1.0,2.649351128562104,1.0,2.4615384615384617,1.0,0.875,1.0,1.0,-2.0,-1.6493511285621039,-1.4615384615384617,0,0.0,
STEI_046,10.0,7.0,3.54814053389562,3.758071724581116,2.904621760413226,3.200374801787517,0.9983974441686064,1.0,7.0,2.0,3.0,-0.20993119068549637,-0.29575304137429104,0,0.0,
STEI_047,10.0,7.0,3.1583051324931577,2.900984080852628,2.2531494529443377,2.131158681617397,0.9989561609457729,0.9915293040293041,9.0,2.0,3.0,0.25732105164052976,0.1219907713269408,0,0.0,
STEI_050,6.0,6.0,3.013036323804815,2.1270669555377,2.2777318565052074,1.5669571841462595,0.9939759036144579,1.0,2.0,5.0,0.0,0.8859693682671148,0.7107746723589479,1,0.3173076923076923,5.0
STEI_051,7.0,6.0,3.457649153226722,3.561500141226724,2.564693090837205,2.773584905660377,0.996415770609319,1.0,4.0,2.0,1.0,-0.10385098800000225,-0.20889181482317198,0,0.0,
STEI_052,10.0,8.0,6.255754139434587,6.402413473940956,5.558108937812474,5.61038961038961,0.9943978033076631,0.9861111111111112,4.0,2.0,2.0,-0.14665933450636892,-0.05228067257713587,0,0.0,
STEI_053,11.0,9.0,4.537077409490369,3.883460167854936,2.7276832783807996,2.4035555555555552,0.9985052316890882,0.990744069015097,8.0,2.0,2.0,0.6536172416354327,0.3241277228252444,0,0.0,
STEI_054,11.0,7.0,4.1279868002912705,3.9572543992730007,3.066631271568888,3.2144595064303094,1.0,1.0,4.0,2.0,4.0,0.1707324010182698,-0.1478282348614215,0,0.0,
STEI_055,8.0,5.0,2.019181764201201,1.8832682409517032,1.4242397057504257,1.4344682133172644,0.9920634920634921,0.9714345725687881,4.0,2.0,3.0,0.1359135232494979,-0.010228507566838685,0,0.0,
STEI_056,9.0,8.0,4.3130693531100155,3.844958947981494,3.023216778828808,2.635469729967192,1.0,1.0,4.0,6.0,1.0,0.46811040512852164,0.3877470488616157,1,0.3430656934306569,3.0
STEI_058,5.0,6.0,3.0679875493427957,3.6502935537617303,2.3381541983144314,2.681390709603876,1.0,1.0,3.0,2.0,-1.0,-0.5823060044189345,-0.34323651128944466,0,0.0,
STEI_061,17.0,12.0,6.458230975073544,8.889575428834839,3.6670368630131134,7.773471145564169,0.9863714594090021,0.9793859649122807,4.0,2.0,5.0,-2.4313444537612945,-4.1064342825510565,0,0.0,
TALL_002,13.0,15.0,9.773559415933173,8.347474236685992,7.621951219512194,5.998949800462089,0.9630188679245283,1.0,1.0,2.0,-2.0,1.4260851792471811,1.6230014190501052,1,0.2151898734177215,2.0
TALL_008,5.0,8.0,3.9735682157315915,4.107836378461914,3.4489795918367343,2.694736842105263,0.9615384615384616,0.9853078358208955,1.0,1.0,-3.0,-0.1342681627303226,0.7542427497314712,1,0.2535211267605634,2.0
TALL_015,10.0,12.0,8.579637454103503,8.9100107956838,7.474576271186442,7.270440251572325,0.82281284606866,0.9558823529411765,1.0,1.0,-2.0,-0.3303733415802963,0.20413601961411665,1,0.4390243902439024,2.0
TALL_042,20.0,24.0,9.583094783723151,11.870588909497991,6.724146541576001,7.659927797833935,0.9967479761058473,0.8743549374617335,8.0,1.0,-4.0,-2.28749412577484,-0.9357812562579335,1,0.5357142857142857,9.0
TALL_044,13.0,7.0,4.7873535523261,3.844820475642346,3.6702043714984605,3.258726899383984,0.9983660218400365,0.9569438581680034,9.0,1.0,6.0,0.9425330766837541,0.4114774721144765,1,0.3818181818181818,9.0
TALL_045,5.0,8.0,3.7884464309074146,4.929005382076143,3.424503882657464,4.103297176926945,1.0,1.0,1.0,4.0,-3.0,-1.1405589511687286,-0.6787932942694805,0,0.0,
TALL_046,13.0,12.0,6.91076277197577,6.32973746901873,5.122950819672133,4.441039565554694,0.9502012072434608,1.0,1.0,4.0,1.0,0.5810253029570394,0.6819112541174395,0,0.0,
TALL_050,1.0,11.0,1.0,3.237428618955391,1.0,2.111454102355808,1.0,0.9957269783901814,1.0,5.0,-10.0,-2.237428618955391,-1.111454102355808,1,0.7857142857142857,0.0
TALL_051,7.0,12.0,5.5375229857400665,10.334242007019755,4.587301587301587,9.231674208144796,0.83710407239819,1.0,1.0,6.0,-5.0,-4.796719021279689,-4.644372620843209,1,0.6233766233766234,0.0
TALL_053,15.0,21.0,10.038905292790334,15.912458277617349,7.326760563380283,12.958974358974357,0.9057315233785822,0.9851868477163057,2.0,3.0,-6.0,-5.873552984827015,-5.632213795594074,1,0.5681818181818181,7.0
TALL_056,2.0,6.0,1.1573636997031709,2.3929266872602173,1.0688836104513064,1.7526066350710898,1.0,0.9924829692271553,2.0,3.0,-4.0,-1.2355629875570464,-0.6837230246197834,1,0.6176470588235294,7.0
TALL_057,2.0,15.0,1.8898815748423097,8.965412278475467,1.7999999999999998,5.89792663476874,0.8333333333333334,0.9884396971335857,1.0,5.0,-13.0,-7.075530703633158,-4.09792663476874,1,0.8181818181818181,0.0
TALL_058,17.0,19.0,14.410684467349446,14.619012034707895,12.768786127167632,12.292504570383914,0.9898003948234262,0.987879238548483,2.0,3.0,-2.0,-0.20832756735844882,0.476281556783718,1,0.3174603174603174,7.0
TALL_059,12.0,16.0,7.819718138029228,9.178312908625058,6.475341898052217,7.2561151079136685,0.9923692307692308,0.9919357493170073,3.0,3.0,-4.0,-1.35859477059583,-0.7807732098614517,1,0.2549019607843137,7.0
TALL_060,7.0,19.0,5.151703908773848,12.325963073137467,4.338983050847458,9.811230336493384,0.939453125,0.9977064463160125,1.0,5.0,-12.0,-7.17425916436362,-5.472247285645927,1,0.6507936507936507,0.0
TEAK_043,4.0,5.0,1.9509048656589618,2.1262187033716105,1.4661146219219874,1.5486317810849735,1.0,0.9921259842519685,3.0,3.0,-1.0,-0.17531383771264863,-0.08251715916298608,0,0.0,
TEAK_044,4.0,5.0,1.8925858030580038,1.9168119338478917,1.4688960407391884,1.4833062584322252,1.0,0.9980732177263969,3.0,3.0,-1.0,-0.02422613078988789,-0.014410217693036742,0,0.0,
TEAK_045,4.0,5.0,3.038583187556646,3.0564050578319026,2.672711091333852,2.440037455688583,1.0,0.9947643979057592,3.0,3.0,-1.0,-0.017821870275256835,0.232673635645269,0,0.0,
TEAK_046,5.0,5.0,4.3597922582786035,4.491630499269882,4.111763659014059,4.314266079152686,1.0,1.0,3.0,3.0,0.0,-0.1318382409912786,-0.20250242013862696,0,0.0,
TEAK_047,5.0,5.0,3.6380568106045565,3.4025288027390665,3.0169955514999427,2.699751861042184,1.0,1.0,3.0,3.0,0.0,0.23552800786549,0.3172436904577589,0,0.0,
TEAK_048,4.0,5.0,2.868757542181681,2.9866992920093933,2.5043478260869567,2.524017467248908,0.9616666666666667,0.9429065743944637,3.0,3.0,-1.0,-0.11794174982771244,-0.019669641161951468,0,0.0,
TEAK_049,3.0,5.0,2.8000940728538315,2.832534939201352,2.6315789473684212,2.152823920265781,1.0,0.9750712250712251,1.0,1.0,-2.0,-0.032440866347520636,0.4787550271026402,0,0.0,
TEAK_050,1.0,3.0,1.0,2.5972937510519425,1.0,2.4160832544938504,1.0,1.0,4.0,1.0,-2.0,-1.5972937510519425,-1.4160832544938504,1,0.5,4.0
TEAK_051,4.0,3.0,2.227717877565366,2.306008295218762,1.774142480211082,2.040963855421687,1.0,1.0,3.0,3.0,1.0,-0.07829041765339628,-0.266821375210605,0,0.0,
TEAK_052,8.0,11.0,3.552661118622784,3.596312536280693,2.597141753572808,2.32417239225484,0.987879238548483,0.9837847469707769,3.0,3.0,-3.0,-0.04365141765790881,0.2729693613179678,0,0.0,
TEAK_053,2.0,2.0,1.239315430729068,1.2289892094880017,1.1172413793103448,1.110769230769231,0.9444444444444444,1.0,1.0,5.0,0.0,0.010326221241066191,0.006472148541113887,1,0.4242424242424242,0.0
TEAK_054,5.0,5.0,3.136549706731698,3.0504353095760353,2.617590822179733,2.413127413127413,0.9459459459459459,0.98,3.0,3.0,0.0,0.08611439715566283,0.20446340905232008,0,0.0,
TEAK_055,2.0,2.0,1.6493848884661177,1.7904952255102922,1.4705882352941173,1.6487804878048784,0.8,1.0,2.0,3.0,0.0,-0.14111033704417442,-0.1781922525107611,1,0.3333333333333333,2.0
TEAK_056,1.0,3.0,1.0,2.049595459293564,1.0,1.876949740034662,1.0,0.9824561403508771,2.0,3.0,-2.0,-1.0495954592935641,-0.876949740034662,0,0.0,
TEAK_057,2.0,4.0,1.8898815748423097,2.7990023912020683,1.7999999999999998,2.5781990521327014,1.0,0.9926470588235294,2.0,3.0,-2.0,-0.9091208163597586,-0.7781990521327016,0,0.0,
TEAK_058,2.0,4.0,2.0,2.9171100041524176,2.0,2.32258064516129,1.0,1.0,2.0,3.0,-2.0,-0.9171100041524176,-0.32258064516129004,0,0.0,
TEAK_060,2.0,4.0,2.0,3.208593827409994,2.0,2.8525021949078138,1.0,1.0,2.0,3.0,-2.0,-1.2085938274099939,-0.8525021949078138,0,0.0,
TEAK_061,1.0,3.0,1.0,2.504807089109015,1.0,2.161412120067963,1.0,1.0,4.0,1.0,-2.0,-1.5048070891090148,-1.161412120067963,1,1.0,4.0
TREE_001,3.0,5.0,2.0688675133103955,3.2372251298647967,1.7569721115537846,2.5936943808797355,0.9523809523809523,1.0,1.0,2.0,-2.0,-1.1683576165544012,-0.8367222693259508,1,0.1619718309859155,5.0
TREE_003,5.0,5.0,3.14746018308817,2.5798331678331468,2.4199999999999995,2.0131736526946105,0.9132231404958677,0.9524092801903629,1.0,2.0,0.0,0.5676270152550233,0.406826347305389,0,0.0,
TREE_004,6.0,7.0,3.040533480047586,3.233221417964162,2.4732824427480913,2.580023594180102,0.8888888888888888,0.9885156474303761,1.0,2.0,-1.0,-0.1926879379165758,-0.1067411514320109,0,0.0,
TREE_007,7.0,6.0,2.5177603685353116,1.7429891027440114,1.7722068693249111,1.3115734720416128,0.956110536426777,0.9838720338422896,1.0,2.0,1.0,0.7747712657913002,0.46063339728329833,0,0.0,
TREE_040,6.0,7.0,5.257981353758119,5.88317722824703,4.864069264069264,5.130900157922443,1.0,1.0,3.0,4.0,-1.0,-0.6251958744889112,-0.2668308938531787,1,0.2553191489361702,6.0
TREE_041,5.0,6.0,3.266086135954339,2.905527182108404,2.5116279069767433,2.1750627615062768,1.0,1.0,4.0,7.0,-1.0,0.36055895384593484,0.33656514547046656,1,0.4385964912280701,3.0
TREE_046,9.0,9.0,6.8622798146231885,5.541570831633136,5.363197213952704,4.491774337981322,1.0,1.0,4.0,5.0,0.0,1.3207089829900527,0.8714228759713816,1,0.2777777777777778,3.0
TREE_049,2.0,3.0,1.3215025329299093,1.4843899693507425,1.172607879924953,1.2748127784624135,1.0,0.9939024390243902,4.0,5.0,-1.0,-0.16288743642083325,-0.1022048985374604,1,0.1923076923076923,3.0
TREE_050,3.0,3.0,1.9912426018579605,2.0802743021684766,1.6055045871559632,1.6886759378286782,1.0,1.0,1.0,4.0,0.0,-0.0890317003105161,-0.08317135067271497,1,0.2727272727272727,4.0
TREE_054,6.0,7.0,3.455003631708963,3.556657660130348,2.60573027914856,2.679690854443967,1.0,1.0,4.0,5.0,-1.0,-0.10165402842138516,-0.0739605752954069,1,0.3375,3.0
TREE_056,10.0,11.0,6.940656898421605,7.471691928335267,5.857454617597463,6.1294080438564125,0.9958847736625515,1.0,4.0,5.0,-1.0,-0.5310350299136619,-0.2719534262589498,1,0.3302752293577982,3.0
WREF_001,3.0,3.0,2.365173523311059,2.148466688484431,1.991150442477876,1.7441860465116281,1.0,1.0,1.0,1.0,0.0,0.21670683482662811,0.24696439596624797,0,0.0,
WREF_002,3.0,3.0,2.0668235402229596,2.067059984233806,1.9543262411347513,1.9603729603729598,0.9879518072289156,0.9885057471264368,2.0,1.0,0.0,-0.00023644401084643718,-0.006046719238208542,0,0.0,
WREF_003,4.0,3.0,3.078499363288648,2.827777782361239,2.861571737563086,2.665850673194614,0.9841269841269842,1.0,1.0,1.0,1.0,0.2507215809274088,0.1957210643684717,0,0.0,
WREF_004,4.0,4.0,2.5064002031523103,2.6069174663262973,1.9422632794457273,2.0420168067226894,0.9655172413793104,0.962962962962963,1.0,1.0,0.0,-0.10051726317398701,-0.09975352727696207,0,0.0,
WREF_005,5.0,5.0,4.045212407318514,3.722050415192208,3.419928825622776,3.058201058201058,1.0,0.9705882352941176,1.0,1.0,0.0,0.32316199212630625,0.36172776742171786,0,0.0,
WREF_007,3.0,3.0,1.9034333106505095,1.9034405056814148,1.54468085106383,1.553916004540295,1.0,1.0,1.0,1.0,0.0,-7.19503090529372e-06,-0.009235153476465197,0,0.0,
WREF_008,4.0,4.0,2.4846572687389306,2.4175665171792957,1.9333333333333331,1.9070294784580497,0.9655172413793104,0.967816091954023,1.0,1.0,0.0,0.06709075155963484,0.026303854875283417,0,0.0,
WREF_009,3.0,3.0,2.401289214035477,2.347230565787614,2.1777777777777776,2.1028037383177574,0.9285714285714286,0.9333333333333333,1.0,1.0,0.0,0.05405864824786333,0.07497403946002024,0,0.0,
WREF_010,2.0,2.0,1.6493848884661177,1.7858869300686604,1.4705882352941173,1.6423357664233578,1.0,1.0,2.0,1.0,0.0,-0.13650204160254265,-0.17174753112924046,0,0.0,
WREF_011,4.0,4.0,3.349328352400592,3.302147433104499,3.1588785046728973,3.0824524312896404,1.0,1.0,1.0,1.0,0.0,0.04718091929609303,0.07642607338325691,0,0.0,
WREF_012,6.0,5.0,3.707215714496394,3.2756423581808254,2.88,2.658291457286432,0.8785211267605634,0.9168241965973535,1.0,1.0,1.0,0.4315733563155688,0.22170854271356788,0,0.0,
WREF_013,4.0,4.0,3.0331882239970374,3.0523403056973435,2.7250482936252416,2.7606001304631445,1.0,1.0,1.0,1.0,0.0,-0.019152081700306134,-0.03555183683790286,0,0.0,
WREF_014,6.0,6.0,3.0589708121890937,3.230906935666046,2.0864197530864197,2.222560975609756,0.9807692307692307,0.9814814814814815,1.0,1.0,0.0,-0.1719361234769523,-0.1361412225233365,0,0.0,
WREF_071,4.0,5.0,3.1348748430607123,3.3365718853555766,2.657092870680857,2.757746992344149,1.0,1.0,5.0,2.0,-1.0,-0.2016970422948643,-0.1006541216632919,0,0.0,
WREF_072,4.0,4.0,2.861133598837794,3.082248797165877,2.5124183006535947,2.5995085995086,1.0,1.0,5.0,2.0,0.0,-0.22111519832808302,-0.08709029885500508,0,0.0,
WREF_073,6.0,7.0,4.651859644273999,4.474948609390045,4.1454402426094195,3.856536829926726,1.0,0.9975,5.0,3.0,-1.0,0.176911034883954,0.28890341268269326,0,0.0,
WREF_074,7.0,7.0,3.949390425349118,4.004318099545967,2.8957960540075756,2.955183946488294,1.0,1.0,5.0,3.0,0.0,-0.05492767419684874,-0.059387892480718296,0,0.0,
WREF_075,6.0,6.0,3.18543640776058,3.3604086243324796,2.4220063958308655,2.582937745829377,1.0,1.0,5.0,3.0,0.0,-0.17497221657189943,-0.16093134999851166,0,0.0,
WREF_076,6.0,6.0,4.511592415437327,4.700876570528086,3.977084939958135,4.217911096619932,1.0,1.0,5.0,3.0,0.0,-0.18928415509075958,-0.24082615666179663,0,0.0,
WREF_077,6.0,7.0,3.9480862223606263,4.3204984509692785,3.2402076723391984,3.5201465201465205,1.0,0.9919354838709677,5.0,3.0,-1.0,-0.3724122286086522,-0.27993884780732214,0,0.0,
WREF_078,5.0,5.0,3.4602471698251174,3.4600910198741603,3.1362940275650844,3.0778072502210434,0.9848557692307692,1.0,5.0,2.0,0.0,0.00015614995095702966,0.05848677734404095,0,0.0,
WREF_080,7.0,7.0,3.9725997842512046,3.827935311300239,2.9675045984058857,2.754868865229811,0.9954545454545455,1.0,2.0,1.0,0.0,0.14466447295096563,0.21263573317607465,0,0.0,
WREF_082,2.0,2.0,1.8175816589445393,1.5835877805440195,1.6876212207644037,1.3993344425956737,1.0,1.0,5.0,1.0,0.0,0.23399387840051977,0.28828677816872994,0,0.0,
WREF_083,4.0,4.0,3.663434269463213,3.361521382410942,3.4103720405862457,2.897748021911138,1.0,1.0,5.0,1.0,0.0,0.3019128870522714,0.5126240186751079,0,0.0,
WREF_084,4.0,4.0,3.027035863846767,2.9412141090737576,2.65934259096502,2.5747021081576533,1.0,1.0,5.0,1.0,0.0,0.08582175477300957,0.0846404828073668,0,0.0,
WREF_085,4.0,4.0,1.8923526229195642,1.8864101980253414,1.5040939836240652,1.564155891129397,0.985081585081585,1.0,1.0,5.0,0.0,0.005942424894222809,-0.06006190750533169,1,0.3163265306122449,0.0
WREF_086,4.0,3.0,2.9155897756075335,2.8688743804379917,2.571865443425076,2.7716186252771617,0.9655172413793104,1.0,1.0,5.0,1.0,0.04671539516954182,-0.19975318185208568,1,0.3835616438356164,0.0
WREF_087,4.0,5.0,3.098757122568844,3.098012864749201,2.688888888888888,2.6843575418994416,1.0,0.9959677419354839,1.0,5.0,-1.0,0.000744257819643046,0.004531346989446572,1,0.3666666666666667,0.0
WREF_088,4.0,4.0,3.128546551850133,3.028240670733744,2.8252252252252252,2.666988727858293,1.0,1.0,5.0,2.0,0.0,0.10030588111638927,0.15823649736693213,0,0.0,
WREF_089,6.0,6.0,4.170914482104197,3.7607380959830166,3.3926298793807583,3.254924681344148,1.0,0.9905660377358491,5.0,1.0,0.0,0.4101763861211807,0.1377051980366102,0,0.0,
