lc_shannon,lc_nclass,lc_dominant,lc_edge,lc_forest_frac,plotID
0.28208274067403555,4,0.9198554421768708,0.026909722222222224,0.9198554421768708,ABBY_063
0.2710282586743275,4,0.924390589569161,0.026271967120181407,0.924390589569161,ABBY_068
0.2714276586235101,3,0.9240362811791383,0.026041666666666668,0.9240362811791383,ABBY_065
0.27107262410147537,3,0.9241780045351474,0.025917658730158732,0.9241780045351474,ABBY_067
0.31269474828146804,4,0.9088364512471655,0.030346513605442178,0.9088364512471655,ABBY_066
0.29323446042386503,3,0.9151077097505669,0.02853954081632653,0.9151077097505669,ABBY_061
0.2801243282032423,3,0.9205286281179138,0.027405753968253968,0.9205286281179138,ABBY_070
0.3095480986798073,4,0.9102536848072562,0.030966553287981858,0.9102536848072562,ABBY_062
0.29993667520955447,4,0.9124858276643991,0.030009920634920636,0.9124858276643991,ABBY_064
0.2639452514680629,4,0.9271896258503401,0.02483701814058957,0.9271896258503401,ABBY_069
0.28572048397269134,4,0.91843820861678,0.029637896825396824,0.91843820861678,ABBY_075
0.25518041082938314,4,0.9305909863945578,0.024713010204081634,0.9305909863945578,ABBY_074
0.29625765953553573,4,0.9140447845804989,0.030311082766439908,0.9140447845804989,ABBY_073
0.319547028841877,4,0.907312925170068,0.031037414965986394,0.907312925170068,ABBY_076
0.23342200524490103,3,0.9379251700680272,0.024075255102040817,0.9379251700680272,ABBY_004
0.22574854161364577,3,0.9407242063492064,0.02278202947845805,0.9407242063492064,ABBY_009
0.03220486306660044,2,0.9948625283446711,0.002976190476190476,0.9948625283446711,ABBY_011
0.08899768152714421,4,0.9837372448979592,0.005084325396825397,0.9837372448979592,ABBY_013
0.17220409166688422,2,0.9586522108843537,0.01459750566893424,0.9586522108843537,ABBY_023
0.11617914235515349,2,0.9751984126984127,0.009318310657596371,0.9751984126984127,ABBY_010
0.10153752254559115,2,0.9790958049886621,0.0062535430839002265,0.9790958049886621,ABBY_018
0.22262144116920732,3,0.9478103741496599,0.01571357709750567,0.9478103741496599,ABBY_003
0.05383465356601194,2,0.99046910430839,0.004570578231292517,0.99046910430839,ABBY_012
0.1892839554453793,4,0.9539399092970522,0.011515022675736961,0.9539399092970522,ABBY_005
0.19995857644614104,3,0.9509637188208617,0.01791028911564626,0.9509637188208617,ABBY_016
0.19048768674767583,2,0.9526998299319728,0.01328656462585034,0.9526998299319728,ABBY_008
0.2559533317776762,2,0.9291028911564626,0.024695294784580497,0.9291028911564626,ABBY_017
0.25659100768561244,2,0.9288548752834467,0.02451814058956916,0.9288548752834467,ABBY_014
0.2752052496983418,4,0.9237882653061225,0.019717261904761904,0.9237882653061225,ABBY_001
0.24375217125187432,3,0.9354804421768708,0.023154053287981858,0.9354804421768708,ABBY_019
0.10289738350908934,2,0.9787414965986394,0.007706207482993197,0.9787414965986394,ABBY_006
0.048836635569038084,2,0.9915320294784581,0.0047831632653061226,0.9915320294784581,ABBY_002
0.34698620561998217,2,0.8897746598639455,0.031232284580498867,0.8897746598639455,ABBY_007
0.2786533130802536,3,0.925984977324263,0.02515589569160998,0.925984977324263,ABBY_025
0.3714380550751565,3,0.8792517006802721,0.02646683673469388,0.8792517006802721,ABBY_015
0.18867499412007308,2,0.9533021541950113,0.016085600907029478,0.9533021541950113,ABBY_077
-0.0,1,1.0,0.0,1.0,BART_012
0.003999281726609201,2,0.9995393990929705,0.00042517006802721087,0.9995393990929705,BART_001
0.02028458805428382,2,0.9970238095238095,0.0010274943310657595,0.9970238095238095,BART_005
0.06489434981628792,2,0.9880243764172335,0.002090419501133787,0.9880243764172335,BART_044
0.018831926905291663,2,0.9972718253968254,0.001913265306122449,0.9972718253968254,BART_037
0.2000893567791173,4,0.954046201814059,0.009034863945578231,0.954046201814059,BART_073
0.01047914287917352,2,0.9986181972789115,0.00116921768707483,0.9986181972789115,BART_074
0.11159887695572777,3,0.9771471088435374,0.003737953514739229,0.9771471088435374,BART_075
0.15850951002283598,3,0.9638251133786848,0.005314625850340136,0.9638251133786848,BART_042
0.11306888979679323,3,0.9767573696145124,0.003950538548752835,0.9767573696145124,BART_072
0.1071561174609725,3,0.9781746031746031,0.003171060090702948,0.9781746031746031,BART_046
0.11491306121808344,3,0.9761196145124716,0.0042694160997732425,0.9761196145124716,BART_036
0.15640002044079895,3,0.9644628684807256,0.005208333333333333,0.9644628684807256,BART_051
0.16277947762818112,4,0.9661281179138322,0.009548611111111112,0.9661281179138322,BART_041
0.1400529497764067,4,0.9713364512471655,0.006590136054421769,0.9713364512471655,BART_034
0.18072171797695993,3,0.9575184240362812,0.006944444444444444,0.9575184240362812,BART_039
0.14675496865360896,3,0.9673327664399093,0.00481859410430839,0.9673327664399093,BART_050
0.19296577621076783,3,0.9529478458049887,0.009300595238095238,0.9529478458049887,BART_040
0.21199444677968657,4,0.9492984693877551,0.01123157596371882,0.9492984693877551,BART_071
0.08542694669111156,4,0.9849773242630385,0.006271258503401361,0.9849773242630385,BART_070
0.03368978614227102,2,0.9945790816326531,0.0021435657596371883,0.9945790816326531,BART_033
0.1886153640881192,3,0.954329648526077,0.008680555555555556,0.954329648526077,BART_047
0.2193738925244871,4,0.9507511337868481,0.014012896825396826,0.9507511337868481,BART_032
-0.0,1,1.0,0.0,1.0,BART_015
0.004538484257718881,2,0.999468537414966,0.0005314625850340137,0.999468537414966,BART_016
0.006610565549978654,2,0.9991850907029478,0.000584608843537415,0.9991850907029478,BART_028
0.09042864232492474,2,0.9819302721088435,0.0042871315192743766,0.9819302721088435,BART_010
-0.0,1,1.0,0.0,1.0,BART_013
0.013616823081383258,3,0.9981575963718821,0.0009566326530612245,0.9981575963718821,BART_026
0.06591699694519332,3,0.9878472222222222,0.004233985260770975,0.9878472222222222,BART_006
0.004804453365237042,2,0.9994331065759637,0.00021258503401360543,0.9994331065759637,BART_023
-0.0,1,1.0,0.0,1.0,BART_002
0.07544539976382858,2,0.985579648526077,0.003755668934240363,0.985579648526077,BART_018
-0.0,1,1.0,0.0,1.0,BART_003
0.00809677678438888,2,0.9989725056689343,0.00033659297052154196,0.9989725056689343,BART_024
0.0055895654021814525,2,0.999326814058957,0.0005668934240362812,0.999326814058957,BART_011
0.03791695405350521,3,0.9937996031746031,0.0017715419501133788,0.9937996031746031,BART_025
0.006861776222641374,2,0.9991496598639455,0.0006909013605442177,0.9991496598639455,BART_007
-0.0,1,1.0,0.0,1.0,BART_027
0.00039852289693798054,2,0.9999645691609977,7.086167800453515e-05,0.9999645691609977,BART_004
0.3062967869523595,4,0.9293509070294784,0.030789399092970522,0.9293509070294784,BART_019
1.2022756763487887,5,0.36486678004535145,0.058159722222222224,0.30711451247165533,BLAN_042
1.204488584268019,5,0.3343962585034014,0.058407738095238096,0.31048044217687076,BLAN_056
1.1918821625441725,5,0.368516156462585,0.05870890022675737,0.30853174603174605,BLAN_034
1.1989379383798477,5,0.37223639455782315,0.06136621315192744,0.29088718820861675,BLAN_043
1.195446707139839,5,0.3893494897959184,0.05699050453514739,0.31526360544217685,BLAN_046
1.2034118120123234,5,0.35168650793650796,0.059010062358276646,0.30481150793650796,BLAN_045
1.1823104601624033,5,0.4178004535147392,0.05546697845804989,0.313031462585034,BLAN_059
1.1953634186383784,5,0.39027069160997735,0.057787698412698416,0.3082128684807256,BLAN_039
1.20068131298299,5,0.34371456916099774,0.06283659297052155,0.28808815192743764,BLAN_033
1.1899295671735894,5,0.3971797052154195,0.05916950113378685,0.28663548752834467,BLAN_051
1.1837337552178282,5,0.4178713151927438,0.05670705782312925,0.3035359977324263,BLAN_054
1.2038187673940781,5,0.3469033446712018,0.060710742630385485,0.3030753968253968,BLAN_031
1.2057734181014108,5,0.35487528344671204,0.06154336734693878,0.2960955215419501,BLAN_049
1.189535574048,5,0.4027777777777778,0.058514030612244895,0.2933319160997732,BLAN_060
1.198975804117481,5,0.396187641723356,0.054297760770975055,0.3167871315192744,BLAN_035
1.1986057056935917,5,0.37850765306122447,0.05927579365079365,0.30172902494331066,BLAN_038
1.20552742656462,5,0.3605796485260771,0.060870181405895694,0.2970875850340136,BLAN_040
1.1908067982501604,5,0.3802083333333333,0.06040958049886622,0.3014810090702948,BLAN_037
1.1965833790567546,5,0.3585955215419501,0.058088860544217684,0.319515306122449,BLAN_044
1.2058917073323847,5,0.33202239229024944,0.05792942176870748,0.3171768707482993,BLAN_050
1.1972087656741341,5,0.36267006802721086,0.05863803854875283,0.3123582766439909,BLAN_052
1.0960314955952382,5,0.4328231292517007,0.04616638321995465,0.37057114512471656,BLAN_048
1.098805841527092,5,0.440547052154195,0.053589143990929705,0.33411281179138325,BLAN_055
1.2078146866416566,5,0.37797619047619047,0.05286281179138322,0.32475907029478457,BLAN_057
1.2080385353743177,5,0.32982568027210885,0.056565334467120185,0.31965702947845803,BLAN_032
1.0852403678209013,5,0.447562358276644,0.04953231292517007,0.35037556689342403,BLAN_036
1.1339274897208254,5,0.41163548752834467,0.05277423469387755,0.3428642290249433,BLAN_047
1.1263259590174715,5,0.41361961451247165,0.048487103174603176,0.3638392857142857,BLAN_063
0.6736429537614507,6,0.7822774943310657,0.02662627551020408,0.7822774943310657,BLAN_005
0.8016118771365681,6,0.7513818027210885,0.02891156462585034,0.7513818027210885,BLAN_017
0.7363442325816583,6,0.7372448979591837,0.03162202380952381,0.7372448979591837,BLAN_011
0.7127972718590287,4,0.7551729024943311,0.024854733560090703,0.7551729024943311,BLAN_068
0.8078428715846846,4,0.7186791383219955,0.03169288548752835,0.7186791383219955,BLAN_016
0.8005232285695938,6,0.7091482426303855,0.032082624716553286,0.7091482426303855,BLAN_001
0.9720465950660822,4,0.6463293650793651,0.04125921201814059,0.6463293650793651,BLAN_008
0.8010762020778888,4,0.7451814058956916,0.03450963718820862,0.7451814058956916,BLAN_003
0.8838985151991967,6,0.6680839002267573,0.04242842970521542,0.6680839002267573,BLAN_018
0.7336975773344148,5,0.7476615646258503,0.026785714285714284,0.7476615646258503,BLAN_004
0.8578664644810369,6,0.6742134353741497,0.0389030612244898,0.6742134353741497,BLAN_014
0.8729946008322924,5,0.5023384353741497,0.048770549886621314,0.5023384353741497,BLAN_020
1.0153842528011021,4,0.6135558390022676,0.04474914965986394,0.6135558390022676,BLAN_006
0.8998710006547537,4,0.7016369047619048,0.03178146258503401,0.7016369047619048,BLAN_007
0.8294054449661483,5,0.7080498866213152,0.03411989795918367,0.7080498866213152,BLAN_010
0.8923203305711497,6,0.6589781746031746,0.04285359977324263,0.6589781746031746,BLAN_012
0.8720512526074757,4,0.7234623015873016,0.03022250566893424,0.7234623015873016,BLAN_013
0.808100237369757,6,0.6978812358276644,0.036741780045351474,0.6978812358276644,BLAN_015
0.8165890674577512,6,0.7086167800453514,0.034102182539682536,0.7086167800453514,BLAN_009
1.2118161403953993,5,0.35299744897959184,0.05548469387755102,0.31682256235827666,BLAN_053
1.0687675228657376,5,0.4562074829931973,0.05100269274376417,0.34559240362811794,BLAN_041
1.2022994279446952,5,0.34236819727891155,0.05895691609977324,0.307468820861678,BLAN_064
0.7104255518108995,4,0.7581845238095238,0.02441184807256236,0.7581845238095238,BLAN_019
0.024651749364568407,3,0.9966340702947846,0.002320719954648526,0.9966340702947846,GRSM_057
0.025509881959949302,3,0.9964923469387755,0.0021081349206349205,0.9964923469387755,GRSM_048
0.02347941575783196,3,0.9967403628117913,0.002249858276643991,0.9967403628117913,GRSM_059
0.04930243482621707,3,0.9920989229024944,0.005066609977324263,0.9920989229024944,GRSM_054
0.02378473313032495,3,0.9967757936507936,0.0024447278911564627,0.9967757936507936,GRSM_049
0.028657024990212814,3,0.9959608843537415,0.003082482993197279,0.9959608843537415,GRSM_066
0.03506584499644832,3,0.9948270975056689,0.004074546485260771,0.9948270975056689,GRSM_065
0.02906894760297134,3,0.995890022675737,0.003064767573696145,0.995890022675737,GRSM_047
0.030497752966811235,3,0.9956420068027211,0.0026927437641723357,0.9956420068027211,GRSM_063
0.030091520211173402,3,0.9957128684807256,0.0026750283446712016,0.9957128684807256,GRSM_053
0.06583168329364895,3,0.9886267006802721,0.006926729024943311,0.9886267006802721,GRSM_062
0.02378473313032495,3,0.9967757936507936,0.0021435657596371883,0.9967757936507936,GRSM_060
0.03029483189824729,3,0.9956774376417233,0.002728174603174603,0.9956774376417233,GRSM_050
0.026098162030345644,2,0.9959963151927438,0.0029584750566893424,0.9959963151927438,GRSM_051
0.03389142552330353,3,0.9950396825396826,0.0038442460317460315,0.9950396825396826,GRSM_064
0.011110382391294873,3,0.9986536281179138,0.0006023242630385487,0.9986536281179138,GRSM_002
-0.0,1,1.0,0.0,1.0,GRSM_025
-0.0,1,1.0,0.0,1.0,GRSM_016
0.00039852289693798054,2,0.9999645691609977,7.086167800453515e-05,0.9999645691609977,GRSM_017
0.11232768907299923,3,0.9788477891156463,0.0091234410430839,0.9788477891156463,GRSM_004
0.06973122465724413,3,0.9885204081632653,0.006696428571428571,0.9885204081632653,GRSM_001
0.14124416746139234,2,0.9681122448979592,0.007883361678004535,0.9681122448979592,GRSM_012
0.01563991828166994,2,0.9978032879818595,0.001984126984126984,0.9978032879818595,GRSM_008
0.1306889509921677,2,0.9711592970521542,0.008627409297052155,0.9711592970521542,GRSM_003
0.00039852289693798054,2,0.9999645691609977,7.086167800453515e-05,0.9999645691609977,GRSM_019
0.004668655402911608,3,0.999468537414966,0.00038973922902494333,0.999468537414966,GRSM_006
-0.0,1,1.0,0.0,1.0,GRSM_013
0.0027862550789502782,3,0.9997165532879818,0.00031887755102040814,0.9997165532879818,GRSM_015
0.011629515578162225,3,0.9985827664399093,0.0012577947845804989,0.9985827664399093,GRSM_014
0.00039852289693798054,2,0.9999645691609977,5.314625850340136e-05,0.9999645691609977,GRSM_010
0.009538640378442584,2,0.9987599206349206,0.0012755102040816326,0.9987599206349206,GRSM_005
-0.0,1,1.0,0.0,1.0,GRSM_011
0.018831926905291663,2,0.9972718253968254,0.0022675736961451248,0.9972718253968254,GRSM_007
0.04283382218201447,2,0.9927721088435374,0.0037733843537414965,0.9927721088435374,GRSM_009
0.028657024990212814,3,0.9959608843537415,0.0024447278911564627,0.9959608843537415,GRSM_055
0.0013976137659666345,2,0.999858276643991,0.00017715419501133787,0.999858276643991,GRSM_018
0.03349737266283168,3,0.9951105442176871,0.0031179138321995466,0.9951105442176871,GRSM_061
0.02699177478980724,3,0.9962443310657596,0.002976190476190476,0.9962443310657596,GRSM_056
0.05639416299788541,3,0.9906462585034014,0.005704365079365079,0.9906462585034014,GRSM_058
0.059923439561809046,3,0.9899022108843537,0.00598781179138322,0.9899022108843537,GRSM_052
0.693094952328406,4,0.7249858276643991,0.019168083900226757,0.7249858276643991,HARV_013
0.18644911128713343,5,0.9582624716553289,0.013623157596371883,0.9582624716553289,HARV_022
0.08129169604346537,4,0.9872448979591837,0.006412981859410431,0.9872448979591837,HARV_008
0.213250401759997,5,0.9535856009070295,0.01225907029478458,0.9535856009070295,HARV_004
0.3018008807928504,4,0.9313350340136054,0.015625,0.9313350340136054,HARV_024
0.3642448173875816,4,0.8854166666666666,0.008078231292517007,0.8854166666666666,HARV_010
0.607296495209257,4,0.7332057823129252,0.006838151927437642,0.7332057823129252,HARV_006
0.6657168076999522,4,0.6535572562358276,0.011816184807256236,0.6535572562358276,HARV_001
0.5496307029439932,4,0.8048115079365079,0.009389172335600908,0.8048115079365079,HARV_005
0.5228151269351362,4,0.7862457482993197,0.0062535430839002265,0.7862457482993197,HARV_027
0.024408000854312835,3,0.9963860544217688,0.0013109410430839003,0.9963860544217688,HARV_043
0.02332958370767076,2,0.9964923469387755,0.00116921768707483,0.9964923469387755,HARV_035
0.02332958370767076,2,0.9964923469387755,0.00116921768707483,0.9964923469387755,HARV_037
0.047311702371356165,2,0.9918509070294784,0.005580357142857143,0.9918509070294784,HARV_020
0.8787730848449397,4,0.6292162698412699,0.028362386621315194,0.6292162698412699,HARV_023
0.26045561330211464,4,0.9457553854875284,0.008503401360544218,0.9457553854875284,HARV_014
0.037604280464838734,3,0.9942247732426304,0.0020372732426303854,0.9942247732426304,HARV_011
0.4520757586378889,5,0.8423681972789115,0.006572420634920635,0.8423681972789115,HARV_025
0.13228412602028664,4,0.9759070294784581,0.007475907029478458,0.9759070294784581,HARV_002
0.039487429330366204,2,0.9934452947845805,0.004251700680272109,0.9934452947845805,HARV_012
0.12503834918832413,4,0.9754818594104309,0.0037025226757369614,0.9754818594104309,HARV_026
0.11288683390594316,3,0.9791312358276644,0.008290816326530613,0.9791312358276644,HARV_016
0.03757063790863879,3,0.9944019274376418,0.002090419501133787,0.9944019274376418,HARV_039
0.4392971960155385,4,0.8971797052154195,0.015412414965986394,0.8971797052154195,HARV_021
0.22184186386360566,5,0.9426020408163265,0.01787485827664399,0.9426020408163265,HARV_045
0.01756885046051945,2,0.997484410430839,0.0006554705215419502,0.997484410430839,HARV_041
0.02332958370767076,2,0.9964923469387755,0.00116921768707483,0.9964923469387755,HARV_038
0.007359822762110677,2,0.999078798185941,0.000496031746031746,0.999078798185941,HARV_050
0.02332958370767076,2,0.9964923469387755,0.00116921768707483,0.9964923469387755,HARV_048
0.13711059595402386,4,0.9696003401360545,0.010930413832199547,0.9696003401360545,HARV_036
0.024408000854312835,3,0.9963860544217688,0.0013109410430839003,0.9963860544217688,HARV_052
0.03919407751268147,3,0.9940830498866213,0.0015412414965986394,0.9940830498866213,HARV_049
0.02787531052776337,4,0.9961026077097506,0.0020372732426303854,0.9961026077097506,HARV_047
0.011181048815071239,4,0.9986890589569161,0.0007971938775510204,0.9986890589569161,HARV_044
0.033472176285680846,4,0.9951105442176871,0.002054988662131519,0.9951105442176871,HARV_040
0.021716495530386324,2,0.9967757936507936,0.0009566326530612245,0.9967757936507936,HARV_046
0.03308132542480715,4,0.9951814058956916,0.002303004535147392,0.9951814058956916,HARV_033
0.0296133621228937,3,0.9958191609977324,0.001417233560090703,0.9958191609977324,HARV_051
0.003677497679391233,3,0.999610260770975,0.00030116213151927437,0.999610260770975,HARV_034
0.013215654356016758,4,0.9983701814058957,0.0008857709750566894,0.9983701814058957,HARV_042
0.03756497837592805,3,0.9941893424036281,0.00182468820861678,0.9941893424036281,HARV_015
0.08208166507102976,4,0.9850836167800453,0.004942602040816327,0.9850836167800453,HARV_017
0.8445728478220759,3,0.6221655328798186,0.07465277777777778,0.6221655328798186,JERC_002
0.8936909347998923,4,0.5470875850340136,0.07796556122448979,0.5470875850340136,JERC_015
0.6874791115724398,4,0.7770691609977324,0.05318168934240363,0.7770691609977324,JERC_007
0.6382536609853408,5,0.7977607709750567,0.04942602040816327,0.7977607709750567,JERC_001
0.4036216225784431,6,0.8872945011337868,0.04322562358276644,0.8872945011337868,JERC_010
0.8275092246263611,4,0.6415107709750567,0.06776147959183673,0.6415107709750567,JERC_009
0.8604097611962703,3,0.5994897959183674,0.08087089002267574,0.5994897959183674,JERC_029
0.7425174549002218,4,0.734906462585034,0.06471442743764172,0.734906462585034,JERC_021
0.7344692668010453,3,0.7225765306122449,0.05614016439909297,0.7225765306122449,JERC_011
0.525430675775509,6,0.8386479591836735,0.05415603741496599,0.8386479591836735,JERC_040
1.0493237283369012,6,0.4418579931972789,0.10363520408163265,0.4289965986394558,JERC_035
0.7829371672112989,3,0.6263109410430839,0.07114512471655329,0.6263109410430839,JERC_033
0.6628675414334904,4,0.7718962585034014,0.050860969387755105,0.7718962585034014,JERC_019
0.5100985669044011,4,0.856327947845805,0.019912131519274377,0.856327947845805,JERC_030
0.7443815121649763,5,0.7381306689342404,0.03739725056689342,0.7381306689342404,JERC_034
0.6555841287163173,3,0.7776360544217688,0.04767219387755102,0.7776360544217688,JERC_036
0.7503891528939447,4,0.7238874716553289,0.023632369614512472,0.7238874716553289,JERC_028
0.7795735347360871,4,0.7237457482993197,0.05792942176870748,0.7237457482993197,JERC_044
0.7603093905715612,4,0.7325680272108843,0.050258645124716554,0.7325680272108843,JERC_016
0.9156078371171946,4,0.5565476190476191,0.026892006802721087,0.5565476190476191,JERC_038
0.9203150367561151,4,0.48334750566893425,0.09298823696145125,0.48334750566893425,JERC_006
0.7174917583660626,5,0.7649163832199547,0.03560799319727891,0.7649163832199547,JERC_041
0.7056537112496953,5,0.7433390022675737,0.05986040249433107,0.7433390022675737,JERC_031
0.4461712378586389,5,0.8707128684807256,0.04751275510204082,0.8707128684807256,JERC_042
0.86016550116221,6,0.5838647959183674,0.07771754535147392,0.5838647959183674,JERC_008
0.881754110091832,6,0.5855300453514739,0.07612315759637188,0.5855300453514739,JERC_005
0.5597575074516257,4,0.833156179138322,0.047282454648526075,0.833156179138322,JERC_003
0.5103253603971614,6,0.845875850340136,0.053323412698412696,0.845875850340136,JERC_022
0.695271481961598,4,0.7464923469387755,0.059807256235827666,0.7464923469387755,JERC_013
0.7819635859476566,3,0.6969246031746031,0.06956845238095238,0.6969246031746031,JERC_066
0.6552025617022565,4,0.7651998299319728,0.059559240362811794,0.7651998299319728,JERC_065
0.43092242056134167,4,0.8512259070294784,0.05181760204081633,0.8512259070294784,JERC_054
0.7184115814153995,4,0.7329577664399093,0.0637046485260771,0.7329577664399093,JERC_051
0.6074976872505329,4,0.7796201814058957,0.05899234693877551,0.7796201814058957,JERC_062
0.5369809820764332,4,0.8186649659863946,0.05704365079365079,0.8186649659863946,JERC_047
0.3132669116104147,3,0.9090136054421769,0.04001913265306122,0.9090136054421769,JERC_057
0.6695395510819231,4,0.7581845238095238,0.06407667233560091,0.7581845238095238,JERC_060
0.5691564616520721,4,0.8067602040816326,0.05268565759637188,0.8067602040816326,JERC_064
0.5377976041019703,4,0.8053075396825397,0.05674248866213152,0.8053075396825397,JERC_050
0.8206477070292356,3,0.637719671201814,0.07397959183673469,0.637719671201814,JERC_053
0.7893643392455236,3,0.6874645691609977,0.06992276077097506,0.6874645691609977,JERC_049
0.7462196480849586,4,0.7051799886621315,0.06418296485260772,0.7051799886621315,JERC_061
0.8571622559477119,3,0.6179846938775511,0.07412131519274376,0.6179846938775511,JERC_058
0.858874003432702,3,0.639172335600907,0.07362528344671201,0.639172335600907,JERC_048
0.8520826556121426,3,0.6390660430839002,0.07208404195011338,0.6390660430839002,JERC_063
0.8053979658519362,3,0.6696782879818595,0.06859410430839002,0.6696782879818595,JERC_052
0.8273967768112958,3,0.6685799319727891,0.07474135487528345,0.6685799319727891,JERC_059
0.7034566348596846,4,0.7250212585034014,0.06106505102040816,0.7250212585034014,JERC_056
0.7680447179022664,3,0.6769416099773242,0.06854095804988662,0.6769416099773242,JERC_055
0.7443164623543959,4,0.6955782312925171,0.0642361111111111,0.6955782312925171,JERC_004
0.907813275796704,5,0.588187358276644,0.07713293650793651,0.588187358276644,JERC_014
0.9661227061210209,6,0.47558815192743764,0.09702735260770975,0.4255598072562358,JERC_012
0.06467805051645949,4,0.9897604875283447,0.005633503401360544,0.9897604875283447,MLBS_076
0.07162905984103352,4,0.9883078231292517,0.006324404761904762,0.9883078231292517,MLBS_061
0.07179547313372811,4,0.9882723922902494,0.006731859410430839,0.9882723922902494,MLBS_064
0.05360746566551228,4,0.9919571995464853,0.00467687074829932,0.9919571995464853,MLBS_075
0.05061550658718082,4,0.9925240929705216,0.00416312358276644,0.9925240929705216,MLBS_065
0.028639001444775117,4,0.9962443310657596,0.0019664115646258504,0.9962443310657596,MLBS_062
0.03571895618410882,4,0.9951459750566893,0.002976190476190476,0.9951459750566893,MLBS_069
0.027381976154617287,4,0.996421485260771,0.0017892573696145124,0.996421485260771,MLBS_063
0.03007372334026885,4,0.996031746031746,0.002161281179138322,0.996031746031746,MLBS_073
0.0352832419369738,4,0.9952168367346939,0.0028521825396825395,0.9952168367346939,MLBS_074
0.03007372334026885,4,0.996031746031746,0.002161281179138322,0.996031746031746,MLBS_066
0.028639001444775117,4,0.9962443310657596,0.0019664115646258504,0.9962443310657596,MLBS_067
0.035501394961915136,4,0.9951814058956916,0.002923044217687075,0.9951814058956916,MLBS_071
0.04241507666755655,4,0.9940121882086168,0.003224206349206349,0.9940121882086168,MLBS_072
0.028639001444775117,4,0.9962443310657596,0.0019664115646258504,0.9962443310657596,MLBS_070
0.021594208958038413,4,0.9972009637188208,0.0013995181405895693,0.9972009637188208,MLBS_068
0.07623732673650949,4,0.9873157596371882,0.0069975907029478455,0.9873157596371882,MLBS_009
0.14556123426870884,4,0.9714781746031746,0.0055272108843537416,0.9714781746031746,MLBS_010
0.03350500201169773,2,0.9946145124716553,0.003472222222222222,0.9946145124716553,MLBS_005
0.17725088677216094,5,0.96609268707483,0.006979875283446712,0.96609268707483,MLBS_003
0.18920427885190214,5,0.9572704081632653,0.008715986394557822,0.9572704081632653,MLBS_019
0.0023070173094150957,2,0.9997519841269841,0.00035430839002267573,0.9997519841269841,MLBS_016
0.0031693472543549584,2,0.9996456916099773,0.000248015873015873,0.9996456916099773,MLBS_015
-0.0,1,1.0,0.0,1.0,MLBS_014
0.07469588744785088,2,0.9857568027210885,0.00233843537414966,0.9857568027210885,MLBS_001
0.11891271791037425,4,0.9766865079365079,0.004322562358276644,0.9766865079365079,MLBS_017
0.008822704022920352,2,0.9988662131519275,0.0007794784580498867,0.9988662131519275,MLBS_011
0.006103447473937121,2,0.9992559523809523,0.00042517006802721087,0.9992559523809523,MLBS_012
0.07112897318105062,4,0.9884141156462585,0.0055094954648526075,0.9884141156462585,MLBS_002
0.015856420378678807,2,0.9977678571428571,0.0016121031746031745,0.9977678571428571,MLBS_004
-0.0,1,1.0,0.0,1.0,MLBS_018
-0.0,1,1.0,0.0,1.0,MLBS_008
0.05967506342657706,2,0.9891935941043084,0.0042694160997732425,0.9891935941043084,MLBS_007
0.05034945543460005,2,0.9912131519274376,0.004357993197278911,0.9912131519274376,MLBS_006
0.037158071076058,2,0.99390589569161,0.0035430839002267575,0.99390589569161,MLBS_020
0.06923166175298065,2,0.98703231292517,0.004180839002267574,0.98703231292517,MLBS_013
1.0253633324433236,6,0.6478883219954649,0.05229591836734694,0.6478883219954649,ORNL_002
0.19621881767183186,5,0.9608134920634921,0.011656746031746032,0.9608134920634921,ORNL_003
0.6309246120793288,5,0.8316680839002267,0.04710530045351474,0.8316680839002267,ORNL_009
0.8547352647434762,5,0.6805201247165533,0.04327876984126984,0.6805201247165533,ORNL_021
1.000604767311023,6,0.6067531179138322,0.053695436507936505,0.6067531179138322,ORNL_031
0.4175826269288845,4,0.8752480158730159,0.01651077097505669,0.8752480158730159,ORNL_033
0.9097430200314074,5,0.6169217687074829,0.04133007369614512,0.6169217687074829,ORNL_066
0.8897502816190608,5,0.6429634353741497,0.04074546485260771,0.6429634353741497,ORNL_044
0.6920132411020096,5,0.6896967120181405,0.0183000283446712,0.6896967120181405,ORNL_012
0.6815967496155939,6,0.7253755668934241,0.015908446712018142,0.7253755668934241,ORNL_004
0.7813639575128577,5,0.563562925170068,0.017183956916099773,0.563562925170068,ORNL_001
0.5991561169902518,6,0.7610898526077098,0.015323837868480726,0.7610898526077098,ORNL_027
0.5286307158675488,4,0.8548044217687075,0.0429953231292517,0.8548044217687075,ORNL_014
0.4136348644745539,4,0.8968962585034014,0.022498582766439908,0.8968962585034014,ORNL_029
0.45702548909209706,4,0.8635558390022676,0.03619260204081633,0.8635558390022676,ORNL_007
0.3346107135954429,5,0.9234339569160998,0.029212726757369613,0.9234339569160998,ORNL_006
0.1512398593333972,3,0.9684311224489796,0.013747165532879819,0.9684311224489796,ORNL_008
0.23475229339026404,5,0.9530895691609977,0.013995181405895691,0.9530895691609977,ORNL_035
0.01617288622893126,3,0.9979450113378685,0.0016298185941043084,0.9979450113378685,ORNL_010
0.23255834098174577,5,0.9545068027210885,0.022480867346938774,0.9545068027210885,ORNL_032
0.12477751969720746,5,0.9766865079365079,0.008255385487528345,0.9766865079365079,ORNL_055
0.1120702691259376,3,0.9775368480725624,0.009176587301587302,0.9775368480725624,ORNL_062
0.31412748909515165,4,0.9158517573696145,0.01744968820861678,0.9158517573696145,ORNL_063
0.34190333635222797,4,0.9044075963718821,0.016865079365079364,0.9044075963718821,ORNL_049
0.2084183944950828,4,0.9519912131519275,0.013038548752834467,0.9519912131519275,ORNL_052
0.8149764304441564,5,0.7362882653061225,0.051569586167800455,0.7362882653061225,ORNL_059
0.738592500618255,5,0.7728174603174603,0.04092261904761905,0.7728174603174603,ORNL_036
0.7823340566522242,5,0.7505668934240363,0.04784934807256236,0.7505668934240363,ORNL_053
0.6905049115483668,5,0.7901431405895691,0.04063917233560091,0.7901431405895691,ORNL_046
0.6557961489917489,5,0.8070790816326531,0.041383219954648526,0.8070790816326531,ORNL_043
0.5514173631933373,5,0.8464781746031746,0.0337124433106576,0.8464781746031746,ORNL_058
0.515026728724222,5,0.863874716553288,0.03298611111111111,0.863874716553288,ORNL_060
0.2319123203200183,4,0.9503259637188208,0.013038548752834467,0.9503259637188208,ORNL_056
0.3435931329203752,4,0.9146825396825397,0.01734339569160998,0.9146825396825397,ORNL_037
0.4169380806984747,4,0.8797477324263039,0.020372732426303854,0.8797477324263039,ORNL_057
0.37675392447448136,5,0.9101119614512472,0.02053217120181406,0.9101119614512472,ORNL_051
0.6426893589822474,5,0.8107993197278912,0.034633645124716554,0.8107993197278912,ORNL_061
0.8112009344992847,5,0.748015873015873,0.051569586167800455,0.748015873015873,ORNL_054
0.8028558406089341,5,0.7495748299319728,0.04811507936507937,0.7495748299319728,ORNL_045
0.7595737417240713,5,0.7676799886621315,0.049107142857142856,0.7676799886621315,ORNL_050
0.07584488910202966,4,0.987280328798186,0.004606009070294784,0.987280328798186,ORNL_017
0.8440650900558937,6,0.7095734126984127,0.026218820861678004,0.7095734126984127,ORNL_068
0.21742110451239313,4,0.9564554988662132,0.024943310657596373,0.9564554988662132,ORNL_019
0.8899690198197558,5,0.6786777210884354,0.03530683106575964,0.6786777210884354,ORNL_018
0.10499193724281503,3,0.9812925170068028,0.011656746031746032,0.9812925170068028,ORNL_067
0.19390827020956972,5,0.9621598639455783,0.01328656462585034,0.9621598639455783,ORNL_015
0.6858395941392292,5,0.7716128117913832,0.055679563492063495,0.7716128117913832,OSBS_002
0.7215406529064791,4,0.5063421201814059,0.09383857709750566,0.48915816326530615,OSBS_006
0.9022781522977941,5,0.5435445011337868,0.048061933106575964,0.5435445011337868,OSBS_048
0.5420025161590132,5,0.8383999433106576,0.03784013605442177,0.8383999433106576,OSBS_001
0.8442021815391868,4,0.6326176303854876,0.04019628684807256,0.6326176303854876,OSBS_018
0.8603648117744339,6,0.6813350340136054,0.06342120181405896,0.6813350340136054,OSBS_011
0.7062258965899102,5,0.7258007369614512,0.049975198412698416,0.7258007369614512,OSBS_014
0.707829155851063,4,0.5998795351473923,0.06473214285714286,0.5998795351473923,OSBS_004
0.9124432172050095,4,0.47385204081632654,0.052101048752834465,0.4679705215419501,OSBS_020
0.934480763389323,7,0.6561437074829932,0.06432468820861678,0.6561437074829932,OSBS_023
0.6519554335858697,5,0.6624149659863946,0.07059594671201815,0.6624149659863946,OSBS_049
0.8117286586351177,5,0.6922123015873016,0.048239087301587304,0.6922123015873016,OSBS_003
0.8181620241889073,6,0.7101403061224489,0.0547406462585034,0.7101403061224489,OSBS_012
0.7067238330952642,5,0.6104024943310657,0.06707057823129252,0.6104024943310657,OSBS_013
0.9336716797381046,7,0.6677295918367347,0.06299603174603174,0.6677295918367347,OSBS_024
0.7339754520976888,5,0.6723001700680272,0.06469671201814059,0.6723001700680272,OSBS_016
0.7603921732721648,3,0.505031179138322,0.06862953514739228,0.47994614512471656,OSBS_008
0.7234910685651287,4,0.7193168934240363,0.03530683106575964,0.7193168934240363,OSBS_010
0.8491307716187653,4,0.5193806689342404,0.0545812074829932,0.5193806689342404,OSBS_051
0.758672991510531,3,0.5241638321995464,0.08611465419501134,0.46081349206349204,OSBS_050
0.6211100487442626,5,0.728812358276644,0.05796485260770975,0.728812358276644,OSBS_007
0.339626961112131,6,0.9148951247165533,0.032879818594104306,0.9148951247165533,OSBS_005
0.6958925714563724,5,0.7733843537414966,0.03279124149659864,0.7733843537414966,OSBS_017
0.7076190432247169,4,0.5883999433106576,0.09408659297052155,0.4065688775510204,OSBS_043
0.6267617117069423,5,0.7216198979591837,0.053075396825396824,0.7216198979591837,OSBS_022
0.7991963024497573,3,0.5133574263038548,0.0755031179138322,0.45890022675736963,OSBS_039
0.7430344330116633,3,0.6083475056689343,0.08710671768707483,0.3734764739229025,OSBS_036
0.7493503191578041,4,0.5523667800453514,0.08306760204081633,0.4348781179138322,OSBS_029
0.7209918240652022,4,0.6049107142857143,0.09734623015873016,0.38552295918367346,OSBS_040
0.23294390450572156,6,0.9503968253968254,0.01645762471655329,0.9503968253968254,OSBS_015
0.7773295278196994,3,0.5290532879818595,0.07543225623582767,0.4499362244897959,OSBS_025
0.7580986438743494,3,0.5943523242630385,0.07658375850340136,0.38456632653061223,OSBS_030
0.7739844733462162,3,0.5482922335600907,0.07645975056689343,0.43052012471655327,OSBS_038
0.7806555509940966,3,0.5124716553287982,0.07114512471655329,0.5124716553287982,OSBS_042
0.7133688746345632,3,0.6130598072562359,0.07546768707482993,0.3770549886621315,OSBS_035
0.6792142115957821,3,0.6298185941043084,0.08165036848072563,0.3666028911564626,OSBS_037
0.6711488834326298,3,0.6252480158730159,0.07835530045351474,0.3732638888888889,OSBS_028
0.7189356740967314,5,0.7504251700680272,0.049550028344671204,0.7504251700680272,OSBS_021
0.7053254688716435,3,0.6280824829931972,0.08071145124716553,0.3621031746031746,OSBS_041
0.3391794688318345,4,0.9184027777777778,0.020461309523809524,0.9184027777777778,OSBS_009
0.7394191500449558,3,0.6303500566893424,0.09162414965986394,0.3486394557823129,OSBS_031
0.7227089869219068,4,0.6027140022675737,0.09780683106575963,0.387577947845805,OSBS_033
0.742684998873619,3,0.6247165532879818,0.09203160430839002,0.35427295918367346,OSBS_032
0.7415304162485861,3,0.6267361111111112,0.08482142857142858,0.3522534013605442,OSBS_044
0.7617063315455519,3,0.5851757369614512,0.07729237528344671,0.3938137755102041,OSBS_027
0.6935658550291582,3,0.5796839569160998,0.1000921201814059,0.41822562358276644,OSBS_034
0.8078436052227672,3,0.49610260770975056,0.07091482426303855,0.47353316326530615,OSBS_026
0.6784531812246811,4,0.6011904761904762,0.07647746598639456,0.6011904761904762,OSBS_063
0.882292371804026,4,0.5539257369614512,0.07312925170068027,0.5539257369614512,OSBS_067
0.22325707522603783,6,0.949015022675737,0.016404478458049886,0.949015022675737,OSBS_066
0.8979438901340862,4,0.48433956916099774,0.08758503401360544,0.48433956916099774,OSBS_068
0.7239996466155304,4,0.5750425170068028,0.09660218253968254,0.4170564058956916,OSBS_070
0.6758511198891699,5,0.7860685941043084,0.036210317460317464,0.7860685941043084,OSBS_073
0.6937178033360123,6,0.7585388321995464,0.04494401927437642,0.7585388321995464,RMNP_043
0.6593671462772885,6,0.7790178571428571,0.042446145124716554,0.7790178571428571,RMNP_042
0.6377896338601217,5,0.7917729591836735,0.041985544217687076,0.7917729591836735,RMNP_041
0.7388939715147592,7,0.7162698412698413,0.04490858843537415,0.7162698412698413,RMNP_048
0.7469315713522012,6,0.7096797052154195,0.04685728458049886,0.7096797052154195,RMNP_049
0.7197911659060199,6,0.736500850340136,0.04598922902494331,0.736500850340136,RMNP_046
0.7273431094030647,7,0.7200609410430839,0.042959892290249435,0.7200609410430839,RMNP_047
0.7094147543481165,6,0.7449333900226758,0.044288548752834465,0.7449333900226758,RMNP_045
0.6984029734111485,6,0.7492913832199547,0.04241071428571429,0.7492913832199547,RMNP_044
0.43540874159893234,6,0.8530328798185941,0.02947845804988662,0.8530328798185941,RMNP_013
0.38256293597434937,5,0.874858276643991,0.03167517006802721,0.874858276643991,RMNP_003
0.3164000655781032,3,0.9040532879818595,0.02457128684807256,0.9040532879818595,RMNP_009
0.5664891472209312,4,0.7522321428571429,0.038584183673469385,0.7522321428571429,RMNP_011
0.34708614266563503,6,0.8992346938775511,0.024358701814058956,0.8992346938775511,RMNP_019
0.01628774233302877,2,0.9976969954648526,0.001328656462585034,0.9976969954648526,RMNP_015
0.4102204767015748,3,0.8577097505668935,0.020886479591836735,0.8577097505668935,RMNP_002
0.2053233695582346,2,0.9476686507936508,0.0078125,0.9476686507936508,RMNP_020
0.22318440110841625,4,0.9491921768707483,0.021045918367346938,0.9491921768707483,RMNP_016
0.2511352201638703,6,0.9361181972789115,0.01721938775510204,0.9361181972789115,RMNP_017
0.05938211373598299,4,0.9898667800453514,0.0045174319727891155,0.9898667800453514,RMNP_005
0.0655189060060854,2,0.9878826530612245,0.004747732426303855,0.9878826530612245,RMNP_001
-0.0,1,1.0,0.0,1.0,RMNP_014
0.0602043039838505,4,0.9896896258503401,0.004747732426303855,0.9896896258503401,RMNP_008
-0.0,1,1.0,0.0,1.0,RMNP_012
-0.0,1,1.0,0.0,1.0,RMNP_018
0.0033857816017383528,3,0.9996456916099773,0.00030116213151927437,0.9996456916099773,RMNP_006
0.05889780143151559,4,0.9905399659863946,0.003330498866213152,0.9905399659863946,RMNP_004
0.07815327919353736,5,0.9864654195011338,0.00612953514739229,0.9864654195011338,RMNP_010
0.0796096849058659,4,0.9862882653061225,0.00533234126984127,0.9862882653061225,RMNP_007
0.5626660339042845,3,0.8016581632653061,0.022002551020408163,0.8016581632653061,SCBI_008
0.13292446812757078,4,0.971265589569161,0.005916950113378685,0.971265589569161,SCBI_004
0.4204481720470691,4,0.8582412131519275,0.018105158730158732,0.8582412131519275,SCBI_015
0.2854134665860407,5,0.923859126984127,0.013073979591836735,0.923859126984127,SCBI_017
0.510554817387175,4,0.8060515873015873,0.021081349206349208,0.8060515873015873,SCBI_013
0.23463739589878638,4,0.9398030045351474,0.00790107709750567,0.9398030045351474,SCBI_007
0.4395393257965489,5,0.858170351473923,0.013623157596371883,0.858170351473923,SCBI_018
0.003999281726609201,2,0.9995393990929705,0.0006200396825396825,0.9995393990929705,SCBI_003
0.4655144773665247,5,0.8423327664399093,0.02483701814058957,0.8423327664399093,SCBI_011
0.5130016411992911,4,0.8513676303854876,0.04290674603174603,0.8513676303854876,SCBI_016
-0.0,1,1.0,0.0,1.0,SCBI_002
0.005883183747643526,3,0.999326814058957,0.0004428854875283447,0.999326814058957,SCBI_010
0.25351047240521357,5,0.9398384353741497,0.014420351473922902,0.9398384353741497,SCBI_014
0.46302491810928403,4,0.8587372448979592,0.024854733560090703,0.8587372448979592,SCBI_005
0.2086521418352564,5,0.9485189909297053,0.005633503401360544,0.9485189909297053,SCBI_056
0.18633803229602297,3,0.9550736961451247,0.004712301587301587,0.9550736961451247,SCBI_045
0.27626675406859824,4,0.9244968820861678,0.007989654195011337,0.9244968820861678,SCBI_053
0.2573284591305614,4,0.9323625283446711,0.007316468253968254,0.9323625283446711,SCBI_061
0.15953362004225116,3,0.9633290816326531,0.003578514739229025,0.9633290816326531,SCBI_050
0.09754204872026633,3,0.9801941609977324,0.0027104591836734694,0.9801941609977324,SCBI_057
-0.0,1,1.0,0.0,1.0,SCBI_062
0.0038476380429022226,3,0.9995748299319728,0.00031887755102040814,0.9995748299319728,SCBI_047
0.017899861440252948,3,0.9975198412698413,0.0008680555555555555,0.9975198412698413,SCBI_067
0.03328310621431443,3,0.9947562358276644,0.0009566326530612245,0.9947562358276644,SCBI_066
0.10224994347900579,3,0.9791312358276644,0.0031001984126984125,0.9791312358276644,SCBI_064
0.27484992007956116,4,0.9260204081632653,0.009814342403628117,0.9260204081632653,SCBI_052
0.14684495284456456,3,0.9667304421768708,0.003720238095238095,0.9667304421768708,SCBI_054
0.005329870698692002,2,0.9993622448979592,0.00019486961451247166,0.9993622448979592,SCBI_046
-0.0,1,1.0,0.0,1.0,SCBI_049
-0.0,1,1.0,0.0,1.0,SCBI_063
0.05218264078336365,2,0.9908234126984127,0.0012755102040816326,0.9908234126984127,SCBI_055
0.06250667146859885,3,0.9887329931972789,0.002161281179138322,0.9887329931972789,SCBI_048
0.012544007015816297,2,0.9982993197278912,0.00046060090702947846,0.9982993197278912,SCBI_051
0.2534830024166855,4,0.9334254535147393,0.007511337868480726,0.9334254535147393,SCBI_058
0.8574444331674813,5,0.590171485260771,0.05323483560090703,0.590171485260771,SCBI_034
0.6872228177711617,5,0.7769628684807256,0.03784013605442177,0.7769628684807256,SCBI_038
0.8752015872719674,5,0.5227465986394558,0.05514810090702948,0.5227465986394558,SCBI_033
0.387762817861765,5,0.8798540249433107,0.017715419501133787,0.8798540249433107,SCBI_006
0.7376549842164891,5,0.7472363945578231,0.040674603174603176,0.7472363945578231,SCBI_035
0.785623824484083,5,0.7037627551020408,0.045085742630385485,0.7037627551020408,SCBI_012
0.0023070173094150957,2,0.9997519841269841,0.00046060090702947846,0.9997519841269841,SCBI_071
0.4749507478731728,5,0.8624929138321995,0.026732568027210885,0.8624929138321995,SCBI_019
0.35946594120198583,5,0.9038407029478458,0.02019557823129252,0.9038407029478458,SCBI_021
0.3731042097925589,4,0.8838931405895691,0.015465561224489796,0.8838931405895691,SCBI_023
0.007896415673852774,3,0.999078798185941,0.000744047619047619,0.999078798185941,SCBI_022
0.518007526718912,6,0.8774092970521542,0.023596938775510203,0.8774092970521542,SERC_062
0.46801950350137445,6,0.8927154195011338,0.023154053287981858,0.8927154195011338,SERC_045
0.49076141104116094,6,0.8884282879818595,0.02361465419501134,0.8884282879818595,SERC_051
0.2605131160931843,6,0.9495819160997733,0.019717261904761904,0.9495819160997733,SERC_050
0.40031670735244607,7,0.9104308390022676,0.02545705782312925,0.9104308390022676,SERC_052
0.48019929170088765,5,0.8725552721088435,0.03458049886621315,0.8725552721088435,SERC_058
0.410513040224895,7,0.9044075963718821,0.027565192743764174,0.9044075963718821,SERC_043
0.5703686152301968,5,0.8365575396825397,0.03803500566893424,0.8365575396825397,SERC_055
0.5088171892135626,6,0.861359126984127,0.03521825396825397,0.861359126984127,SERC_048
0.42504325109413266,6,0.891298185941043,0.030629960317460316,0.891298185941043,SERC_060
0.5396284023640346,6,0.8794642857142857,0.024128401360544217,0.8794642857142857,SERC_061
0.46050258495215174,6,0.9041950113378685,0.021683673469387755,0.9041950113378685,SERC_054
0.8121312826780535,6,0.7790532879818595,0.027954931972789115,0.7790532879818595,SERC_059
0.6939189236459602,6,0.815547052154195,0.02970875850340136,0.815547052154195,SERC_046
0.502823123896805,6,0.8887825963718821,0.02272888321995465,0.8887825963718821,SERC_053
0.5850788695502567,6,0.8557256235827665,0.02503188775510204,0.8557256235827665,SERC_044
0.41902992871558115,7,0.9109268707482994,0.022817460317460316,0.9109268707482994,SERC_047
0.3333127265827792,7,0.9296697845804989,0.02246315192743764,0.9296697845804989,SERC_049
0.3385015631987267,6,0.9250283446712018,0.026502267573696146,0.9250283446712018,SERC_057
0.39097622297537277,7,0.9186862244897959,0.021878543083900227,0.9186862244897959,SERC_056
1.1943385044406067,6,0.5824829931972789,0.040267148526077094,0.5824829931972789,SERC_007
1.22809145787934,7,0.521187641723356,0.052791950113378686,0.521187641723356,SERC_018
0.543761961817643,6,0.8549107142857143,0.03690121882086168,0.8549107142857143,SERC_009
1.1658042592766376,7,0.4749858276643991,0.03587372448979592,0.34250992063492064,SERC_008
0.6267579865337132,6,0.810905612244898,0.03325184240362812,0.810905612244898,SERC_011
0.623223396916713,6,0.8345734126984127,0.020921910430839002,0.8345734126984127,SERC_003
0.9946533830147157,5,0.5013109410430839,0.02733489229024943,0.5013109410430839,SERC_006
1.1931730289134561,7,0.5361394557823129,0.04473143424036281,0.5361394557823129,SERC_001
1.2469245574869514,7,0.45656179138321995,0.03746811224489796,0.45656179138321995,SERC_017
0.9305249509018845,5,0.7265802154195011,0.02830924036281179,0.7265802154195011,SERC_019
0.8917588491541432,6,0.7165532879818595,0.05541383219954649,0.7165532879818595,SERC_010
1.1917395687474386,5,0.49890164399092973,0.03309240362811791,0.49890164399092973,SERC_014
0.3014326911571474,6,0.9433460884353742,0.021400226757369613,0.9433460884353742,SERC_012
0.6016725926239067,6,0.8205073696145124,0.028840702947845805,0.8205073696145124,SERC_016
0.7827219011203617,7,0.7768920068027211,0.02221513605442177,0.7768920068027211,SERC_022
0.7855737772217961,7,0.780860260770975,0.02264030612244898,0.780860260770975,SERC_004
0.4236830572764598,7,0.8999433106575964,0.02923044217687075,0.8999433106575964,SERC_021
1.1984787779166381,6,0.6130598072562359,0.03881448412698413,0.6130598072562359,SERC_013
0.6838041358222025,6,0.801906179138322,0.03270266439909297,0.801906179138322,SERC_005
0.33770123876004404,6,0.9286777210884354,0.02400439342403628,0.9286777210884354,SERC_002
0.4454292829244954,7,0.8932468820861678,0.032064909297052156,0.8932468820861678,SERC_067
0.40839988530103644,6,0.9128401360544217,0.02189625850340136,0.9128401360544217,SERC_073
0.544602258723736,4,0.7882653061224489,0.043385062358276646,0.7882653061224489,SOAP_059
0.4971218199890184,4,0.8207199546485261,0.03985969387755102,0.8207199546485261,SOAP_057
0.49506115937385564,4,0.8127834467120182,0.04109977324263039,0.8127834467120182,SOAP_051
0.3900916765837382,3,0.8716340702947846,0.035856009070294785,0.8716340702947846,SOAP_048
0.45049322028192973,4,0.8374787414965986,0.043048469387755105,0.8374787414965986,SOAP_058
0.42125618901547335,3,0.8548044217687075,0.037698412698412696,0.8548044217687075,SOAP_043
0.43263621585310086,3,0.8483205782312925,0.03722009637188209,0.8483205782312925,SOAP_050
0.4615251264430882,3,0.831172052154195,0.04000141723356009,0.831172052154195,SOAP_044
0.4617520301264406,3,0.831030328798186,0.04044430272108843,0.831030328798186,SOAP_052
0.4235642744350563,3,0.8538832199546486,0.04065688775510204,0.8538832199546486,SOAP_046
0.480307306697527,3,0.8191255668934241,0.04140093537414966,0.8191255668934241,SOAP_060
0.4379907145716603,3,0.845202664399093,0.04258786848072563,0.845202664399093,SOAP_055
0.42545992335587746,5,0.8511904761904762,0.03752125850340136,0.8511904761904762,SOAP_054
0.4287908187598022,5,0.8492772108843537,0.03610402494331066,0.8492772108843537,SOAP_047
0.36211952988656226,6,0.8848497732426304,0.031285430839002266,0.8848497732426304,SOAP_031
0.40249603742344625,6,0.8641227324263039,0.03583829365079365,0.8641227324263039,SOAP_049
0.42684265658707177,6,0.8505881519274376,0.037538973922902494,0.8505881519274376,SOAP_056
0.4544191546219277,6,0.8341836734693877,0.03982426303854875,0.8341836734693877,SOAP_053
0.4583008915458362,6,0.8317743764172335,0.03886763038548753,0.8317743764172335,SOAP_045
0.4713130379237756,4,0.8273100907029478,0.039806547619047616,0.8273100907029478,SOAP_061
0.6387383608101709,4,0.720875850340136,0.05371315192743764,0.720875850340136,SOAP_002
0.5097987426140959,4,0.8142361111111112,0.03908021541950114,0.8142361111111112,SOAP_010
0.6243595716899472,4,0.7014243197278912,0.05300453514739229,0.7014243197278912,SOAP_006
0.6325922169737352,4,0.6987315759637188,0.05335884353741496,0.6987315759637188,SOAP_013
0.6021853243124187,4,0.7520904195011338,0.051923894557823126,0.7520904195011338,SOAP_012
0.2718802222309483,3,0.9246031746031746,0.02806122448979592,0.9246031746031746,SOAP_004
0.41088680867112637,6,0.8595521541950113,0.03511196145124717,0.8595521541950113,SOAP_003
0.5458363425155784,6,0.7694515306122449,0.048770549886621314,0.7694515306122449,SOAP_016
0.5099317070273773,6,0.7969812925170068,0.04458971088435374,0.7969812925170068,SOAP_007
0.30666394183963025,4,0.9092261904761905,0.02667942176870748,0.9092261904761905,SOAP_020
0.30967885621807517,4,0.9079152494331065,0.026023951247165535,0.9079152494331065,SOAP_009
0.5911992950309625,4,0.738343253968254,0.051587301587301584,0.738343253968254,SOAP_008
0.5180117580754697,4,0.8172477324263039,0.032968395691609975,0.8172477324263039,SOAP_021
0.44827301219054655,2,0.8347505668934241,0.04710530045351474,0.8347505668934241,SOAP_018
0.4841463571884875,5,0.8128543083900227,0.04439484126984127,0.8128543083900227,SOAP_019
0.42805138404237386,3,0.8472576530612245,0.04469600340136055,0.8472576530612245,SOAP_017
0.28356506016855376,5,0.919359410430839,0.02301232993197279,0.919359410430839,SOAP_015
0.3408875086672036,4,0.9011479591836735,0.025953089569160998,0.9011479591836735,SOAP_001
0.34749839227505325,4,0.8926445578231292,0.035661139455782316,0.8926445578231292,SOAP_011
0.31188296520265363,5,0.9072774943310657,0.024589002267573695,0.9072774943310657,SOAP_022
0.62383993395344,4,0.7109197845804989,0.05318168934240363,0.7109197845804989,SOAP_024
0.12291029578309867,3,0.9762613378684807,0.012099631519274377,0.9762613378684807,STEI_058
0.12446473107693326,3,0.9758007369614512,0.012135062358276645,0.9758007369614512,STEI_051
0.12316969273800485,3,0.9761196145124716,0.012365362811791384,0.9761196145124716,STEI_056
0.12565952412209871,3,0.9755527210884354,0.012418509070294785,0.9755527210884354,STEI_046
0.12446473107693326,3,0.9758007369614512,0.012135062358276645,0.9758007369614512,STEI_061
0.12692106515155677,3,0.9751629818594104,0.012595663265306123,0.9751629818594104,STEI_062
0.12110948050475123,3,0.9767219387755102,0.011993339002267574,0.9767219387755102,STEI_052
0.11985622592920901,3,0.9770408163265306,0.011727607709750567,0.9770408163265306,STEI_055
0.12359999316616739,3,0.9760841836734694,0.012436224489795918,0.9760841836734694,STEI_047
0.12497459366052462,3,0.9757298752834467,0.012613378684807256,0.9757298752834467,STEI_053
0.10445073652399893,3,0.9807256235827665,0.010257227891156462,0.9807256235827665,STEI_048
0.12536209175648327,3,0.9755527210884354,0.012613378684807256,0.9755527210884354,STEI_060
0.10379011498921008,3,0.9807256235827665,0.010026927437641723,0.9807256235827665,STEI_054
0.12320301375554985,3,0.9760487528344671,0.012011054421768707,0.9760487528344671,STEI_049
0.1259336472698126,3,0.9753401360544217,0.012418509070294785,0.9753401360544217,STEI_057
0.10707479526172267,3,0.9800878684807256,0.010363520408163265,0.9800878684807256,STEI_050
0.10274114466810665,3,0.9811862244897959,0.01020408163265306,0.9811862244897959,STEI_059
0.018553979577223104,4,0.9975198412698413,0.0009389172335600907,0.9975198412698413,STEI_005
0.06736169875505882,4,0.9890518707482994,0.004836309523809524,0.9890518707482994,STEI_009
-0.0,1,1.0,0.0,1.0,STEI_012
0.04311616281622505,5,0.9931972789115646,0.0026218820861678006,0.9931972789115646,STEI_017
0.05579146981192428,5,0.9906462585034014,0.0040391156462585035,0.9906462585034014,STEI_019
0.04773028038208422,5,0.9923115079365079,0.0031887755102040817,0.9923115079365079,STEI_003
0.0793856065130333,3,0.9848710317460317,0.003171060090702948,0.9848710317460317,STEI_007
0.01628774233302877,2,0.9976969954648526,0.001240079365079365,0.9976969954648526,STEI_002
0.0034491289576884607,2,0.999610260770975,0.0002834467120181406,0.999610260770975,STEI_011
-0.0,1,1.0,0.0,1.0,STEI_010
0.16412037290996878,4,0.9679705215419501,0.010558390022675737,0.9679705215419501,STEI_008
0.025116891663164158,2,0.9961734693877551,0.0015058106575963719,0.9961734693877551,STEI_015
0.0728878848831917,2,0.9861819727891157,0.0028521825396825395,0.9861819727891157,STEI_016
0.20386021045649785,4,0.9550736961451247,0.013481434240362812,0.9550736961451247,STEI_004
0.19423315543390948,4,0.9542587868480725,0.009566326530612245,0.9542587868480725,STEI_013
0.014506272965215282,3,0.998015873015873,0.001417233560090703,0.998015873015873,STEI_001
0.04415279226071641,4,0.9925949546485261,0.003932823129251701,0.9925949546485261,STEI_021
-0.0,1,1.0,0.0,1.0,STEI_006
0.06374308208034314,4,0.9898313492063492,0.00299390589569161,0.9898313492063492,STEI_014
0.022928542071476658,2,0.99656320861678,0.0015943877551020409,0.99656320861678,STEI_022
0.13393433562280233,4,0.9734977324263039,0.008715986394557822,0.9734977324263039,STEI_023
0.41350576223088165,4,0.8677366780045351,0.03316326530612245,0.8677366780045351,TALL_003
0.18413496817394612,3,0.9596797052154195,0.017857142857142856,0.9596797052154195,TALL_005
0.23293534654590572,3,0.9433460884353742,0.018778344671201815,0.9433460884353742,TALL_009
0.10605595429673999,3,0.9788477891156463,0.009849773242630385,0.9788477891156463,TALL_012
0.16061365707807282,3,0.9627976190476191,0.011391014739229025,0.9627976190476191,TALL_004
0.05253127837908609,4,0.9913194444444444,0.004641439909297052,0.9913194444444444,TALL_010
0.004538484257718881,2,0.999468537414966,0.0005668934240362812,0.999468537414966,TALL_007
0.12988300209356587,5,0.9723639455782312,0.013304280045351474,0.9723639455782312,TALL_002
0.11712122998111184,3,0.9763676303854876,0.009601757369614513,0.9763676303854876,TALL_022
0.22132883649714072,4,0.9436295351473923,0.020620748299319726,0.9436295351473923,TALL_015
0.09155628669101167,4,0.9822137188208617,0.0057752267573696146,0.9822137188208617,TALL_016
0.0032845268792810666,3,0.9996456916099773,0.000248015873015873,0.9996456916099773,TALL_011
0.017779439850201605,3,0.9975552721088435,0.0018069727891156463,0.9975552721088435,TALL_018
0.12021331751854394,4,0.9764030612244898,0.0074936224489795915,0.9764030612244898,TALL_006
0.2452478238995095,2,0.9332128684807256,0.013871173469387755,0.9332128684807256,TALL_013
0.02151314478092818,2,0.9968112244897959,0.0020195578231292518,0.9968112244897959,TALL_001
0.059679904975499236,3,0.9896541950113379,0.005686649659863946,0.9896541950113379,TALL_017
0.0764910131016336,2,0.9853316326530612,0.004889455782312925,0.9853316326530612,TALL_020
0.16357024828450042,5,0.9623370181405896,0.015625,0.9623370181405896,TALL_008
0.01154859386667283,3,0.998547335600907,0.001240079365079365,0.998547335600907,TALL_043
0.008154234683686392,3,0.9990433673469388,0.0009566326530612245,0.9990433673469388,TALL_049
0.012255374306048523,3,0.9984410430839002,0.0013463718820861678,0.9984410430839002,TALL_046
0.006610565549978654,2,0.9991850907029478,0.0008149092970521542,0.9991850907029478,TALL_061
0.007358434744717632,3,0.9991142290249433,0.0008503401360544217,0.9991142290249433,TALL_052
0.009121537823532035,3,0.9989016439909297,0.00116921768707483,0.9989016439909297,TALL_050
0.008871812659115333,3,0.998937074829932,0.0010983560090702948,0.998937074829932,TALL_051
0.011691658895782497,3,0.9984764739229025,0.0012577947845804989,0.9984764739229025,TALL_057
0.012489066196379758,3,0.998405612244898,0.0014526643990929705,0.998405612244898,TALL_060
0.007105684371498654,3,0.9991496598639455,0.0008503401360544217,0.9991496598639455,TALL_055
0.012610804725094555,3,0.9983347505668935,0.0013818027210884354,0.9983347505668935,TALL_058
0.012489066196379758,3,0.998405612244898,0.0014526643990929705,0.998405612244898,TALL_045
0.012022471077735386,3,0.9984410430839002,0.0012223639455782313,0.9984410430839002,TALL_059
0.007105684371498654,3,0.9991496598639455,0.0008503401360544217,0.9991496598639455,TALL_054
0.006851321694148817,3,0.9991850907029478,0.0007794784580498867,0.9991850907029478,TALL_056
0.012489066196379758,3,0.998405612244898,0.0014526643990929705,0.998405612244898,TALL_044
0.012020748660266338,3,0.9984764739229025,0.0013640873015873015,0.9984764739229025,TALL_047
0.00862060952559739,3,0.9989725056689343,0.0010274943310657595,0.9989725056689343,TALL_048
0.01178516405036669,3,0.9985119047619048,0.0013109410430839003,0.9985119047619048,TALL_042
0.006727394044621922,3,0.9992205215419501,0.0007617630385487529,0.9992205215419501,TALL_053
-0.0,1,1.0,0.0,1.0,TALL_064
0.1845334880789407,3,0.9595379818594104,0.018016581632653062,0.9595379818594104,TALL_025
0.27574772730702585,3,0.9260558390022676,0.01642219387755102,0.9260558390022676,TEAK_045
0.2012618715740034,3,0.9505739795918368,0.012666524943310657,0.9505739795918368,TEAK_054
0.1728124344137902,3,0.9614158163265306,0.011568168934240362,0.9614158163265306,TEAK_048
0.1258636657989836,4,0.9742063492063492,0.008999433106575964,0.9742063492063492,TEAK_061
0.1766004578295481,4,0.9609906462585034,0.012755102040816327,0.9609906462585034,TEAK_059
0.209807292333553,3,0.9498653628117913,0.013888888888888888,0.9498653628117913,TEAK_049
0.19401602718616465,4,0.9555697278911565,0.01394203514739229,0.9555697278911565,TEAK_060
0.23645320141320642,3,0.9406887755102041,0.015199829931972789,0.9406887755102041,TEAK_055
0.17483997389256378,4,0.9615929705215419,0.011497307256235828,0.9615929705215419,TEAK_062
0.1389002071220341,4,0.9719387755102041,0.00977891156462585,0.9719387755102041,TEAK_056
0.18688903361230808,4,0.9633645124716553,0.013534580498866213,0.9633645124716553,TEAK_044
0.21416268955394893,4,0.95656179138322,0.016811933106575964,0.95656179138322,TEAK_057
0.22659026700748902,4,0.9537627551020408,0.018512613378684806,0.9537627551020408,TEAK_053
0.22955595764012496,4,0.9528415532879818,0.018725198412698412,0.9528415532879818,TEAK_047
0.17313031190616607,4,0.9648880385487528,0.012648809523809524,0.9648880385487528,TEAK_051
0.163369301670157,4,0.9689980158730159,0.012825963718820861,0.9689980158730159,TEAK_046
0.23682963157114575,3,0.9404407596371882,0.013552295918367346,0.9404407596371882,TEAK_058
0.17472285593356812,4,0.9616284013605442,0.010646967120181407,0.9616284013605442,TEAK_043
0.21610508785208676,4,0.9548965419501134,0.017272534013605442,0.9548965419501134,TEAK_052
0.20920960521937587,4,0.9565263605442177,0.01619189342403628,0.9565263605442177,TEAK_050
0.2560917488543921,3,0.940547052154195,0.010522959183673469,0.940547052154195,TEAK_001
0.15625731670507606,3,0.9640731292517006,0.009743480725623583,0.9640731292517006,TEAK_002
0.20730423997474035,4,0.9573412698412699,0.01628047052154195,0.9573412698412699,TEAK_003
0.29766316202185755,5,0.923079648526077,0.020868764172335602,0.923079648526077,TEAK_004
0.30422590387952525,4,0.9108205782312925,0.02058531746031746,0.9108205782312925,TEAK_006
0.47058342190623537,4,0.8470450680272109,0.03530683106575964,0.8470450680272109,TEAK_025
0.617272027203497,5,0.8193735827664399,0.043473639455782316,0.8193735827664399,TEAK_005
0.12330655723300955,4,0.9768636621315193,0.009424603174603174,0.9768636621315193,TEAK_011
0.17585329708520794,4,0.9613449546485261,0.014225481859410432,0.9613449546485261,TEAK_007
0.08985894736898963,3,0.9823200113378685,0.007847930839002268,0.9823200113378685,TEAK_014
0.1923058119840021,4,0.9525226757369615,0.012684240362811792,0.9525226757369615,TEAK_010
0.19092689441969724,4,0.9619118480725624,0.01553642290249433,0.9619118480725624,TEAK_012
0.10874158671463922,3,0.9782100340136054,0.007954223356009071,0.9782100340136054,TEAK_017
0.16423161942904527,3,0.9616284013605442,0.00883999433106576,0.9616284013605442,TEAK_013
0.18742273463269493,3,0.9591836734693877,0.011196145124716554,0.9591836734693877,TEAK_019
0.20282847692460315,3,0.952203798185941,0.01659934807256236,0.952203798185941,TEAK_020
0.2946624833420401,4,0.9218041383219955,0.025829081632653062,0.9218041383219955,TEAK_016
0.12958983867078064,3,0.9731434240362812,0.0091234410430839,0.9731434240362812,TEAK_015
0.5074331744561495,5,0.8319160997732427,0.038584183673469385,0.8319160997732427,TEAK_024
0.30559483964337686,4,0.9184736394557823,0.019593253968253968,0.9184736394557823,TEAK_018
0.14751488254281445,3,0.968218537414966,0.011639030612244899,0.968218537414966,TREE_042
0.5103523514024744,5,0.8659297052154195,0.0196109693877551,0.8659297052154195,TREE_053
0.22630718096790806,4,0.9507157029478458,0.014066043083900227,0.9507157029478458,TREE_049
0.26751043364575117,5,0.9420705782312925,0.015518707482993197,0.9420705782312925,TREE_046
0.5187252914792717,5,0.8622448979591837,0.01922123015873016,0.8622448979591837,TREE_055
0.3707621197153883,5,0.9156746031746031,0.017520549886621314,0.9156746031746031,TREE_056
0.5842742190291361,6,0.8430413832199547,0.02545705782312925,0.8430413832199547,TREE_050
0.6404825599770682,5,0.8081065759637188,0.022321428571428572,0.8081065759637188,TREE_054
0.4954461771145647,6,0.8751771541950113,0.020780187074829932,0.8751771541950113,TREE_052
0.2975586453290377,5,0.935905612244898,0.015731292517006803,0.935905612244898,TREE_051
0.35358675968395425,5,0.9155328798185941,0.015890731292517005,0.9155328798185941,TREE_057
0.20086891780368743,5,0.9599985827664399,0.011284722222222222,0.9599985827664399,TREE_025
0.28397898706437485,5,0.942531179138322,0.015961592970521542,0.942531179138322,TREE_043
0.30121627901515,5,0.9375708616780045,0.017237103174603176,0.9375708616780045,TREE_044
0.29227259696207053,7,0.9412556689342404,0.016865079365079364,0.9412556689342404,TREE_048
0.1363913122565844,3,0.9713718820861678,0.010646967120181407,0.9713718820861678,TREE_047
0.1670147763909972,3,0.9627621882086168,0.01183390022675737,0.9627621882086168,TREE_041
0.10421221479017329,3,0.9799107142857143,0.009282879818594105,0.9799107142857143,TREE_040
0.22944563432319814,5,0.9527706916099773,0.012011054421768707,0.9527706916099773,TREE_039
0.12989396192363353,4,0.9767573696145124,0.009867488662131519,0.9767573696145124,TREE_045
0.3644154719315302,5,0.9094387755102041,0.0143140589569161,0.9094387755102041,TREE_017
0.32973843121951857,5,0.9286777210884354,0.019026360544217687,0.9286777210884354,TREE_019
0.3064663919438051,3,0.9284297052154195,0.01488095238095238,0.9284297052154195,TREE_010
0.24954748792463333,6,0.9475269274376418,0.012418509070294785,0.9475269274376418,TREE_016
0.4277920782656196,4,0.8909438775510204,0.019398384353741496,0.8909438775510204,TREE_001
0.5133152657658555,5,0.8674178004535147,0.026041666666666668,0.8674178004535147,TREE_014
0.5631846409356841,5,0.8488166099773242,0.032259778911564625,0.8488166099773242,TREE_009
0.28130870858296,7,0.9442318594104309,0.02010700113378685,0.9442318594104309,TREE_060
0.3024419116232461,4,0.9228670634920635,0.011904761904761904,0.9228670634920635,TREE_012
0.4254714387871791,5,0.8913690476190477,0.029017857142857144,0.8913690476190477,TREE_005
0.35424033806502436,6,0.9134778911564626,0.025935374149659865,0.9134778911564626,TREE_011
0.3616507348155379,6,0.9224418934240363,0.016741071428571428,0.9224418934240363,TREE_018
0.3312002210536604,4,0.90968679138322,0.014544359410430838,0.90968679138322,TREE_003
0.2722403132703326,4,0.9351615646258503,0.019380668934240362,0.9351615646258503,TREE_007
0.41301784739705283,5,0.8965419501133787,0.0272640306122449,0.8965419501133787,TREE_008
0.20950978808236798,2,0.9462159863945578,0.017378826530612245,0.9462159863945578,TREE_006
0.41631636864028954,5,0.8949475623582767,0.027547477324263037,0.8949475623582767,TREE_004
0.33119643763397355,5,0.9257015306122449,0.01351686507936508,0.9257015306122449,TREE_002
0.22494120323233305,4,0.9455073696145124,0.016581632653061226,0.9455073696145124,TREE_015
0.17751418113364995,2,0.9569515306122449,0.013747165532879819,0.9569515306122449,TREE_023
0.5785722766021149,5,0.8276998299319728,0.041843820861678004,0.8276998299319728,TREE_062
0.15084030831637915,3,0.9655966553287982,0.01000921201814059,0.9655966553287982,TREE_064
0.2772556054714048,3,0.9252409297052154,0.02295918367346939,0.9252409297052154,TREE_022
0.492652624964923,5,0.8788973922902494,0.028787556689342405,0.8788973922902494,TREE_063
0.2269831841807079,4,0.9517077664399093,0.00837939342403628,0.9517077664399093,UNDE_048
0.1955611893150756,5,0.9636125283446711,0.009885204081632654,0.9636125283446711,UNDE_038
0.3404358272545177,4,0.9142928004535147,0.0116921768707483,0.9142928004535147,UNDE_037
0.19941544853568713,4,0.9587585034013606,0.009017148526077098,0.9587585034013606,UNDE_045
0.23030341179624908,5,0.9545068027210885,0.00818452380952381,0.9545068027210885,UNDE_058
0.3498994674258388,4,0.9145053854875284,0.01263109410430839,0.9145053854875284,UNDE_052
0.1589765318198898,5,0.9702735260770975,0.009318310657596371,0.9702735260770975,UNDE_047
0.22985814805384636,5,0.9547548185941043,0.00926516439909297,0.9547548185941043,UNDE_054
0.25447094077960886,4,0.9440547052154195,0.011001275510204082,0.9440547052154195,UNDE_057
0.2850031687157982,5,0.9383503401360545,0.008893140589569162,0.9383503401360545,UNDE_050
0.35569302754328463,5,0.9185799319727891,0.013534580498866213,0.9185799319727891,UNDE_055
0.3957781130486029,5,0.9059311224489796,0.014562074829931973,0.9059311224489796,UNDE_059
0.09532648389534239,4,0.9812216553287982,0.005438633786848073,0.9812216553287982,UNDE_065
0.33068391479060455,4,0.9219104308390023,0.0130562641723356,0.9219104308390023,UNDE_043
0.302784987957089,5,0.9356930272108843,0.012312216553287982,0.9356930272108843,UNDE_044
0.30490750710926184,5,0.9353032879818595,0.012312216553287982,0.9353032879818595,UNDE_049
0.4057587530000482,4,0.8859126984126984,0.011444160997732426,0.8859126984126984,UNDE_056
0.09957563357798142,5,0.9821782879818595,0.006802721088435374,0.9821782879818595,UNDE_078
0.1442124758140952,5,0.9711238662131519,0.008255385487528345,0.9711238662131519,UNDE_061
0.2519564163570956,5,0.9493339002267573,0.010080073696145124,0.9493339002267573,UNDE_060
0.5863331945348315,4,0.7686366213151927,0.012436224489795918,0.7686366213151927,UNDE_014
0.4149993979445445,5,0.8934240362811792,0.01248937074829932,0.8934240362811792,UNDE_013
0.17589976521978223,3,0.9623370181405896,0.008343962585034014,0.9623370181405896,UNDE_002
0.022526034227522175,2,0.9966340702947846,0.0009389172335600907,0.9966340702947846,UNDE_001
0.09682812687296787,3,0.982249149659864,0.007582199546485261,0.982249149659864,UNDE_003
0.14283529538240972,3,0.9677933673469388,0.008113662131519274,0.9677933673469388,UNDE_010
0.4024247333716606,4,0.906108276643991,0.020284155328798185,0.906108276643991,UNDE_006
0.7333029478857038,4,0.7065972222222222,0.019398384353741496,0.7065972222222222,UNDE_011
0.05555969067601545,3,0.9902565192743764,0.004074546485260771,0.9902565192743764,UNDE_007
0.6361007448010625,4,0.79421768707483,0.025085034013605442,0.79421768707483,UNDE_012
0.3633541376050511,4,0.9193239795918368,0.019628684807256234,0.9193239795918368,UNDE_008
0.05884526923518902,3,0.9896896258503401,0.004145408163265306,0.9896896258503401,UNDE_016
0.6222819677191013,5,0.8058390022675737,0.019203514739229027,0.8058390022675737,UNDE_020
0.5951076326081368,5,0.7537910997732427,0.009282879818594105,0.7537910997732427,UNDE_021
0.20147691807794893,4,0.9595379818594104,0.010044642857142858,0.9595379818594104,UNDE_022
0.12262034731238548,2,0.9734268707482994,0.005810657596371882,0.9734268707482994,UNDE_018
0.4358618674363052,4,0.8556901927437641,0.01675878684807256,0.8556901927437641,UNDE_019
0.7267232536477264,4,0.7485119047619048,0.02765376984126984,0.7485119047619048,UNDE_023
0.6324639273622981,4,0.7880172902494331,0.022976899092970522,0.7880172902494331,UNDE_015
0.7414517353908979,4,0.7494331065759637,0.020691609977324263,0.7494331065759637,UNDE_027
0.017780574600977775,2,0.9974489795918368,0.0010983560090702948,0.9974489795918368,WREF_089
0.011405063945427243,2,0.9984764739229025,0.0011337868480725624,0.9984764739229025,WREF_082
-0.0,1,1.0,0.0,1.0,WREF_077
0.01841281359044457,2,0.99734268707483,0.0006377551020408163,0.99734268707483,WREF_083
0.13180853984377747,2,0.9708404195011338,0.0024270124716553286,0.9708404195011338,WREF_086
0.013441739248570984,2,0.9981575963718821,0.0011160714285714285,0.9981575963718821,WREF_081
0.0013976137659666345,2,0.999858276643991,7.086167800453515e-05,0.999858276643991,WREF_076
-0.0,1,1.0,0.0,1.0,WREF_070
0.009538640378442584,2,0.9987599206349206,0.0008857709750566894,0.9987599206349206,WREF_074
-0.0,1,1.0,0.0,1.0,WREF_072
-0.0,1,1.0,0.0,1.0,WREF_080
-0.0,1,1.0,0.0,1.0,WREF_073
-0.0,1,1.0,0.0,1.0,WREF_079
0.008339922327973554,2,0.998937074829932,0.0006731859410430839,0.998937074829932,WREF_085
0.0023070173094150957,2,0.9997519841269841,0.0002834467120181406,0.9997519841269841,WREF_084
0.01650257949683359,2,0.9976615646258503,0.0008149092970521542,0.9976615646258503,WREF_078
0.0023070173094150957,2,0.9997519841269841,0.0002834467120181406,0.9997519841269841,WREF_088
-0.0,1,1.0,0.0,1.0,WREF_087
-0.0,1,1.0,0.0,1.0,WREF_075
0.0023070173094150957,2,0.9997519841269841,0.0002834467120181406,0.9997519841269841,WREF_071
0.049005316598443954,2,0.9914965986394558,0.0019664115646258504,0.9914965986394558,WREF_012
-0.0,1,1.0,0.0,1.0,WREF_016
0.007852407988861313,2,0.9990079365079365,0.0008149092970521542,0.9990079365079365,WREF_015
0.0055895654021814525,2,0.999326814058957,0.00038973922902494333,0.999326814058957,WREF_013
0.015856420378678807,2,0.9977678571428571,0.0007794784580498867,0.9977678571428571,WREF_001
0.0028860152824442147,2,0.9996811224489796,0.0002834467120181406,0.9996811224489796,WREF_003
-0.0,1,1.0,0.0,1.0,WREF_018
0.008581885368105228,2,0.9989016439909297,0.0008503401360544217,0.9989016439909297,WREF_020
0.00711150892647023,2,0.9991142290249433,0.0007971938775510204,0.9991142290249433,WREF_002
0.004270150085466344,2,0.9995039682539683,0.00035430839002267573,0.9995039682539683,WREF_019
0.001078790659225825,2,0.9998937074829932,0.00017715419501133787,0.9998937074829932,WREF_010
-0.0,1,1.0,0.0,1.0,WREF_007
0.001078790659225825,2,0.9998937074829932,0.00010629251700680272,0.9998937074829932,WREF_008
0.045615644951019434,3,0.9925949546485261,0.004216269841269841,0.9925949546485261,WREF_006
0.024127385276398357,2,0.9963506235827665,0.0013640873015873015,0.9963506235827665,WREF_005
-0.0,1,1.0,0.0,1.0,WREF_014
-0.0,1,1.0,0.0,1.0,WREF_009
0.0013976137659666345,2,0.999858276643991,0.00017715419501133787,0.999858276643991,WREF_011
0.01209076231778951,2,0.9983701814058957,0.0009212018140589569,0.9983701814058957,WREF_004
0.01209076231778951,2,0.9983701814058957,0.0009212018140589569,0.9983701814058957,WREF_017
