plotID,siteID,lon,lat,stand_age_30m,forest_type_30m
ABBY_063,ABBY,-122.330039,45.760513,7.0,planted
ABBY_068,ABBY,-122.328493,45.76051,17.0,planted
ABBY_065,ABBY,-122.333084,45.762196,11.0,planted
ABBY_067,ABBY,-122.331558,45.760563,4.0,planted
ABBY_066,ABBY,-122.329984,45.763502,15.0,planted
ABBY_061,ABBY,-122.331158,45.762451,9.0,planted
ABBY_070,ABBY,-122.330793,45.761334,11.0,planted
ABBY_062,ABBY,-122.328069,45.763476,16.0,planted
ABBY_064,ABBY,-122.328467,45.762429,16.0,planted
ABBY_069,ABBY,-122.327321,45.761584,14.0,planted
ABBY_075,ABBY,-122.323463,45.762125,11.0,planted
ABBY_074,ABBY,-122.325028,45.761302,6.0,planted
ABBY_073,ABBY,-122.324601,45.762944,17.0,natural
ABBY_076,ABBY,-122.330004,45.763791,10.0,planted
ABBY_004,ABBY,-122.298736,45.76858,5.0,planted
ABBY_009,ABBY,-122.299532,45.76561,3.0,planted
ABBY_011,ABBY,-122.358994,45.743361,4.0,planted
ABBY_013,ABBY,-122.372807,45.745332,4.0,planted
ABBY_023,ABBY,-122.381659,45.744589,1.0,planted
ABBY_010,ABBY,-122.375934,45.776549,40.0,natural
ABBY_018,ABBY,-122.38678,45.764526,7.0,planted
ABBY_003,ABBY,-122.371092,45.762016,6.0,planted
ABBY_012,ABBY,-122.384239,45.754263,11.0,planted
ABBY_005,ABBY,-122.389412,45.770977,2.0,planted
ABBY_016,ABBY,-122.332415,45.746995,19.0,natural
ABBY_008,ABBY,-122.355223,45.771358,14.0,natural
ABBY_017,ABBY,-122.369799,45.772764,13.0,planted
ABBY_014,ABBY,-122.317373,45.751186,40.0,natural
ABBY_001,ABBY,-122.346369,45.772619,40.0,planted
ABBY_019,ABBY,-122.325825,45.752593,11.0,planted
ABBY_006,ABBY,-122.298512,45.754053,40.0,natural
ABBY_002,ABBY,-122.309112,45.739055,9.0,planted
ABBY_007,ABBY,-122.361007,45.768936,6.0,natural
ABBY_025,ABBY,-122.324489,45.76953,40.0,natural
ABBY_015,ABBY,-122.300349,45.732279,5.0,planted
ABBY_077,ABBY,-122.341608,45.751348,9.0,planted
BART_012,BART,-71.316312,44.046097,40.0,planted
BART_001,BART,-71.306661,44.047079,40.0,natural
BART_005,BART,-71.282188,44.054614,40.0,natural
BART_044,BART,-71.284327,44.061036,40.0,natural
BART_037,BART,-71.283244,44.061598,40.0,planted
BART_073,BART,-71.288616,44.064774,21.0,natural
BART_074,BART,-71.2832,44.060251,22.0,natural
BART_075,BART,-71.286492,44.059141,40.0,natural
BART_042,BART,-71.288052,44.060194,40.0,natural
BART_072,BART,-71.286187,44.060735,40.0,natural
BART_046,BART,-71.285408,44.059946,40.0,natural
BART_036,BART,-71.285878,44.062082,40.0,natural
BART_051,BART,-71.287987,44.062723,40.0,natural
BART_041,BART,-71.28561,44.065342,40.0,natural
BART_034,BART,-71.285608,44.064284,40.0,natural
BART_039,BART,-71.288951,44.063682,40.0,natural
BART_050,BART,-71.28769,44.06151,40.0,natural
BART_040,BART,-71.29199,44.06576,40.0,natural
BART_071,BART,-71.290624,44.067944,40.0,natural
BART_070,BART,-71.28144,44.064338,40.0,natural
BART_033,BART,-71.283663,44.063198,9.0,natural
BART_047,BART,-71.290855,44.064968,40.0,natural
BART_032,BART,-71.28758,44.067467,40.0,planted
BART_015,BART,-71.27314,44.042915,40.0,natural
BART_016,BART,-71.288463,44.051234,40.0,natural
BART_028,BART,-71.306532,44.054075,40.0,natural
BART_010,BART,-71.26668,44.050073,21.0,natural
BART_013,BART,-71.277598,44.041737,39.0,natural
BART_026,BART,-71.313922,44.061261,40.0,natural
BART_006,BART,-71.310912,44.060511,40.0,natural
BART_023,BART,-71.263643,44.049319,40.0,natural
BART_002,BART,-71.272844,44.035076,39.0,natural
BART_018,BART,-71.277866,44.058473,40.0,planted
BART_003,BART,-71.263146,44.055247,39.0,natural
BART_024,BART,-71.263787,44.052775,40.0,natural
BART_011,BART,-71.296272,44.050004,40.0,natural
BART_025,BART,-71.313142,44.059386,40.0,natural
BART_007,BART,-71.298504,44.049697,40.0,natural
BART_027,BART,-71.261742,44.057941,40.0,natural
BART_004,BART,-71.28692,44.041571,40.0,natural
BART_019,BART,-71.286161,44.069366,40.0,natural
BLAN_042,BLAN,-78.071954,39.058017,,none
BLAN_056,BLAN,-78.07191,39.058569,,none
BLAN_034,BLAN,-78.071177,39.059364,,none
BLAN_043,BLAN,-78.069523,39.057695,,none
BLAN_046,BLAN,-78.072671,39.057488,,none
BLAN_045,BLAN,-78.071244,39.05828,,none
BLAN_059,BLAN,-78.073037,39.056952,,none
BLAN_039,BLAN,-78.071971,39.057487,,none
BLAN_033,BLAN,-78.069151,39.058229,,none
BLAN_051,BLAN,-78.069551,39.057157,,none
BLAN_054,BLAN,-78.07197,39.05694,,none
BLAN_031,BLAN,-78.070547,39.058809,,none
BLAN_049,BLAN,-78.069838,39.058787,,none
BLAN_060,BLAN,-78.070252,39.057168,,none
BLAN_035,BLAN,-78.073734,39.057244,22.0,planted
BLAN_038,BLAN,-78.070917,39.057723,,none
BLAN_040,BLAN,-78.070217,39.057986,,none
BLAN_037,BLAN,-78.070165,39.059338,,none
BLAN_044,BLAN,-78.072571,39.059389,22.0,planted
BLAN_050,BLAN,-78.072602,39.058855,22.0,planted
BLAN_052,BLAN,-78.071895,39.059365,28.0,planted
BLAN_048,BLAN,-78.07596,39.061351,40.0,natural
BLAN_055,BLAN,-78.072521,39.061,24.0,planted
BLAN_057,BLAN,-78.07441,39.057518,22.0,planted
BLAN_032,BLAN,-78.073305,39.058572,28.0,planted
BLAN_036,BLAN,-78.073985,39.061573,34.0,planted
BLAN_047,BLAN,-78.074263,39.060777,39.0,planted
BLAN_063,BLAN,-78.075994,39.060809,40.0,natural
BLAN_005,BLAN,-77.971942,39.087456,39.0,natural
BLAN_017,BLAN,-77.970992,39.086353,40.0,natural
BLAN_011,BLAN,-77.974013,39.087243,40.0,natural
BLAN_068,BLAN,-77.964303,39.087809,,none
BLAN_016,BLAN,-77.96365,39.08643,,none
BLAN_001,BLAN,-77.958389,39.087919,39.0,natural
BLAN_008,BLAN,-77.965124,39.084853,,none
BLAN_003,BLAN,-77.963659,39.078872,,none
BLAN_018,BLAN,-77.962499,39.081529,39.0,natural
BLAN_004,BLAN,-77.962567,39.087516,,none
BLAN_014,BLAN,-77.958693,39.081458,,none
BLAN_020,BLAN,-77.980394,39.100938,,none
BLAN_006,BLAN,-77.963812,39.083999,,none
BLAN_007,BLAN,-77.969265,39.085485,39.0,natural
BLAN_010,BLAN,-77.960564,39.086352,,none
BLAN_012,BLAN,-77.961088,39.082046,39.0,natural
BLAN_013,BLAN,-77.96809,39.080851,39.0,natural
BLAN_015,BLAN,-77.954623,39.087544,39.0,natural
BLAN_009,BLAN,-77.95775,39.086824,39.0,natural
BLAN_053,BLAN,-78.073686,39.058047,28.0,planted
BLAN_041,BLAN,-78.073175,39.061567,40.0,planted
BLAN_064,BLAN,-78.071216,39.058792,,none
BLAN_019,BLAN,-77.966033,39.087842,,none
GRSM_057,GRSM,-83.50228,35.686587,39.0,natural
GRSM_048,GRSM,-83.498951,35.685859,39.0,natural
GRSM_059,GRSM,-83.506609,35.686509,8.0,planted
GRSM_054,GRSM,-83.501737,35.691475,39.0,natural
GRSM_049,GRSM,-83.497001,35.687542,39.0,natural
GRSM_066,GRSM,-83.502675,35.688773,39.0,natural
GRSM_065,GRSM,-83.503411,35.690916,39.0,natural
GRSM_047,GRSM,-83.506291,35.687618,8.0,planted
GRSM_063,GRSM,-83.498905,35.684766,39.0,natural
GRSM_053,GRSM,-83.500259,35.68503,39.0,natural
GRSM_062,GRSM,-83.502845,35.69334,7.0,natural
GRSM_060,GRSM,-83.503985,35.68601,12.0,natural
GRSM_050,GRSM,-83.50388,35.684967,39.0,planted
GRSM_051,GRSM,-83.507296,35.688412,7.0,planted
GRSM_064,GRSM,-83.503034,35.689833,39.0,natural
GRSM_002,GRSM,-83.587378,35.670427,15.0,natural
GRSM_025,GRSM,-83.475516,35.58978,40.0,natural
GRSM_016,GRSM,-83.474652,35.593016,40.0,natural
GRSM_017,GRSM,-83.522396,35.669925,11.0,natural
GRSM_004,GRSM,-83.536321,35.690178,16.0,planted
GRSM_001,GRSM,-83.532102,35.684589,39.0,natural
GRSM_012,GRSM,-83.481653,35.670778,6.0,natural
GRSM_008,GRSM,-83.482275,35.679121,39.0,natural
GRSM_003,GRSM,-83.474563,35.67661,39.0,natural
GRSM_019,GRSM,-83.642356,35.678734,39.0,natural
GRSM_006,GRSM,-83.645325,35.6789,39.0,planted
GRSM_013,GRSM,-83.638159,35.683384,40.0,natural
GRSM_015,GRSM,-83.408575,35.730398,39.0,natural
GRSM_014,GRSM,-83.524234,35.66449,39.0,natural
GRSM_010,GRSM,-83.52603,35.669842,39.0,natural
GRSM_005,GRSM,-83.397816,35.681406,39.0,natural
GRSM_011,GRSM,-83.410274,35.687348,39.0,natural
GRSM_007,GRSM,-83.513992,35.686866,6.0,planted
GRSM_009,GRSM,-83.48998,35.670878,39.0,natural
GRSM_055,GRSM,-83.502232,35.685523,39.0,natural
GRSM_018,GRSM,-83.344121,35.704934,39.0,natural
GRSM_061,GRSM,-83.505223,35.685732,39.0,planted
GRSM_056,GRSM,-83.504948,35.687095,39.0,natural
GRSM_058,GRSM,-83.505443,35.691954,39.0,natural
GRSM_052,GRSM,-83.500771,35.692349,8.0,natural
HARV_013,HARV,-72.254598,42.392282,40.0,natural
HARV_022,HARV,-72.198776,42.434188,40.0,natural
HARV_008,HARV,-72.226082,42.444557,6.0,planted
HARV_004,HARV,-72.229737,42.427091,8.0,planted
HARV_024,HARV,-72.250871,42.460002,30.0,natural
HARV_010,HARV,-72.254599,42.424723,9.0,natural
HARV_006,HARV,-72.25372,42.403087,40.0,planted
HARV_001,HARV,-72.258285,42.424246,40.0,natural
HARV_005,HARV,-72.275158,42.489469,8.0,natural
HARV_027,HARV,-72.253258,42.43035,40.0,natural
HARV_043,HARV,-72.176583,42.541027,40.0,natural
HARV_035,HARV,-72.178072,42.539966,40.0,natural
HARV_037,HARV,-72.179312,42.537308,40.0,natural
HARV_020,HARV,-72.228878,42.436767,40.0,planted
HARV_023,HARV,-72.226622,42.414314,7.0,natural
HARV_014,HARV,-72.265709,42.471449,40.0,natural
HARV_011,HARV,-72.238278,42.455924,40.0,natural
HARV_025,HARV,-72.273927,42.475428,40.0,natural
HARV_002,HARV,-72.259572,42.478565,9.0,natural
HARV_012,HARV,-72.239802,42.429486,9.0,natural
HARV_026,HARV,-72.247271,42.410762,40.0,natural
HARV_016,HARV,-72.231992,42.45847,8.0,natural
HARV_039,HARV,-72.17769,42.533247,40.0,natural
HARV_021,HARV,-72.250472,42.45243,40.0,natural
HARV_045,HARV,-72.1713,42.542078,40.0,natural
HARV_041,HARV,-72.180797,42.536795,40.0,natural
HARV_038,HARV,-72.177877,42.537334,40.0,natural
HARV_050,HARV,-72.179357,42.53627,40.0,natural
HARV_048,HARV,-72.178017,42.541304,40.0,natural
HARV_036,HARV,-72.173119,42.542123,40.0,natural
HARV_052,HARV,-72.176577,42.54213,40.0,natural
HARV_049,HARV,-72.179779,42.535171,40.0,natural
HARV_047,HARV,-72.175706,42.536689,40.0,natural
HARV_044,HARV,-72.176486,42.535376,40.0,natural
HARV_040,HARV,-72.175931,42.539918,40.0,natural
HARV_046,HARV,-72.180759,42.537915,2.0,natural
HARV_033,HARV,-72.175607,42.538302,40.0,natural
HARV_051,HARV,-72.179146,42.534078,40.0,natural
HARV_034,HARV,-72.177968,42.535686,5.0,natural
HARV_042,HARV,-72.176562,42.534167,40.0,natural
HARV_015,HARV,-72.182055,42.538822,40.0,natural
HARV_017,HARV,-72.26708,42.481741,7.0,natural
JERC_002,JERC,-84.460062,31.194504,39.0,planted
JERC_015,JERC,-84.454221,31.190611,39.0,planted
JERC_007,JERC,-84.476315,31.198632,40.0,planted
JERC_001,JERC,-84.477077,31.194314,40.0,planted
JERC_010,JERC,-84.469499,31.208232,39.0,planted
JERC_009,JERC,-84.456903,31.194989,39.0,planted
JERC_029,JERC,-84.46438,31.186763,32.0,planted
JERC_021,JERC,-84.469063,31.175756,40.0,planted
JERC_011,JERC,-84.468204,31.185207,40.0,planted
JERC_040,JERC,-84.4684,31.212261,40.0,planted
JERC_035,JERC,-84.454718,31.183309,,none
JERC_033,JERC,-84.456038,31.192003,37.0,planted
JERC_019,JERC,-84.470663,31.187434,40.0,planted
JERC_030,JERC,-84.476067,31.185097,13.0,natural
JERC_034,JERC,-84.491486,31.197571,39.0,natural
JERC_036,JERC,-84.470421,31.184997,40.0,planted
JERC_028,JERC,-84.477998,31.182704,39.0,natural
JERC_044,JERC,-84.482045,31.196851,,none
JERC_016,JERC,-84.472088,31.180684,40.0,natural
JERC_038,JERC,-84.492899,31.191901,40.0,natural
JERC_006,JERC,-84.45585,31.187671,40.0,planted
JERC_041,JERC,-84.481405,31.185739,6.0,natural
JERC_031,JERC,-84.464587,31.202453,40.0,planted
JERC_042,JERC,-84.469727,31.210124,40.0,planted
JERC_008,JERC,-84.450932,31.195154,37.0,planted
JERC_005,JERC,-84.451228,31.195968,39.0,planted
JERC_003,JERC,-84.473249,31.19615,40.0,planted
JERC_022,JERC,-84.468464,31.210377,40.0,planted
JERC_013,JERC,-84.469946,31.178468,40.0,planted
JERC_066,JERC,-84.463761,31.197553,,none
JERC_065,JERC,-84.465275,31.200288,40.0,planted
JERC_054,JERC,-84.468805,31.197932,40.0,natural
JERC_051,JERC,-84.46434,31.199491,39.0,planted
JERC_062,JERC,-84.466929,31.196804,39.0,planted
JERC_047,JERC,-84.467178,31.198433,40.0,planted
JERC_057,JERC,-84.469658,31.200938,40.0,planted
JERC_060,JERC,-84.465307,31.198675,39.0,planted
JERC_064,JERC,-84.466534,31.200612,40.0,planted
JERC_050,JERC,-84.468201,31.196845,39.0,natural
JERC_053,JERC,-84.463553,31.194044,39.0,planted
JERC_049,JERC,-84.464108,31.196488,40.0,planted
JERC_061,JERC,-84.465398,31.195445,39.0,planted
JERC_058,JERC,-84.462282,31.194552,39.0,planted
JERC_048,JERC,-84.461913,31.196458,39.0,planted
JERC_063,JERC,-84.462881,31.195656,,none
JERC_052,JERC,-84.464139,31.195408,39.0,planted
JERC_059,JERC,-84.462488,31.198066,39.0,planted
JERC_056,JERC,-84.466362,31.194637,39.0,planted
JERC_055,JERC,-84.465133,31.194074,,none
JERC_004,JERC,-84.465861,31.189774,,none
JERC_014,JERC,-84.454913,31.200072,,none
JERC_012,JERC,-84.447296,31.190203,,none
MLBS_076,MLBS,-80.521192,37.376397,40.0,natural
MLBS_061,MLBS,-80.5198,37.376631,40.0,natural
MLBS_064,MLBS,-80.5202,37.37556,40.0,natural
MLBS_075,MLBS,-80.523564,37.373405,40.0,natural
MLBS_065,MLBS,-80.524934,37.373423,40.0,natural
MLBS_062,MLBS,-80.526254,37.374226,40.0,natural
MLBS_069,MLBS,-80.522851,37.377742,40.0,planted
MLBS_063,MLBS,-80.527932,37.377486,40.0,natural
MLBS_073,MLBS,-80.525926,37.378019,40.0,natural
MLBS_074,MLBS,-80.524592,37.377774,40.0,planted
MLBS_066,MLBS,-80.525892,37.376918,40.0,natural
MLBS_067,MLBS,-80.527279,37.378569,40.0,natural
MLBS_071,MLBS,-80.524185,37.37664,40.0,natural
MLBS_072,MLBS,-80.525243,37.375302,40.0,natural
MLBS_070,MLBS,-80.526582,37.375576,40.0,natural
MLBS_068,MLBS,-80.528303,37.375876,40.0,natural
MLBS_009,MLBS,-80.518487,37.374434,40.0,natural
MLBS_010,MLBS,-80.526343,37.365565,40.0,natural
MLBS_005,MLBS,-80.521589,37.363106,40.0,planted
MLBS_003,MLBS,-80.526975,37.368528,40.0,natural
MLBS_019,MLBS,-80.551226,37.42436,40.0,natural
MLBS_016,MLBS,-80.574956,37.415022,40.0,natural
MLBS_015,MLBS,-80.568195,37.414692,40.0,natural
MLBS_014,MLBS,-80.557337,37.417102,40.0,natural
MLBS_001,MLBS,-80.524992,37.3607,40.0,planted
MLBS_017,MLBS,-80.526049,37.358817,40.0,planted
MLBS_011,MLBS,-80.521143,37.359448,40.0,planted
MLBS_012,MLBS,-80.522508,37.357284,40.0,planted
MLBS_002,MLBS,-80.524252,37.372058,40.0,natural
MLBS_004,MLBS,-80.511896,37.429342,40.0,natural
MLBS_018,MLBS,-80.489231,37.426259,40.0,natural
MLBS_008,MLBS,-80.499069,37.426865,40.0,natural
MLBS_007,MLBS,-80.571837,37.427946,40.0,natural
MLBS_006,MLBS,-80.564064,37.426799,16.0,natural
MLBS_020,MLBS,-80.568447,37.427133,40.0,natural
MLBS_013,MLBS,-80.559608,37.432507,40.0,natural
ORNL_002,ORNL,-84.212753,35.982199,40.0,natural
ORNL_003,ORNL,-84.230646,35.965875,40.0,natural
ORNL_009,ORNL,-84.227994,35.974464,39.0,natural
ORNL_021,ORNL,-84.221346,35.95564,,none
ORNL_031,ORNL,-84.221913,35.948607,40.0,planted
ORNL_033,ORNL,-84.2268,35.96172,10.0,planted
ORNL_066,ORNL,-84.218425,35.953429,,none
ORNL_044,ORNL,-84.220065,35.95454,,none
ORNL_012,ORNL,-84.248359,35.953019,40.0,natural
ORNL_004,ORNL,-84.275214,35.907944,40.0,natural
ORNL_001,ORNL,-84.270109,35.930248,40.0,natural
ORNL_027,ORNL,-84.263286,35.916313,40.0,planted
ORNL_014,ORNL,-84.305649,35.939979,40.0,natural
ORNL_029,ORNL,-84.261843,35.95765,23.0,planted
ORNL_007,ORNL,-84.329755,35.925371,40.0,natural
ORNL_006,ORNL,-84.32368,35.938227,40.0,natural
ORNL_008,ORNL,-84.332543,35.93276,40.0,natural
ORNL_035,ORNL,-84.350392,35.974774,15.0,natural
ORNL_010,ORNL,-84.332168,35.953307,31.0,planted
ORNL_032,ORNL,-84.326492,35.944516,31.0,natural
ORNL_055,ORNL,-84.282663,35.9608,40.0,natural
ORNL_062,ORNL,-84.280011,35.960748,40.0,natural
ORNL_063,ORNL,-84.277896,35.965319,40.0,natural
ORNL_049,ORNL,-84.278894,35.964792,40.0,natural
ORNL_052,ORNL,-84.279989,35.962389,40.0,natural
ORNL_059,ORNL,-84.285478,35.966015,40.0,natural
ORNL_036,ORNL,-84.28419,35.965429,40.0,natural
ORNL_053,ORNL,-84.286859,35.965252,40.0,natural
ORNL_046,ORNL,-84.285882,35.964418,40.0,natural
ORNL_043,ORNL,-84.287233,35.963926,40.0,natural
ORNL_058,ORNL,-84.285921,35.963319,40.0,natural
ORNL_060,ORNL,-84.286937,35.962796,40.0,natural
ORNL_056,ORNL,-84.281616,35.962157,40.0,natural
ORNL_037,ORNL,-84.281617,35.963215,40.0,natural
ORNL_057,ORNL,-84.280231,35.964836,40.0,natural
ORNL_051,ORNL,-84.283958,35.962469,40.0,natural
ORNL_061,ORNL,-84.284569,35.964411,40.0,natural
ORNL_054,ORNL,-84.283124,35.967045,40.0,natural
ORNL_045,ORNL,-84.283823,35.966285,40.0,natural
ORNL_050,ORNL,-84.282109,35.967556,40.0,natural
ORNL_017,ORNL,-84.297431,35.976845,40.0,natural
ORNL_068,ORNL,-84.426839,35.926136,40.0,natural
ORNL_019,ORNL,-84.31456,35.943431,40.0,natural
ORNL_018,ORNL,-84.276978,35.933929,40.0,natural
ORNL_067,ORNL,-84.286902,35.95418,40.0,natural
ORNL_015,ORNL,-84.236993,35.965463,40.0,natural
OSBS_002,OSBS,-81.956817,29.703861,11.0,natural
OSBS_006,OSBS,-81.983001,29.686609,,none
OSBS_048,OSBS,-81.94635,29.679302,40.0,natural
OSBS_001,OSBS,-82.008881,29.702914,40.0,natural
OSBS_018,OSBS,-81.942713,29.686636,40.0,natural
OSBS_011,OSBS,-81.987042,29.721507,23.0,natural
OSBS_014,OSBS,-81.95826,29.692721,40.0,natural
OSBS_004,OSBS,-81.959108,29.684075,2.0,natural
OSBS_020,OSBS,-81.950765,29.68685,18.0,natural
OSBS_023,OSBS,-81.985527,29.722597,,none
OSBS_049,OSBS,-81.964097,29.686229,2.0,planted
OSBS_003,OSBS,-81.947419,29.694993,26.0,natural
OSBS_012,OSBS,-81.983943,29.71907,,none
OSBS_013,OSBS,-81.961566,29.68216,3.0,natural
OSBS_024,OSBS,-81.986781,29.723939,,none
OSBS_016,OSBS,-81.967447,29.682392,39.0,planted
OSBS_008,OSBS,-82.007163,29.685058,,none
OSBS_010,OSBS,-81.941828,29.691764,40.0,natural
OSBS_051,OSBS,-82.007709,29.67776,,none
OSBS_050,OSBS,-82.005389,29.68969,,none
OSBS_007,OSBS,-81.962568,29.690279,2.0,natural
OSBS_005,OSBS,-82.02558,29.696568,4.0,natural
OSBS_017,OSBS,-81.991846,29.703872,40.0,natural
OSBS_043,OSBS,-81.988957,29.69143,,none
OSBS_022,OSBS,-81.960693,29.689482,,none
OSBS_039,OSBS,-81.990822,29.6933,,none
OSBS_036,OSBS,-81.990505,29.691429,,none
OSBS_029,OSBS,-81.989891,29.692504,,none
OSBS_040,OSBS,-81.989556,29.688979,,none
OSBS_015,OSBS,-81.969273,29.710251,4.0,natural
OSBS_025,OSBS,-81.996384,29.691867,,none
OSBS_030,OSBS,-81.997605,29.689424,,none
OSBS_038,OSBS,-81.997628,29.690782,,none
OSBS_042,OSBS,-81.996399,29.692958,10.0,natural
OSBS_035,OSBS,-81.997576,29.687528,,none
OSBS_037,OSBS,-81.994473,29.686474,,none
OSBS_028,OSBS,-81.995719,29.685933,,none
OSBS_021,OSBS,-81.953023,29.695767,,none
OSBS_041,OSBS,-81.996333,29.687527,,none
OSBS_009,OSBS,-82.017543,29.698798,40.0,natural
OSBS_031,OSBS,-81.991102,29.688969,,none
OSBS_033,OSBS,-81.989561,29.69006,6.0,natural
OSBS_032,OSBS,-81.991111,29.690033,,none
OSBS_044,OSBS,-81.992034,29.690847,,none
OSBS_027,OSBS,-81.992063,29.691969,,none
OSBS_034,OSBS,-81.988299,29.68872,6.0,natural
OSBS_026,OSBS,-81.992056,29.693584,,none
OSBS_063,OSBS,-81.969684,29.687219,,none
OSBS_067,OSBS,-81.975904,29.690932,40.0,natural
OSBS_066,OSBS,-81.971145,29.711309,40.0,natural
OSBS_068,OSBS,-81.983366,29.69225,19.0,natural
OSBS_070,OSBS,-81.98983,29.687872,,none
OSBS_073,OSBS,-81.989698,29.702728,40.0,natural
RMNP_043,RMNP,-105.545384,40.276827,39.0,natural
RMNP_042,RMNP,-105.546345,40.276375,39.0,natural
RMNP_041,RMNP,-105.546756,40.275899,40.0,natural
RMNP_048,RMNP,-105.545649,40.278475,24.0,natural
RMNP_049,RMNP,-105.545085,40.278386,,none
RMNP_046,RMNP,-105.544991,40.277341,,none
RMNP_047,RMNP,-105.546239,40.278507,40.0,natural
RMNP_045,RMNP,-105.545588,40.277348,40.0,natural
RMNP_044,RMNP,-105.546207,40.27733,,none
RMNP_013,RMNP,-105.486722,40.196781,23.0,planted
RMNP_003,RMNP,-105.483575,40.201376,40.0,natural
RMNP_009,RMNP,-105.481127,40.20327,14.0,planted
RMNP_011,RMNP,-105.512508,40.203699,40.0,natural
RMNP_019,RMNP,-105.491303,40.195931,40.0,planted
RMNP_015,RMNP,-105.467005,40.199554,39.0,natural
RMNP_002,RMNP,-105.472276,40.197386,40.0,natural
RMNP_020,RMNP,-105.468403,40.197385,24.0,natural
RMNP_016,RMNP,-105.475488,40.154382,10.0,planted
RMNP_017,RMNP,-105.492732,40.200008,40.0,natural
RMNP_005,RMNP,-105.526306,40.167943,40.0,natural
RMNP_001,RMNP,-105.465976,40.203348,40.0,natural
RMNP_014,RMNP,-105.53438,40.161428,40.0,natural
RMNP_008,RMNP,-105.529144,40.168988,40.0,natural
RMNP_012,RMNP,-105.535747,40.156545,40.0,natural
RMNP_018,RMNP,-105.538996,40.163833,39.0,natural
RMNP_006,RMNP,-105.543533,40.158144,39.0,natural
RMNP_004,RMNP,-105.54091,40.186823,40.0,natural
RMNP_010,RMNP,-105.535934,40.178717,39.0,natural
RMNP_007,RMNP,-105.537712,40.18087,39.0,natural
SCBI_008,SCBI,-78.147164,38.887763,39.0,natural
SCBI_004,SCBI,-78.146458,38.896938,39.0,natural
SCBI_015,SCBI,-78.141069,38.884381,39.0,natural
SCBI_017,SCBI,-78.135381,38.879363,39.0,natural
SCBI_013,SCBI,-78.163985,38.874379,40.0,natural
SCBI_007,SCBI,-78.130305,38.884909,40.0,natural
SCBI_018,SCBI,-78.157532,38.870965,39.0,natural
SCBI_003,SCBI,-78.120371,38.883308,40.0,natural
SCBI_011,SCBI,-78.139901,38.879734,39.0,natural
SCBI_016,SCBI,-78.158647,38.904234,40.0,natural
SCBI_002,SCBI,-78.142704,38.895214,39.0,natural
SCBI_010,SCBI,-78.125148,38.884776,40.0,natural
SCBI_014,SCBI,-78.163552,38.867075,39.0,natural
SCBI_005,SCBI,-78.16186,38.900538,39.0,natural
SCBI_056,SCBI,-78.143602,38.890353,39.0,natural
SCBI_045,SCBI,-78.139432,38.890566,39.0,natural
SCBI_053,SCBI,-78.140524,38.889773,39.0,natural
SCBI_061,SCBI,-78.142218,38.889502,39.0,natural
SCBI_050,SCBI,-78.142227,38.890602,40.0,natural
SCBI_057,SCBI,-78.141168,38.891376,39.0,natural
SCBI_062,SCBI,-78.138238,38.895118,39.0,natural
SCBI_047,SCBI,-78.137217,38.894257,40.0,natural
SCBI_067,SCBI,-78.135536,38.893949,40.0,natural
SCBI_066,SCBI,-78.138975,38.89351,39.0,natural
SCBI_064,SCBI,-78.139055,38.891617,39.0,natural
SCBI_052,SCBI,-78.137098,38.889138,40.0,natural
SCBI_054,SCBI,-78.137674,38.890804,40.0,natural
SCBI_046,SCBI,-78.140769,38.893837,39.0,natural
SCBI_049,SCBI,-78.139644,38.894617,39.0,natural
SCBI_063,SCBI,-78.138517,38.896179,39.0,natural
SCBI_055,SCBI,-78.140421,38.892471,39.0,natural
SCBI_048,SCBI,-78.135923,38.892604,40.0,natural
SCBI_051,SCBI,-78.142798,38.892464,39.0,natural
SCBI_058,SCBI,-78.138472,38.889713,40.0,natural
SCBI_034,SCBI,-78.160512,38.89106,,none
SCBI_038,SCBI,-78.168857,38.881539,40.0,natural
SCBI_033,SCBI,-78.161302,38.888917,,none
SCBI_006,SCBI,-78.152007,38.897609,,none
SCBI_035,SCBI,-78.168813,38.882888,,none
SCBI_012,SCBI,-78.168896,38.889095,,none
SCBI_071,SCBI,-78.12224,38.887955,40.0,natural
SCBI_019,SCBI,-78.175704,38.900642,40.0,natural
SCBI_021,SCBI,-78.15288,38.900853,40.0,natural
SCBI_023,SCBI,-78.143735,38.886312,39.0,natural
SCBI_022,SCBI,-78.123168,38.882557,39.0,natural
SERC_062,SERC,-76.558018,38.881785,39.0,natural
SERC_045,SERC,-76.55872,38.880982,39.0,natural
SERC_051,SERC,-76.558626,38.882867,39.0,natural
SERC_050,SERC,-76.561429,38.881351,39.0,natural
SERC_052,SERC,-76.561545,38.891368,39.0,natural
SERC_058,SERC,-76.566565,38.894242,12.0,natural
SERC_043,SERC,-76.562166,38.89274,18.0,natural
SERC_055,SERC,-76.56794,38.894323,16.0,natural
SERC_048,SERC,-76.566969,38.893179,39.0,natural
SERC_060,SERC,-76.564177,38.893087,39.0,natural
SERC_061,SERC,-76.555089,38.889755,3.0,natural
SERC_054,SERC,-76.556464,38.889274,39.0,natural
SERC_059,SERC,-76.549609,38.889027,39.0,natural
SERC_046,SERC,-76.551167,38.891258,35.0,natural
SERC_053,SERC,-76.556093,38.890381,39.0,natural
SERC_044,SERC,-76.553986,38.890803,39.0,natural
SERC_047,SERC,-76.560193,38.885634,39.0,natural
SERC_049,SERC,-76.561509,38.886494,39.0,natural
SERC_057,SERC,-76.562841,38.887087,39.0,natural
SERC_056,SERC,-76.560092,38.886975,39.0,natural
SERC_007,SERC,-76.539828,38.873795,,none
SERC_018,SERC,-76.531608,38.872927,,none
SERC_009,SERC,-76.561169,38.897571,39.0,natural
SERC_008,SERC,-76.524078,38.871838,,none
SERC_011,SERC,-76.551056,38.898525,39.0,natural
SERC_003,SERC,-76.543752,38.899872,16.0,natural
SERC_006,SERC,-76.547314,38.88109,39.0,natural
SERC_001,SERC,-76.533585,38.868693,39.0,natural
SERC_017,SERC,-76.535565,38.876039,39.0,natural
SERC_019,SERC,-76.550692,38.871775,39.0,natural
SERC_010,SERC,-76.546253,38.909676,39.0,natural
SERC_014,SERC,-76.541096,38.875995,39.0,natural
SERC_012,SERC,-76.560977,38.878648,39.0,natural
SERC_016,SERC,-76.547547,38.899455,17.0,natural
SERC_022,SERC,-76.554591,38.875454,39.0,natural
SERC_004,SERC,-76.554055,38.87241,39.0,natural
SERC_021,SERC,-76.560181,38.896415,39.0,natural
SERC_013,SERC,-76.544434,38.871792,39.0,natural
SERC_005,SERC,-76.547604,38.893246,39.0,natural
SERC_002,SERC,-76.558917,38.895036,39.0,natural
SERC_067,SERC,-76.564037,38.890371,39.0,natural
SERC_073,SERC,-76.560083,38.881571,39.0,natural
SOAP_059,SOAP,-119.273065,37.033569,3.0,planted
SOAP_057,SOAP,-119.272777,37.034931,9.0,planted
SOAP_051,SOAP,-119.271714,37.03307,3.0,planted
SOAP_048,SOAP,-119.270426,37.035228,37.0,planted
SOAP_058,SOAP,-119.263968,37.033729,4.0,planted
SOAP_043,SOAP,-119.268722,37.034451,3.0,planted
SOAP_050,SOAP,-119.267648,37.033114,4.0,planted
SOAP_044,SOAP,-119.269313,37.031452,4.0,planted
SOAP_052,SOAP,-119.270008,37.032249,3.0,planted
SOAP_046,SOAP,-119.266634,37.032326,4.0,planted
SOAP_060,SOAP,-119.270294,37.030897,,none
SOAP_055,SOAP,-119.265314,37.033158,4.0,planted
SOAP_054,SOAP,-119.259579,37.033265,,none
SOAP_047,SOAP,-119.257597,37.034404,2.0,planted
SOAP_031,SOAP,-119.252227,37.035342,4.0,planted
SOAP_049,SOAP,-119.253559,37.03505,3.0,planted
SOAP_056,SOAP,-119.254903,37.034482,3.0,planted
SOAP_053,SOAP,-119.255871,37.033627,3.0,planted
SOAP_045,SOAP,-119.257548,37.033029,3.0,planted
SOAP_061,SOAP,-119.271407,37.034146,4.0,planted
SOAP_002,SOAP,-119.281763,37.030703,4.0,planted
SOAP_010,SOAP,-119.273802,37.03519,25.0,planted
SOAP_006,SOAP,-119.281566,37.025056,5.0,planted
SOAP_013,SOAP,-119.281718,37.029599,4.0,planted
SOAP_012,SOAP,-119.276685,37.030515,,none
SOAP_004,SOAP,-119.269483,37.037426,1.0,planted
SOAP_003,SOAP,-119.250835,37.033983,4.0,planted
SOAP_016,SOAP,-119.253018,37.028524,,none
SOAP_007,SOAP,-119.249997,37.028597,4.0,planted
SOAP_020,SOAP,-119.25697,37.036585,3.0,planted
SOAP_009,SOAP,-119.256677,37.037935,40.0,planted
SOAP_008,SOAP,-119.276287,37.0292,3.0,planted
SOAP_021,SOAP,-119.276172,37.036227,40.0,planted
SOAP_018,SOAP,-119.243605,37.028985,4.0,planted
SOAP_019,SOAP,-119.245692,37.030844,3.0,planted
SOAP_017,SOAP,-119.242317,37.030901,5.0,planted
SOAP_015,SOAP,-119.251658,37.038264,9.0,planted
SOAP_001,SOAP,-119.273529,37.037898,15.0,planted
SOAP_011,SOAP,-119.26273,37.037301,11.0,planted
SOAP_022,SOAP,-119.252655,37.038279,4.0,planted
SOAP_024,SOAP,-119.28258,37.025014,2.0,planted
STEI_058,STEI,-89.587322,45.503506,19.0,natural
STEI_051,STEI,-89.585001,45.503823,16.0,natural
STEI_056,STEI,-89.587891,45.50752,17.0,natural
STEI_046,STEI,-89.586589,45.504592,39.0,natural
STEI_061,STEI,-89.5847,45.50517,39.0,natural
STEI_062,STEI,-89.585482,45.505974,19.0,natural
STEI_052,STEI,-89.588542,45.505085,19.0,natural
STEI_055,STEI,-89.588862,45.504019,19.0,natural
STEI_047,STEI,-89.588573,45.506178,19.0,natural
STEI_053,STEI,-89.587394,45.505661,20.0,natural
STEI_048,STEI,-89.587196,45.509453,19.0,natural
STEI_060,STEI,-89.58706,45.506757,19.0,natural
STEI_054,STEI,-89.585672,45.509976,19.0,natural
STEI_049,STEI,-89.585575,45.507857,19.0,natural
STEI_057,STEI,-89.584791,45.507076,17.0,natural
STEI_050,STEI,-89.584873,45.508956,19.0,natural
STEI_059,STEI,-89.588327,45.508883,,none
STEI_005,STEI,-90.086208,45.826442,39.0,natural
STEI_009,STEI,-90.089055,45.82204,39.0,natural
STEI_012,STEI,-90.048067,45.785871,39.0,natural
STEI_017,STEI,-90.073206,45.82223,39.0,natural
STEI_019,STEI,-90.074786,45.829715,39.0,natural
STEI_003,STEI,-90.072607,45.82494,39.0,natural
STEI_007,STEI,-90.053927,45.793824,39.0,natural
STEI_002,STEI,-90.092307,45.797373,39.0,natural
STEI_011,STEI,-90.074576,45.804887,39.0,natural
STEI_010,STEI,-90.104117,45.787642,39.0,natural
STEI_008,STEI,-90.062109,45.802505,39.0,natural
STEI_015,STEI,-90.099612,45.810959,39.0,natural
STEI_016,STEI,-90.096476,45.795919,39.0,natural
STEI_004,STEI,-90.064162,45.797883,39.0,planted
STEI_013,STEI,-90.071973,45.792821,39.0,planted
STEI_001,STEI,-90.092743,45.812246,39.0,natural
STEI_021,STEI,-90.085088,45.834307,38.0,planted
STEI_006,STEI,-90.078389,45.817458,39.0,natural
STEI_014,STEI,-90.06827,45.816395,39.0,natural
STEI_022,STEI,-90.052167,45.804414,39.0,natural
STEI_023,STEI,-90.098036,45.823957,39.0,natural
TALL_003,TALL,-87.415333,32.893534,,none
TALL_005,TALL,-87.397336,32.897137,6.0,planted
TALL_009,TALL,-87.406687,32.899787,7.0,planted
TALL_012,TALL,-87.397457,32.919044,39.0,planted
TALL_004,TALL,-87.432614,32.957884,2.0,planted
TALL_010,TALL,-87.418704,32.926835,39.0,natural
TALL_007,TALL,-87.42694,32.974426,24.0,natural
TALL_002,TALL,-87.428895,32.922166,31.0,natural
TALL_022,TALL,-87.392259,32.904182,40.0,natural
TALL_015,TALL,-87.437886,32.916737,40.0,planted
TALL_016,TALL,-87.415018,32.970408,40.0,planted
TALL_011,TALL,-87.410146,32.956315,39.0,natural
TALL_018,TALL,-87.389763,32.916368,1.0,planted
TALL_006,TALL,-87.446131,32.898842,40.0,planted
TALL_013,TALL,-87.454392,32.884748,40.0,natural
TALL_001,TALL,-87.432705,32.977665,40.0,natural
TALL_017,TALL,-87.40866,32.91006,40.0,planted
TALL_020,TALL,-87.42683,32.955991,40.0,planted
TALL_008,TALL,-87.433389,32.921617,39.0,natural
TALL_043,TALL,-87.395678,32.953402,7.0,planted
TALL_049,TALL,-87.394729,32.950699,39.0,planted
TALL_046,TALL,-87.395404,32.951776,38.0,planted
TALL_061,TALL,-87.399842,32.948263,39.0,natural
TALL_052,TALL,-87.395672,32.949358,39.0,planted
TALL_050,TALL,-87.399209,32.950434,40.0,planted
TALL_051,TALL,-87.397294,32.950156,39.0,planted
TALL_057,TALL,-87.397927,32.947183,39.0,natural
TALL_060,TALL,-87.398894,32.952569,39.0,planted
TALL_055,TALL,-87.398562,32.948542,39.0,natural
TALL_058,TALL,-87.396626,32.946938,39.0,natural
TALL_045,TALL,-87.397297,32.951777,29.0,planted
TALL_059,TALL,-87.395041,32.946631,39.0,natural
TALL_054,TALL,-87.397268,32.948795,35.0,planted
TALL_056,TALL,-87.395989,32.948033,7.0,planted
TALL_044,TALL,-87.397606,32.952869,36.0,planted
TALL_047,TALL,-87.398914,32.951498,36.0,planted
TALL_048,TALL,-87.396003,32.9507,40.0,planted
TALL_042,TALL,-87.39696,32.953943,2.0,planted
TALL_053,TALL,-87.3944,32.949102,39.0,natural
TALL_064,TALL,-87.425248,32.959807,40.0,natural
TALL_025,TALL,-87.396378,32.899566,40.0,planted
TEAK_045,TEAK,-119.00382,36.997917,40.0,natural
TEAK_054,TEAK,-119.001514,36.99931,8.0,planted
TEAK_048,TEAK,-119.002542,37.00037,39.0,planted
TEAK_061,TEAK,-119.001573,37.001477,40.0,planted
TEAK_059,TEAK,-119.004259,37.001454,4.0,natural
TEAK_049,TEAK,-119.006591,37.000042,40.0,planted
TEAK_060,TEAK,-119.005596,37.000848,40.0,natural
TEAK_055,TEAK,-119.005545,36.99922,40.0,planted
TEAK_062,TEAK,-119.008964,37.000259,40.0,planted
TEAK_056,TEAK,-119.010675,37.002101,24.0,planted
TEAK_044,TEAK,-119.010045,37.003221,39.0,natural
TEAK_057,TEAK,-119.008047,37.004089,40.0,natural
TEAK_053,TEAK,-119.010746,37.004851,40.0,planted
TEAK_047,TEAK,-119.009069,37.005149,40.0,planted
TEAK_051,TEAK,-119.007333,37.002985,40.0,natural
TEAK_046,TEAK,-119.007756,37.006791,40.0,planted
TEAK_058,TEAK,-119.007606,36.998096,40.0,natural
TEAK_043,TEAK,-119.011037,36.999698,,none
TEAK_052,TEAK,-119.009507,37.008938,40.0,planted
TEAK_050,TEAK,-119.016131,37.004195,40.0,natural
TEAK_001,TEAK,-119.01647,36.976667,40.0,natural
TEAK_002,TEAK,-119.035693,36.978454,40.0,natural
TEAK_003,TEAK,-119.010619,37.012962,39.0,planted
TEAK_004,TEAK,-119.036304,37.001687,9.0,planted
TEAK_006,TEAK,-119.057146,36.975638,40.0,natural
TEAK_025,TEAK,-119.024514,36.989997,40.0,natural
TEAK_005,TEAK,-118.988578,37.058229,40.0,natural
TEAK_011,TEAK,-119.002986,37.004153,40.0,planted
TEAK_007,TEAK,-119.052104,36.999797,40.0,planted
TEAK_014,TEAK,-119.042558,37.022379,10.0,planted
TEAK_010,TEAK,-119.049096,37.014434,9.0,natural
TEAK_012,TEAK,-119.009599,37.013801,40.0,natural
TEAK_017,TEAK,-119.055283,36.994069,30.0,natural
TEAK_013,TEAK,-119.041671,36.974821,40.0,natural
TEAK_019,TEAK,-119.009213,36.97377,9.0,natural
TEAK_020,TEAK,-119.008624,37.025679,2.0,natural
TEAK_016,TEAK,-119.006407,37.030316,40.0,natural
TEAK_015,TEAK,-119.044357,36.988308,40.0,natural
TEAK_024,TEAK,-119.033679,36.993067,,none
TEAK_018,TEAK,-119.028942,36.978607,40.0,natural
TREE_042,TREE,-89.591099,45.495221,39.0,natural
TREE_053,TREE,-89.592476,45.491645,39.0,natural
TREE_049,TREE,-89.591026,45.493852,39.0,natural
TREE_046,TREE,-89.592162,45.49355,39.0,natural
TREE_055,TREE,-89.594035,45.49189,39.0,natural
TREE_056,TREE,-89.591768,45.492738,39.0,natural
TREE_050,TREE,-89.590096,45.49009,39.0,natural
TREE_054,TREE,-89.593198,45.49057,39.0,natural
TREE_052,TREE,-89.590168,45.491181,39.0,natural
TREE_051,TREE,-89.593697,45.493514,39.0,natural
TREE_057,TREE,-89.58023,45.492749,39.0,natural
TREE_025,TREE,-89.58222,45.494325,39.0,natural
TREE_043,TREE,-89.577266,45.494978,20.0,natural
TREE_044,TREE,-89.579154,45.494653,20.0,natural
TREE_048,TREE,-89.579211,45.495481,39.0,natural
TREE_047,TREE,-89.58799,45.495261,39.0,natural
TREE_041,TREE,-89.587995,45.494189,39.0,natural
TREE_040,TREE,-89.585717,45.495318,39.0,natural
TREE_039,TREE,-89.582576,45.493221,39.0,natural
TREE_045,TREE,-89.583402,45.495102,39.0,natural
TREE_017,TREE,-89.576619,45.492422,39.0,planted
TREE_019,TREE,-89.574026,45.494384,18.0,natural
TREE_010,TREE,-89.56329,45.494884,29.0,planted
TREE_016,TREE,-89.566391,45.495625,39.0,natural
TREE_001,TREE,-89.569881,45.487729,39.0,natural
TREE_014,TREE,-89.569452,45.486646,3.0,natural
TREE_009,TREE,-89.569418,45.485858,39.0,natural
TREE_060,TREE,-89.568055,45.498289,39.0,natural
TREE_012,TREE,-89.573517,45.491401,39.0,natural
TREE_005,TREE,-89.5554,45.481809,,none
TREE_011,TREE,-89.554554,45.497234,22.0,natural
TREE_018,TREE,-89.567838,45.493691,29.0,natural
TREE_003,TREE,-89.577675,45.490243,39.0,natural
TREE_007,TREE,-89.557229,45.496911,39.0,natural
TREE_008,TREE,-89.55497,45.480466,,none
TREE_006,TREE,-89.551228,45.491627,6.0,natural
TREE_004,TREE,-89.556089,45.479917,39.0,natural
TREE_002,TREE,-89.567781,45.492353,39.0,natural
TREE_015,TREE,-89.554887,45.48697,39.0,natural
TREE_023,TREE,-89.551853,45.488111,39.0,natural
TREE_062,TREE,-89.56961,45.48203,39.0,natural
TREE_064,TREE,-89.560389,45.499011,39.0,planted
TREE_022,TREE,-89.551312,45.493267,39.0,planted
TREE_063,TREE,-89.558176,45.483958,39.0,planted
UNDE_048,UNDE,-89.540445,46.232136,39.0,natural
UNDE_038,UNDE,-89.534573,46.232249,39.0,natural
UNDE_037,UNDE,-89.541941,46.231276,39.0,natural
UNDE_045,UNDE,-89.539694,46.233222,39.0,natural
UNDE_058,UNDE,-89.538847,46.23109,39.0,natural
UNDE_052,UNDE,-89.542432,46.233161,39.0,natural
UNDE_047,UNDE,-89.536561,46.23277,39.0,natural
UNDE_054,UNDE,-89.537275,46.231644,39.0,natural
UNDE_057,UNDE,-89.540913,46.234299,39.0,natural
UNDE_050,UNDE,-89.537992,46.2295,39.0,planted
UNDE_055,UNDE,-89.536012,46.229528,39.0,planted
UNDE_059,UNDE,-89.532533,46.230692,39.0,planted
UNDE_065,UNDE,-89.533647,46.236329,39.0,natural
UNDE_043,UNDE,-89.542459,46.234247,39.0,natural
UNDE_044,UNDE,-89.53264,46.231744,10.0,planted
UNDE_049,UNDE,-89.536457,46.230581,39.0,natural
UNDE_056,UNDE,-89.543158,46.232064,39.0,natural
UNDE_078,UNDE,-89.531597,46.234214,39.0,natural
UNDE_061,UNDE,-89.535041,46.233351,39.0,natural
UNDE_060,UNDE,-89.53571,46.23142,39.0,natural
UNDE_014,UNDE,-89.513299,46.22596,39.0,natural
UNDE_013,UNDE,-89.537131,46.227894,39.0,natural
UNDE_002,UNDE,-89.544805,46.243102,39.0,natural
UNDE_001,UNDE,-89.560771,46.234625,39.0,natural
UNDE_003,UNDE,-89.53609,46.256247,10.0,planted
UNDE_010,UNDE,-89.541857,46.237778,39.0,planted
UNDE_006,UNDE,-89.512657,46.254613,39.0,natural
UNDE_011,UNDE,-89.505026,46.215104,39.0,natural
UNDE_007,UNDE,-89.53615,46.248716,39.0,natural
UNDE_012,UNDE,-89.504463,46.236979,39.0,planted
UNDE_008,UNDE,-89.515052,46.256193,39.0,natural
UNDE_016,UNDE,-89.525485,46.24597,9.0,natural
UNDE_020,UNDE,-89.481736,46.207506,39.0,natural
UNDE_021,UNDE,-89.5118,46.218464,39.0,natural
UNDE_022,UNDE,-89.56955,46.230668,39.0,natural
UNDE_018,UNDE,-89.53471,46.243048,39.0,planted
UNDE_019,UNDE,-89.543562,46.258243,39.0,natural
UNDE_023,UNDE,-89.501807,46.230008,39.0,natural
UNDE_015,UNDE,-89.506506,46.231237,39.0,planted
UNDE_027,UNDE,-89.49004,46.210824,39.0,natural
WREF_089,WREF,-121.960577,45.822925,40.0,natural
WREF_082,WREF,-121.956961,45.831459,31.0,natural
WREF_077,WREF,-121.958667,45.823126,40.0,natural
WREF_083,WREF,-121.96286,45.822868,40.0,natural
WREF_086,WREF,-121.957115,45.822279,40.0,natural
WREF_081,WREF,-121.953247,45.823053,40.0,natural
WREF_076,WREF,-121.965178,45.822919,40.0,natural
WREF_070,WREF,-121.955555,45.824185,40.0,natural
WREF_074,WREF,-121.958887,45.830918,30.0,natural
WREF_072,WREF,-121.966341,45.824274,40.0,natural
WREF_080,WREF,-121.960543,45.824762,8.0,planted
WREF_073,WREF,-121.960125,45.825842,40.0,natural
WREF_079,WREF,-121.963268,45.825308,40.0,natural
WREF_085,WREF,-121.961221,45.830691,32.0,natural
WREF_084,WREF,-121.960095,45.829328,30.0,natural
WREF_078,WREF,-121.954683,45.829818,40.0,natural
WREF_088,WREF,-121.957054,45.828745,28.0,natural
WREF_087,WREF,-121.963552,45.828555,40.0,natural
WREF_075,WREF,-121.958225,45.826902,30.0,natural
WREF_071,WREF,-121.958541,45.829046,30.0,natural
WREF_012,WREF,-121.863912,45.840576,40.0,natural
WREF_016,WREF,-121.993608,45.826426,40.0,natural
WREF_015,WREF,-122.017923,45.826107,40.0,natural
WREF_013,WREF,-122.018935,45.835857,22.0,natural
WREF_001,WREF,-121.999068,45.844033,40.0,natural
WREF_003,WREF,-122.018608,45.831516,40.0,natural
WREF_018,WREF,-122.011717,45.828445,40.0,natural
WREF_020,WREF,-121.859917,45.830006,40.0,natural
WREF_002,WREF,-121.990796,45.811294,40.0,natural
WREF_019,WREF,-121.968998,45.819757,40.0,natural
WREF_010,WREF,-121.850642,45.828324,40.0,natural
WREF_007,WREF,-121.989672,45.850153,40.0,natural
WREF_008,WREF,-121.973495,45.823595,40.0,natural
WREF_006,WREF,-121.813904,45.83118,40.0,natural
WREF_005,WREF,-122.002564,45.844315,40.0,natural
WREF_014,WREF,-121.99427,45.849932,40.0,natural
WREF_009,WREF,-122.001901,45.835945,40.0,natural
WREF_011,WREF,-121.983393,45.834707,40.0,natural
WREF_004,WREF,-121.998707,45.822941,40.0,natural
WREF_017,WREF,-121.99487,45.820485,40.0,natural
DELA_013,DELA,-87.817309,32.540611,39.0,natural
DELA_003,DELA,-87.815024,32.534942,39.0,natural
DELA_005,DELA,-87.814626,32.523355,25.0,natural
DELA_011,DELA,-87.817128,32.520324,37.0,natural
DELA_004,DELA,-87.81434,32.531982,39.0,natural
DELA_018,DELA,-87.799108,32.540987,39.0,natural
DELA_014,DELA,-87.818194,32.529789,23.0,natural
DELA_015,DELA,-87.813389,32.52874,39.0,natural
DELA_012,DELA,-87.816626,32.531168,39.0,natural
DELA_010,DELA,-87.800089,32.540456,39.0,natural
DELA_016,DELA,-87.808008,32.535814,21.0,planted
DELA_001,DELA,-87.805439,32.532072,39.0,natural
DELA_019,DELA,-87.802597,32.536383,39.0,natural
DELA_017,DELA,-87.806696,32.53257,39.0,natural
DELA_009,DELA,-87.816942,32.534101,39.0,natural
DELA_002,DELA,-87.818534,32.532479,39.0,natural
DELA_007,DELA,-87.801,32.538023,39.0,natural
DELA_020,DELA,-87.801338,32.538834,39.0,natural
DELA_006,DELA,-87.803842,32.533913,39.0,natural
DELA_008,DELA,-87.814098,32.540078,39.0,natural
DELA_046,DELA,-87.805473,32.537716,39.0,natural
DELA_053,DELA,-87.804178,32.537467,39.0,natural
DELA_051,DELA,-87.806138,32.538534,39.0,natural
DELA_043,DELA,-87.806784,32.539601,19.0,natural
DELA_040,DELA,-87.804522,32.538802,39.0,natural
DELA_052,DELA,-87.808066,32.539602,39.0,natural
DELA_041,DELA,-87.80774,32.540702,39.0,natural
DELA_044,DELA,-87.806187,32.540687,39.0,natural
DELA_039,DELA,-87.805842,32.542588,19.0,natural
DELA_054,DELA,-87.803252,32.541258,39.0,natural
DELA_045,DELA,-87.803565,32.540164,39.0,natural
DELA_042,DELA,-87.805209,32.541786,39.0,natural
DELA_055,DELA,-87.807759,32.541757,39.0,natural
DELA_037,DELA,-87.801968,32.539627,39.0,natural
DELA_050,DELA,-87.805178,32.539898,39.0,natural
DELA_056,DELA,-87.80198,32.540988,39.0,natural
DELA_047,DELA,-87.800368,32.539652,39.0,natural
DELA_048,DELA,-87.799123,32.540206,39.0,natural
DELA_049,DELA,-87.802307,32.542073,39.0,natural
DELA_038,DELA,-87.806804,32.54229,39.0,natural
DELA_023,DELA,-87.812539,32.541444,39.0,natural
DELA_022,DELA,-87.816365,32.541156,19.0,natural
DELA_021,DELA,-87.819123,32.526812,39.0,natural
DELA_059,DELA,-87.803298,32.5429,39.0,natural
LENO_061,LENO,-88.163277,31.857544,39.0,natural
LENO_065,LENO,-88.162383,31.85809,39.0,natural
LENO_062,LENO,-88.161742,31.857054,39.0,natural
LENO_068,LENO,-88.16045,31.856752,39.0,natural
LENO_067,LENO,-88.15917,31.857048,39.0,natural
LENO_064,LENO,-88.160721,31.854295,7.0,natural
LENO_063,LENO,-88.160393,31.855414,39.0,natural
LENO_066,LENO,-88.161981,31.853763,39.0,natural
LENO_069,LENO,-88.163255,31.852663,2.0,natural
LENO_070,LENO,-88.161999,31.852662,39.0,natural
LENO_003,LENO,-88.188214,31.808316,31.0,natural
LENO_002,LENO,-88.193888,31.806908,39.0,natural
LENO_014,LENO,-88.19903,31.810657,39.0,natural
LENO_011,LENO,-88.183042,31.825952,17.0,natural
LENO_005,LENO,-88.181484,31.82786,39.0,natural
LENO_015,LENO,-88.191496,31.815894,39.0,natural
LENO_010,LENO,-88.185679,31.809125,39.0,natural
LENO_012,LENO,-88.179966,31.80812,39.0,natural
LENO_009,LENO,-88.181314,31.811631,39.0,natural
LENO_018,LENO,-88.184743,31.810782,39.0,natural
LENO_006,LENO,-88.187361,31.814261,39.0,natural
LENO_013,LENO,-88.199428,31.818481,39.0,natural
LENO_007,LENO,-88.202238,31.812516,39.0,natural
LENO_008,LENO,-88.189901,31.814243,39.0,natural
LENO_022,LENO,-88.204159,31.815459,39.0,natural
LENO_001,LENO,-88.177623,31.824646,39.0,natural
LENO_016,LENO,-88.184532,31.817833,39.0,natural
LENO_021,LENO,-88.170173,31.83445,39.0,natural
LENO_017,LENO,-88.168348,31.841773,39.0,natural
LENO_004,LENO,-88.182318,31.821083,39.0,natural
LENO_019,LENO,-88.194691,31.818793,39.0,natural
UKFS_032,UKFS,-95.19703,39.041659,40.0,natural
UKFS_057,UKFS,-95.193596,39.042533,40.0,planted
UKFS_051,UKFS,-95.193274,39.043335,12.0,planted
UKFS_047,UKFS,-95.190752,39.040156,40.0,natural
UKFS_055,UKFS,-95.197127,39.044352,40.0,natural
UKFS_058,UKFS,-95.191082,39.039343,40.0,natural
UKFS_060,UKFS,-95.197094,39.043013,40.0,natural
UKFS_056,UKFS,-95.188548,39.03695,40.0,natural
UKFS_054,UKFS,-95.189174,39.034222,40.0,natural
UKFS_050,UKFS,-95.197907,39.035964,39.0,natural
UKFS_046,UKFS,-95.195799,39.034931,40.0,natural
UKFS_045,UKFS,-95.194835,39.037636,40.0,natural
UKFS_043,UKFS,-95.194409,39.035201,40.0,natural
UKFS_052,UKFS,-95.195145,39.03655,40.0,natural
UKFS_059,UKFS,-95.191638,39.03528,40.0,natural
UKFS_048,UKFS,-95.191972,39.034469,40.0,natural
UKFS_049,UKFS,-95.189978,39.037194,40.0,natural
UKFS_031,UKFS,-95.192035,39.036615,40.0,natural
UKFS_044,UKFS,-95.187902,39.038041,40.0,natural
UKFS_053,UKFS,-95.189322,39.039108,40.0,natural
UKFS_007,UKFS,-95.205279,39.037233,40.0,natural
UKFS_005,UKFS,-95.204735,39.054509,40.0,natural
UKFS_004,UKFS,-95.202721,39.043184,40.0,natural
UKFS_009,UKFS,-95.201392,39.045354,,none
UKFS_006,UKFS,-95.198575,39.033807,39.0,natural
UKFS_012,UKFS,-95.198263,39.045695,40.0,natural
UKFS_002,UKFS,-95.208663,39.046329,12.0,natural
UKFS_010,UKFS,-95.185979,39.052686,40.0,natural
UKFS_003,UKFS,-95.188064,39.052642,40.0,natural
UKFS_001,UKFS,-95.196953,39.037623,40.0,natural
UKFS_011,UKFS,-95.18811,39.032382,40.0,natural
UKFS_008,UKFS,-95.189911,39.033692,40.0,natural
UKFS_017,UKFS,-95.198344,39.047564,40.0,planted
UKFS_019,UKFS,-95.195736,39.031699,40.0,natural
UKFS_016,UKFS,-95.188442,39.042666,40.0,natural
UKFS_018,UKFS,-95.192935,39.053113,,none
UKFS_014,UKFS,-95.195979,39.039804,40.0,natural
UKFS_015,UKFS,-95.204399,39.0537,40.0,natural
UKFS_013,UKFS,-95.198461,39.052723,40.0,natural
UKFS_025,UKFS,-95.189541,39.055332,,none
YELL_002,YELL,-110.634896,44.932467,,none
YELL_016,YELL,-110.583711,44.965771,,none
YELL_013,YELL,-110.542179,44.972918,,none
YELL_006,YELL,-110.562787,44.971091,,none
YELL_020,YELL,-110.648504,44.943866,,none
YELL_008,YELL,-110.613808,44.959683,,none
YELL_014,YELL,-110.618703,44.96698,,none
YELL_001,YELL,-110.410361,44.917485,,none
YELL_011,YELL,-110.59138,44.957159,,none
YELL_004,YELL,-110.593234,44.962834,,none
YELL_003,YELL,-110.533202,44.954777,,none
YELL_010,YELL,-110.395165,44.916045,,none
YELL_005,YELL,-110.631377,44.948383,,none
YELL_007,YELL,-110.428945,44.917831,,none
YELL_018,YELL,-110.494684,44.968661,,none
YELL_023,YELL,-110.63332,44.938144,40.0,planted
YELL_012,YELL,-110.433659,44.944613,23.0,natural
YELL_009,YELL,-110.501884,44.970313,40.0,natural
YELL_021,YELL,-110.418459,44.904015,40.0,natural
YELL_022,YELL,-110.432189,44.938373,40.0,natural
YELL_047,YELL,-110.534361,44.952354,2.0,planted
YELL_054,YELL,-110.537032,44.953436,2.0,planted
YELL_058,YELL,-110.535871,44.954246,2.0,planted
YELL_044,YELL,-110.534358,44.953426,,none
YELL_052,YELL,-110.539286,44.954799,40.0,planted
YELL_055,YELL,-110.537775,44.954526,40.0,planted
YELL_062,YELL,-110.53702,44.952359,2.0,planted
YELL_056,YELL,-110.534349,44.951268,2.0,planted
YELL_048,YELL,-110.536649,44.951273,2.0,planted
YELL_060,YELL,-110.543091,44.954011,,none
YELL_051,YELL,-110.541571,44.954277,,none
YELL_053,YELL,-110.537804,44.949928,,none
YELL_045,YELL,-110.536291,44.950204,2.0,planted
YELL_046,YELL,-110.541582,44.952363,3.0,planted
YELL_061,YELL,-110.540441,44.953449,3.0,planted
YELL_049,YELL,-110.538939,44.951556,,none
YELL_059,YELL,-110.540065,44.952375,40.0,planted
YELL_043,YELL,-110.540081,44.950475,,none
YELL_050,YELL,-110.543079,44.95508,,none
YELL_057,YELL,-110.544609,44.95536,,none
YELL_015,YELL,-110.38335,44.919496,,none
BONA_072,BONA,-147.502131,65.157144,39.0,natural
BONA_079,BONA,-147.50471,65.15847,39.0,natural
BONA_070,BONA,-147.509712,65.153632,39.0,natural
BONA_075,BONA,-147.507859,65.158209,39.0,natural
BONA_078,BONA,-147.507861,65.156592,39.0,natural
BONA_076,BONA,-147.502084,65.155812,39.0,natural
BONA_082,BONA,-147.512298,65.156573,23.0,natural
BONA_071,BONA,-147.507196,65.154979,23.0,natural
BONA_087,BONA,-147.502127,65.158493,39.0,natural
BONA_084,BONA,-147.512957,65.155247,23.0,natural
BONA_080,BONA,-147.512286,65.153889,39.0,natural
BONA_086,BONA,-147.511623,65.15282,39.0,natural
BONA_088,BONA,-147.505953,65.15741,39.0,natural
BONA_089,BONA,-147.511087,65.155778,23.0,natural
BONA_085,BONA,-147.507156,65.153907,39.0,natural
BONA_083,BONA,-147.49758,65.154212,,none
BONA_074,BONA,-147.495004,65.154223,,none
BONA_081,BONA,-147.498863,65.155823,,none
BONA_077,BONA,-147.496312,65.15528,39.0,natural
BONA_073,BONA,-147.496992,65.156626,,none
BONA_014,BONA,-147.463406,65.17585,39.0,natural
BONA_011,BONA,-147.535493,65.195526,39.0,natural
BONA_001,BONA,-147.478155,65.174447,39.0,natural
BONA_018,BONA,-147.537397,65.193366,39.0,natural
BONA_023,BONA,-147.511225,65.16574,,none
BONA_009,BONA,-147.520277,65.169192,25.0,natural
BONA_002,BONA,-147.527149,65.163534,23.0,natural
BONA_012,BONA,-147.539152,65.153226,39.0,natural
BONA_008,BONA,-147.569318,65.156637,39.0,natural
BONA_093,BONA,-147.504653,65.155786,39.0,natural
BONA_007,BONA,-147.444473,65.193678,39.0,natural
BONA_005,BONA,-147.588585,65.160855,39.0,natural
BONA_021,BONA,-147.456573,65.151634,20.0,planted
BONA_026,BONA,-147.477756,65.192484,39.0,natural
BONA_022,BONA,-147.478421,65.1575,,none
BONA_010,BONA,-147.473951,65.157503,,none
BONA_003,BONA,-147.486275,65.201069,39.0,natural
BONA_004,BONA,-147.536694,65.190675,39.0,natural
BONA_006,BONA,-147.544089,65.176107,21.0,natural
BONA_016,BONA,-147.507406,65.199927,39.0,natural
BONA_013,BONA,-147.559452,65.17688,39.0,natural
DEJU_050,DEJU,-145.757613,63.880773,39.0,planted
DEJU_051,DEJU,-145.756523,63.878314,,none
DEJU_049,DEJU,-145.739296,63.88086,39.0,planted
DEJU_057,DEJU,-145.74124,63.878472,,none
DEJU_047,DEJU,-145.739248,63.88224,39.0,natural
DEJU_052,DEJU,-145.742293,63.881972,,none
DEJU_045,DEJU,-145.742977,63.880889,,none
DEJU_056,DEJU,-145.746585,63.881203,39.0,natural
DEJU_061,DEJU,-145.744879,63.87929,39.0,planted
DEJU_064,DEJU,-145.75948,63.88024,39.0,planted
DEJU_054,DEJU,-145.761422,63.878098,39.0,natural
DEJU_060,DEJU,-145.754647,63.8791,39.0,natural
DEJU_046,DEJU,-145.753497,63.877756,39.0,natural
DEJU_055,DEJU,-145.756002,63.876147,39.0,natural
DEJU_063,DEJU,-145.756557,63.877252,39.0,natural
DEJU_059,DEJU,-145.760666,63.881314,39.0,planted
DEJU_048,DEJU,-145.753351,63.881243,39.0,natural
DEJU_062,DEJU,-145.753398,63.880191,39.0,natural
DEJU_058,DEJU,-145.759013,63.876998,39.0,natural
DEJU_053,DEJU,-145.763712,63.881614,39.0,planted
DEJU_010,DEJU,-145.751463,63.937523,,none
DEJU_004,DEJU,-145.766038,63.912331,,none
DEJU_003,DEJU,-145.751133,63.930794,,none
DEJU_023,DEJU,-145.761389,63.934644,,none
DEJU_008,DEJU,-145.761176,63.897474,,none
DEJU_019,DEJU,-145.75105,63.891194,21.0,natural
DEJU_005,DEJU,-145.75386,63.896876,,none
DEJU_001,DEJU,-145.769965,63.89244,,none
DEJU_007,DEJU,-145.726499,63.866754,,none
DEJU_015,DEJU,-145.741425,63.87415,,none
DEJU_017,DEJU,-145.780721,63.883388,39.0,planted
DEJU_014,DEJU,-145.747612,63.831139,39.0,natural
DEJU_006,DEJU,-145.748058,63.835171,39.0,planted
DEJU_021,DEJU,-145.742041,63.860681,39.0,natural
DEJU_002,DEJU,-145.720429,63.879623,19.0,planted
DEJU_024,DEJU,-145.77447,63.887095,39.0,natural
DEJU_016,DEJU,-145.759874,63.857875,39.0,natural
DEJU_009,DEJU,-145.760668,63.853315,39.0,natural
DEJU_018,DEJU,-145.755235,63.837932,,none
DEJU_020,DEJU,-145.733569,63.845012,39.0,natural
HEAL_072,HEAL,-149.217768,63.874967,,none
HEAL_063,HEAL,-149.213458,63.874773,,none
HEAL_070,HEAL,-149.210384,63.874539,,none
HEAL_060,HEAL,-149.208549,63.874304,,none
HEAL_071,HEAL,-149.207344,63.874602,,none
HEAL_050,HEAL,-149.206114,63.874351,,none
HEAL_067,HEAL,-149.210226,63.872125,,none
HEAL_068,HEAL,-149.204963,63.874888,,none
HEAL_064,HEAL,-149.204268,63.8741,,none
HEAL_062,HEAL,-149.20905,63.872949,,none
HEAL_061,HEAL,-149.213818,63.87126,,none
HEAL_073,HEAL,-149.213929,63.872603,,none
HEAL_052,HEAL,-149.212668,63.872083,,none
HEAL_066,HEAL,-149.215103,63.872048,,none
HEAL_058,HEAL,-149.2134,63.873693,,none
HEAL_069,HEAL,-149.21519,63.873409,,none
HEAL_048,HEAL,-149.210438,63.875088,,none
HEAL_054,HEAL,-149.206228,63.875398,,none
HEAL_053,HEAL,-149.219446,63.873334,,none
HEAL_074,HEAL,-149.218255,63.873616,,none
HEAL_056,HEAL,-149.215246,63.874216,,none
HEAL_051,HEAL,-149.217694,63.87417,,none
HEAL_065,HEAL,-149.221417,63.87465,,none
HEAL_057,HEAL,-149.221445,63.875183,,none
HEAL_046,HEAL,-149.216447,63.873367,,none
HEAL_059,HEAL,-149.217564,63.872278,,none
HEAL_055,HEAL,-149.222557,63.873815,,none
HEAL_047,HEAL,-149.220657,63.872772,,none
HEAL_010,HEAL,-149.263772,63.877228,,none
HEAL_002,HEAL,-149.240036,63.871136,,none
HEAL_003,HEAL,-149.22988,63.865625,,none
HEAL_014,HEAL,-149.27372,63.886767,,none
HEAL_022,HEAL,-149.212622,63.887474,,none
HEAL_023,HEAL,-149.282289,63.887447,,none
HEAL_021,HEAL,-149.264221,63.8907,,none
HEAL_001,HEAL,-149.20477,63.88839,,none
HEAL_016,HEAL,-149.202685,63.877347,,none
HEAL_020,HEAL,-149.271288,63.871707,,none
HEAL_006,HEAL,-149.287604,63.869586,,none
HEAL_019,HEAL,-149.287199,63.894643,,none
HEAL_011,HEAL,-149.301221,63.887138,,none
HEAL_025,HEAL,-149.287886,63.87307,39.0,planted
HEAL_018,HEAL,-149.249124,63.862656,,none
HEAL_017,HEAL,-149.260444,63.866486,,none
HEAL_004,HEAL,-149.273634,63.863602,,none
HEAL_005,HEAL,-149.225089,63.897743,,none
HEAL_015,HEAL,-149.209551,63.894284,,none
HEAL_049,HEAL,-149.210328,63.873742,,none
HEAL_026,HEAL,-149.18997,63.886716,39.0,natural
HEAL_045,HEAL,-149.21903,63.875485,,none
HEAL_024,HEAL,-149.287305,63.881158,,none
