plotID,siteID,S,N,q1,q2,cov,rare10,f1,f2
ABBY_001,ABBY,3,7,2.2173474522732106,1.8148148148148147,0.7551020408163266,,2,0
ABBY_002,ABBY,2,9,1.8898815748423097,1.7999999999999998,1.0,,0,0
ABBY_003,ABBY,1,16,1.0,1.0,1.0,1.0,0,0
ABBY_004,ABBY,1,15,1.0,1.0,1.0,1.0,0,0
ABBY_006,ABBY,1,20,1.0,1.0,1.0,1.0,0,0
ABBY_007,ABBY,2,8,1.4575692649810903,1.28,0.9027777777777778,,1,0
ABBY_008,ABBY,1,11,1.0,1.0,1.0,1.0,0,0
ABBY_009,ABBY,1,33,1.0,1.0,1.0,1.0,0,0
ABBY_010,ABBY,2,19,1.2289892094880017,1.110769230769231,0.9526315789473684,1.5263157894736843,1,0
ABBY_011,ABBY,1,1,1.0,1.0,,,1,0
ABBY_013,ABBY,1,12,1.0,1.0,1.0,1.0,0,0
ABBY_014,ABBY,4,11,2.4243759512390586,1.8059701492537312,0.7443181818181819,3.727272727272727,3,0
ABBY_016,ABBY,2,23,1.1958352709427176,1.090721649484536,0.9601449275362319,1.4347826086956523,1,0
ABBY_017,ABBY,2,26,1.4299323848799934,1.2565055762081785,1.0,1.7846153846153845,0,0
ABBY_019,ABBY,1,23,1.0,1.0,1.0,1.0,0,0
ABBY_023,ABBY,5,60,3.978429098251206,3.5785288270377733,1.0,3.825498807747299,0,1
ABBY_025,ABBY,2,25,1.871741830659702,1.7705382436260622,1.0,1.9940503432494279,0,0
ABBY_061,ABBY,1,66,1.0,1.0,1.0,1.0,0,0
ABBY_062,ABBY,1,63,1.0,1.0,1.0,1.0,0,0
ABBY_063,ABBY,1,35,1.0,1.0,1.0,1.0,0,0
ABBY_064,ABBY,1,22,1.0,1.0,1.0,1.0,0,0
ABBY_065,ABBY,1,26,1.0,1.0,1.0,1.0,0,0
ABBY_066,ABBY,1,1,1.0,1.0,,,1,0
ABBY_067,ABBY,1,70,1.0,1.0,1.0,1.0,0,0
ABBY_068,ABBY,2,41,1.1214979894043937,1.0499687695190507,0.9767711962833914,1.2439024390243902,1,0
ABBY_069,ABBY,2,43,1.1167839111004445,1.0475920679886686,0.9778012684989429,1.2325581395348837,1,0
ABBY_070,ABBY,1,55,1.0,1.0,1.0,1.0,0,0
ABBY_073,ABBY,2,62,1.0860691983497126,1.0327780763030627,0.9843830005120328,1.161290322580645,1,0
ABBY_074,ABBY,1,56,1.0,1.0,1.0,1.0,0,0
ABBY_075,ABBY,1,34,1.0,1.0,1.0,1.0,0,0
ABBY_076,ABBY,1,36,1.0,1.0,1.0,1.0,0,0
ABBY_077,ABBY,3,33,1.5488224884555977,1.2796709753231492,0.9714795008912656,1.9784335288367547,1,0
BART_001,BART,6,39,2.318493854074562,1.6372443487621098,0.8987678987678988,2.8193821351716086,4,0
BART_002,BART,3,28,2.0257058466839943,1.7422222222222221,0.9667487684729064,2.330265386787126,1,0
BART_003,BART,9,39,6.369433732014884,5.12121212121212,0.9524702939337085,5.307266508305158,2,3
BART_004,BART,5,25,3.8597116478768614,3.2051282051282053,0.963076923076923,4.037659540620909,1,0
BART_005,BART,3,15,2.586409289858933,2.272727272727273,1.0,2.956043956043956,0,0
BART_006,BART,5,22,2.313422090811051,1.6351351351351353,0.8678321678321679,3.077922077922078,3,1
BART_007,BART,4,19,2.348894280002719,1.7609756097560978,0.9569377990430622,3.105263157894737,1,2
BART_010,BART,7,65,5.854572592261238,5.146163215590742,1.0,5.019412500628696,0,0
BART_011,BART,5,37,3.1411720117906192,2.332197614991482,0.9743954480796586,3.553607268134848,1,0
BART_012,BART,3,17,2.1233067957605125,1.7950310559006208,0.9477124183006536,2.573529411764706,1,0
BART_013,BART,2,17,1.4365013757341831,1.2620087336244543,1.0,1.8455882352941178,0,1
BART_015,BART,5,46,3.1450551722399767,2.6253101736972706,0.9791859389454209,3.2400737480660275,1,1
BART_016,BART,6,22,4.042195235055104,2.91566265060241,0.9646464646464646,4.45454390810428,1,3
BART_018,BART,9,34,5.74945589887442,4.218978102189781,0.884108867427568,5.092017769793729,4,1
BART_019,BART,8,44,5.231471428791501,4.190476190476191,0.9328591256072172,4.680502006874518,3,1
BART_023,BART,7,49,2.592835301957294,1.7745750184774574,0.9192089206816747,3.0071693626556066,4,1
BART_024,BART,2,32,1.7547653506033232,1.6,1.0,1.9695986994096004,0,0
BART_025,BART,4,28,3.027042791456239,2.6133333333333333,0.9667487684729064,3.2430641059931675,1,0
BART_026,BART,4,34,2.1327655699895685,1.6373937677053827,0.9722689075630252,2.64938761428325,1,1
BART_027,BART,3,31,1.9904573224038415,1.5990016638935107,1.0,2.513904338153504,0,0
BART_028,BART,4,21,2.330644402002197,1.814814814814815,0.909297052154195,2.8972431077694236,2,0
BART_032,BART,9,81,3.8911928582384534,2.9069561364643337,0.9509240088950234,3.6361429387413584,4,0
BART_033,BART,7,52,3.466530420310008,2.3971631205673756,0.9430521091811415,3.7041406989072234,3,0
BART_034,BART,7,59,4.710718770462289,3.9873997709049256,0.9836158192090395,4.259599418594084,1,1
BART_036,BART,6,70,3.9798733601137934,3.0284301606922135,1.0,3.966592177933459,0,1
BART_037,BART,6,51,3.6274140787124196,2.7818181818181813,0.9811463046757164,3.7053067467548084,1,1
BART_039,BART,6,51,4.015617004697733,3.3303457106274004,0.9811463046757164,3.887315959019195,1,1
BART_040,BART,8,52,5.392348337879554,4.4916943521594686,0.9622781065088757,4.687489267194055,2,1
BART_041,BART,6,63,4.333202523622043,3.6312900274473927,0.9846230158730159,4.133820114810108,1,0
BART_042,BART,10,63,6.4083380478412995,5.243064729194188,0.9370158730158731,5.158212262559399,4,0
BART_044,BART,5,70,3.1086771808988956,2.5654450261780104,1.0,3.195272484557855,0,2
BART_046,BART,8,71,4.778054111776654,3.764749813293502,0.9581450969970768,4.347581302381544,3,0
BART_047,BART,7,62,4.155247042979558,3.377855887521969,0.9853153586904189,3.893579217511334,1,3
BART_050,BART,8,73,3.801823482278934,2.5101271785209613,0.9729780446612873,3.8883328124571745,2,1
BART_051,BART,9,49,5.0884958337113355,3.7457098283931356,0.9404302261445119,4.529290437454149,3,2
BART_070,BART,7,68,3.724927657627594,2.8613861386138613,0.9861226180613091,3.6258745018297702,1,2
BART_071,BART,10,63,4.354791583495982,3.1425178147268413,0.9052711993888465,3.956244557041206,6,0
BART_072,BART,4,54,3.411378401997964,2.9574036511156185,1.0,3.5425232978127745,0,0
BART_073,BART,7,84,3.8573410762035225,3.2666666666666666,0.9645702902675014,3.6361428109991465,3,0
BART_074,BART,5,54,2.513064910615954,2.0564174894217206,0.9636488340192044,2.6895322099587893,2,1
BART_075,BART,5,59,3.6805243946302264,2.9575191163976213,1.0,3.7660421991681137,0,0
BLAN_001,BLAN,8,20,6.182596898509365,5.128205128205128,0.8051282051282052,5.636222910216718,4,1
BLAN_005,BLAN,11,16,9.513656920021766,8.0,0.5161290322580645,7.741758241758242,8,2
BLAN_007,BLAN,7,11,5.857725991919796,4.84,0.5629370629370629,6.545454545454545,5,1
BLAN_009,BLAN,3,12,2.505348345611202,2.32258064516129,0.9294871794871795,2.8333333333333335,1,0
BLAN_011,BLAN,4,8,3.363585661014858,2.909090909090909,0.78125,,2,1
BLAN_012,BLAN,4,18,2.8289611131475527,2.28169014084507,0.9502923976608187,3.349673202614379,1,1
BLAN_013,BLAN,8,17,5.26341397946346,3.6582278481012653,0.6542617046818727,5.477941176470589,6,0
BLAN_015,BLAN,4,22,2.5167808919343124,2.0683760683760686,0.9132231404958677,2.8967070081621165,2,0
BLAN_017,BLAN,8,18,6.521613769809481,5.586206896551723,0.7841269841269841,5.9411764705882355,4,1
BLAN_018,BLAN,8,19,4.4071179957395525,2.7557251908396947,0.6899521531100479,4.947368421052632,6,1
BLAN_032,BLAN,3,4,2.82842712474619,2.6666666666666665,0.625,,2,1
BLAN_035,BLAN,2,9,1.9876669750024174,1.975609756097561,1.0,,0,0
BLAN_036,BLAN,2,17,1.2507183622782252,1.1245136186770428,0.9477124183006536,1.5882352941176472,1,0
BLAN_044,BLAN,2,2,2.0,2.0,0.5,,2,0
BLAN_047,BLAN,3,24,2.208636317342514,1.986206896551724,0.9616666666666667,2.412583568896666,1,0
BLAN_048,BLAN,4,9,3.369922186199325,3.0,0.8024691358024691,,2,0
BLAN_050,BLAN,1,19,1.0,1.0,1.0,1.0,0,0
BLAN_052,BLAN,4,10,3.216463455324144,2.7777777777777777,0.82,4.0,2,0
BLAN_053,BLAN,1,1,1.0,1.0,,,1,0
BLAN_057,BLAN,2,8,1.9378192408783848,1.8823529411764706,1.0,,0,0
BLAN_063,BLAN,6,19,4.10892430380254,3.033613445378152,0.9052631578947369,4.544891640866873,2,2
GRSM_001,GRSM,7,17,5.802233094330744,5.070175438596491,0.8305882352941176,5.540723981900452,3,1
GRSM_002,GRSM,8,43,5.119918070128863,3.9090909090909087,0.9545700378583017,4.638711317845007,2,1
GRSM_003,GRSM,6,11,4.666017038523991,3.666666666666667,0.6536796536796536,5.636363636363637,4,1
GRSM_004,GRSM,9,25,4.933745127235073,3.3422459893048133,0.7232941176470589,4.771651635482568,7,0
GRSM_005,GRSM,6,16,4.963225915211198,4.266666666666667,0.8828125,5.053446553446554,2,1
GRSM_006,GRSM,7,33,4.8804315107245415,3.9600000000000004,0.9412304866850322,4.569728559661819,2,1
GRSM_007,GRSM,6,24,2.87389958579782,1.9199999999999995,0.8818493150684932,3.5905797101449273,3,2
GRSM_008,GRSM,5,25,2.93169990440515,2.3764258555133075,0.8832432432432432,3.1940469780589584,3,0
GRSM_009,GRSM,6,15,4.86550222667393,4.245283018867924,0.8090909090909091,4.974025974025974,3,0
GRSM_010,GRSM,5,11,4.013570290623977,3.457142857142857,0.7443181818181819,4.727272727272727,3,0
GRSM_011,GRSM,12,25,10.294887715844663,9.057971014492752,0.8125,7.276284584980237,5,4
GRSM_012,GRSM,8,20,6.825575036930731,5.88235294117647,0.9136363636363636,6.0735294117647065,2,3
GRSM_013,GRSM,11,35,7.8907405492698,6.413612565445027,0.8604269293924467,6.000934745422084,5,2
GRSM_014,GRSM,7,28,5.04434123391372,4.21505376344086,0.8954388984509467,4.704952941795047,3,0
GRSM_015,GRSM,11,36,9.06510375098006,8.1,0.8904538341158059,6.557796725728415,4,0
GRSM_016,GRSM,4,44,2.8816826849369788,2.588235294117647,0.9782828282828283,2.968418858662761,1,0
GRSM_017,GRSM,10,32,6.817522530519254,4.970873786407767,0.87890625,5.671009857974239,4,2
GRSM_018,GRSM,9,34,5.641449573576343,4.281481481481481,0.8858131487889274,4.945936646397943,4,2
GRSM_019,GRSM,10,34,7.661631026236403,6.1489361702127665,0.9475357710651828,6.014298830136689,2,4
GRSM_025,GRSM,3,53,2.518480237069768,2.2135539795114263,1.0,2.7583248137177323,0,0
GRSM_047,GRSM,10,58,7.9519734482041695,6.674603174603174,0.9833430742255991,5.948988111344402,1,1
GRSM_048,GRSM,14,37,10.502901574621003,7.913294797687861,0.871977240398293,6.894813255549041,5,5
GRSM_049,GRSM,10,57,5.321119865326482,4.1178707224334605,0.912902824436979,4.520731404090954,5,1
GRSM_050,GRSM,6,47,3.7444837659359966,3.1244695898161248,0.9583521955636034,3.667757701913024,2,1
GRSM_051,GRSM,13,53,7.37805928274639,4.78534923339012,0.9077883387714569,5.58260657391318,5,3
GRSM_052,GRSM,10,59,6.178959351160878,4.748976807639836,0.9327828480370853,5.076579304536367,4,0
GRSM_053,GRSM,3,34,1.5585521545710281,1.2731277533039649,1.0,2.016042780748663,0,2
GRSM_054,GRSM,6,31,3.371929433242638,2.6473829201101933,0.9053295932678822,3.508108702247117,3,1
GRSM_055,GRSM,9,33,5.393030569519429,4.048327137546469,0.8503554059109615,4.803416242946276,5,1
GRSM_056,GRSM,15,46,9.067088719629789,5.877777777777778,0.851595100282676,6.193338339348819,7,4
GRSM_057,GRSM,12,42,7.88717604033508,5.727272727272727,0.9081232492997199,5.877430013048831,4,3
GRSM_058,GRSM,7,24,4.705020503136421,3.5555555555555554,0.8785211267605634,4.693200683643543,3,1
GRSM_059,GRSM,8,67,5.404608190365643,4.502507522567704,0.9705947872577412,4.683005261920992,2,0
GRSM_060,GRSM,9,50,4.095485263211356,2.653927813163482,0.9216,4.072689419683034,4,2
GRSM_061,GRSM,10,58,5.782095784315026,4.357512953367875,0.9316341829085457,4.8366446506500615,4,0
GRSM_062,GRSM,9,60,6.1285646157438745,4.411764705882352,0.983879781420765,5.19450507329858,1,1
GRSM_063,GRSM,6,34,3.3205273021460706,2.6759259259259256,0.913511939429237,3.3873507700177856,3,1
GRSM_064,GRSM,8,44,5.290080596137648,4.101694915254237,0.9800556586270872,4.716992834749648,1,3
GRSM_065,GRSM,12,45,7.0993396712729,5.152671755725191,0.8686567164179104,5.471789162537588,6,2
GRSM_066,GRSM,14,26,11.572055620321164,9.657142857142857,0.7012696041822255,7.565703861356035,8,3
HARV_001,HARV,4,16,3.794197929058648,3.657142857142857,1.0,3.864010989010989,0,1
HARV_002,HARV,5,20,4.599922316248868,4.25531914893617,1.0,4.569659442724458,0,1
HARV_004,HARV,8,12,7.236983800357897,6.545454545454545,0.6115819209039548,7.136363636363637,5,2
HARV_005,HARV,5,32,3.3534761195718903,2.8131868131868134,0.939453125,3.4763714761725835,2,0
HARV_006,HARV,5,33,3.250521084116893,2.599045346062053,0.9714795008912656,3.4780456334544207,1,1
HARV_008,HARV,4,14,3.454436655786227,3.1612903225806455,0.9380952380952381,3.7022977022977024,1,0
HARV_010,HARV,5,17,3.973242082371889,3.4819277108433733,0.889273356401384,4.1470074043603455,2,0
HARV_011,HARV,9,25,7.886966806002418,7.18390804597701,0.9288888888888889,6.369762845849802,2,3
HARV_012,HARV,6,17,4.949176784493509,4.313432835820896,0.889273356401384,4.955316742081448,2,1
HARV_013,HARV,4,13,2.2116305638083653,1.6407766990291262,0.7813765182186234,3.3076923076923075,3,0
HARV_014,HARV,4,27,3.668803162358954,3.4225352112676055,1.0,3.7212827684223564,0,0
HARV_015,HARV,4,32,2.7140122920831713,2.403755868544601,0.9706439393939394,2.845794441488933,1,1
HARV_016,HARV,7,35,4.843372787625888,3.816199376947041,0.9444897959183673,4.589476947619982,2,1
HARV_017,HARV,5,18,4.047064089474275,3.4468085106382977,0.9502923976608187,4.281022898669957,1,1
HARV_020,HARV,5,22,3.2333743213681756,2.4693877551020407,0.9132231404958677,3.6985645933014357,2,0
HARV_021,HARV,3,11,2.5004354220773655,2.2830188679245285,0.9242424242424242,2.909090909090909,1,0
HARV_022,HARV,5,35,2.4532098604758477,1.7475035663338083,0.9744360902255639,3.0357142857142856,1,2
HARV_023,HARV,2,27,1.302195976214733,1.1589825119236883,1.0,1.6125356125356125,0,1
HARV_024,HARV,2,7,1.5069930657725377,1.3243243243243243,0.8928571428571429,,1,0
HARV_025,HARV,8,31,5.3149885599930204,3.626415094339623,0.9731182795698925,5.079908432880334,1,3
HARV_026,HARV,9,26,6.504477807991793,4.828571428571428,0.8931623931623931,5.707522495003986,3,3
HARV_027,HARV,5,26,4.372587343530096,4.121951219512195,0.9643874643874644,4.226179769886864,1,0
HARV_033,HARV,8,48,4.3964822208350665,3.339130434782609,0.9175438596491228,4.134512996587737,4,0
HARV_034,HARV,6,85,4.78799635930217,4.323758228605626,0.9885088919288646,4.377815196483563,1,0
HARV_035,HARV,8,116,3.964977329796685,2.990222222222222,0.9829072532699168,3.7887402535161963,2,1
HARV_036,HARV,8,46,5.3453964747509355,3.9330855018587365,0.9791859389454209,4.835848648940282,1,1
HARV_037,HARV,5,50,2.8712281585902475,2.224199288256228,0.9807843137254902,3.1458073996062743,1,0
HARV_038,HARV,8,97,4.861801082310329,3.7802330253113703,0.9899011150852094,4.353586503942489,1,1
HARV_039,HARV,6,67,3.7124289567275173,3.115197779319917,0.9705947872577412,3.621515920552238,2,0
HARV_040,HARV,6,45,4.0696232547885725,3.449744463373083,0.9565432098765432,3.928292423769631,2,0
HARV_041,HARV,11,59,4.906199447537858,3.2321262766945216,0.8988861985472155,4.366691358312147,6,0
HARV_042,HARV,4,55,3.8609063116406586,3.7207872078720787,1.0,3.768791223875666,0,0
HARV_043,HARV,7,39,4.69320233935489,3.6650602409638555,0.9778554778554779,4.4404294152371655,1,3
HARV_044,HARV,8,78,4.193439162023244,2.730700179533214,0.9875040571243103,4.162162616562342,1,1
HARV_045,HARV,6,59,4.246067542461802,3.5923632610939102,0.9836158192090395,4.036478770188957,1,0
HARV_046,HARV,7,90,4.85959502832684,3.9473684210526323,0.9891330891330892,4.426241360854066,1,0
HARV_047,HARV,10,92,5.104941842060873,3.7955156950672637,0.9676284584980237,4.3937802524630465,3,0
HARV_048,HARV,8,99,3.7551618018046353,2.755411863930278,0.9802020202020202,3.6657675245882135,2,2
HARV_049,HARV,7,65,3.60551356274969,2.6893698281349456,0.9701631701631701,3.637089851766313,2,2
HARV_050,HARV,8,98,4.600754886489536,3.621417797888386,0.9902000404122044,4.1682011407983275,1,2
HARV_051,HARV,9,87,4.520390155725166,3.578723404255318,0.9660436957093972,4.029744269909021,3,2
HARV_052,HARV,7,68,3.487147948465554,2.4543524416135885,0.9710207612456747,3.651929775514407,2,1
JERC_001,JERC,1,1,1.0,1.0,,,1,0
JERC_002,JERC,1,5,1.0,1.0,1.0,,0,0
JERC_003,JERC,9,25,6.558062674867428,5.1652892561983474,0.8464,5.667963386727689,4,2
JERC_005,JERC,1,4,1.0,1.0,1.0,,0,0
JERC_007,JERC,1,2,1.0,1.0,1.0,,0,1
JERC_009,JERC,1,1,1.0,1.0,,,1,0
JERC_010,JERC,4,7,3.1700328249236738,2.5789473684210527,0.6142857142857143,,3,0
JERC_011,JERC,1,4,1.0,1.0,1.0,,0,0
JERC_016,JERC,6,8,5.298702257124207,4.571428571428571,0.40878378378378377,,5,0
JERC_030,JERC,1,1,1.0,1.0,,,1,0
JERC_047,JERC,6,23,3.2085001874767216,2.1950207468879666,0.8734015345268542,3.8345567476002262,3,1
JERC_048,JERC,1,7,1.0,1.0,1.0,,0,0
JERC_049,JERC,2,19,1.4000329297344922,1.2320819112627985,1.0,1.7894736842105263,0,1
JERC_050,JERC,6,13,4.883053958075945,4.121951219512195,0.7813765182186234,5.265734265734266,3,1
JERC_051,JERC,2,17,1.2507183622782252,1.1245136186770428,0.9477124183006536,1.5882352941176472,1,0
JERC_052,JERC,2,4,1.7547653506033232,1.6,0.85,,1,0
JERC_053,JERC,1,21,1.0,1.0,1.0,1.0,0,0
JERC_054,JERC,14,60,6.793302564627648,4.235294117647059,0.9022099447513812,5.199815103043967,6,4
JERC_055,JERC,1,2,1.0,1.0,1.0,,0,1
JERC_056,JERC,1,2,1.0,1.0,1.0,,0,1
JERC_057,JERC,9,36,7.673614304296589,7.043478260869565,0.9459876543209876,6.042397750889212,2,1
JERC_058,JERC,1,3,1.0,1.0,1.0,,0,0
JERC_059,JERC,1,8,1.0,1.0,1.0,,0,0
JERC_060,JERC,3,11,2.137308637435014,1.7536231884057971,0.9242424242424242,2.909090909090909,1,1
JERC_061,JERC,2,10,1.384145488461686,1.2195121951219512,0.9181818181818182,2.0,1,0
JERC_062,JERC,3,11,2.137308637435014,1.7536231884057971,0.9242424242424242,2.909090909090909,1,1
JERC_063,JERC,1,4,1.0,1.0,1.0,,0,0
JERC_064,JERC,1,8,1.0,1.0,1.0,,0,0
JERC_065,JERC,1,7,1.0,1.0,1.0,,0,0
JERC_066,JERC,1,3,1.0,1.0,1.0,,0,0
MLBS_001,MLBS,5,26,3.1954410019789203,2.640625,0.9260355029585798,3.396284829721362,2,1
MLBS_002,MLBS,5,20,3.68198059600527,2.9850746268656714,0.9586956521739131,4.010056506960532,1,2
MLBS_003,MLBS,5,19,3.6501743057256792,2.8880000000000003,0.9569377990430622,4.072755417956657,1,2
MLBS_004,MLBS,10,21,8.825140263249535,8.01818181818182,0.8185941043083901,6.953634085213032,4,2
MLBS_005,MLBS,7,20,4.793116637422951,3.3898305084745757,0.9173913043478261,5.052626166403257,2,4
MLBS_006,MLBS,4,13,3.3360694735848733,2.964912280701754,0.9340659340659341,3.730769230769231,1,1
MLBS_007,MLBS,4,23,3.328590243716063,3.0935672514619883,0.9601449275362319,3.3930350172105457,1,0
MLBS_008,MLBS,5,22,2.993895655709594,2.220183486238532,0.9132231404958677,3.5557074504442925,2,1
MLBS_009,MLBS,6,28,4.463081953038504,3.62962962962963,0.9667487684729064,4.426724762651536,1,1
MLBS_010,MLBS,7,26,4.32249408867734,2.9911504424778763,0.9313186813186813,4.5397869057850215,2,3
MLBS_011,MLBS,5,26,3.354513183927748,2.704,0.9260355029585798,3.612696604781677,2,0
MLBS_012,MLBS,5,23,3.2616829861716026,2.4155251141552507,0.9601449275362319,3.803500846979108,1,1
MLBS_013,MLBS,7,35,5.701759626112201,5.041152263374485,0.973015873015873,5.053257893930537,1,1
MLBS_014,MLBS,7,12,6.17232737686821,5.538461538461537,0.6811594202898551,6.318181818181818,4,1
MLBS_015,MLBS,10,19,9.324958146297195,8.804878048780488,0.8667763157894737,7.352941176470589,3,5
MLBS_016,MLBS,7,22,5.141559147971689,4.033333333333333,0.9204545454545454,5.021430581802099,2,3
MLBS_017,MLBS,5,41,3.407107578554486,2.9857904085257547,0.9524092801903629,3.408105454998153,2,0
MLBS_018,MLBS,7,24,5.764888020530068,5.142857142857142,0.9201388888888888,5.232057416267942,2,1
MLBS_019,MLBS,4,25,3.464117075602811,3.0487804878048785,1.0,3.665920410186126,0,0
MLBS_020,MLBS,5,10,4.352752816480621,3.846153846153846,0.8363636363636363,5.0,2,2
MLBS_061,MLBS,8,65,6.726885803306534,6.132075471698111,0.985081585081585,5.4505312687220595,1,0
MLBS_062,MLBS,6,48,4.972159972040709,4.447876447876448,1.0,4.547933578829151,0,1
MLBS_063,MLBS,10,55,7.179791470239056,5.806142034548944,0.964297520661157,5.58726003000953,2,1
MLBS_064,MLBS,9,77,5.795239247029067,4.716785998408909,0.9743632990386237,4.842036213344382,2,1
MLBS_065,MLBS,9,40,6.269011929050505,5.2631578947368425,0.9012658227848102,5.220437987646866,4,0
MLBS_066,MLBS,6,33,5.096320994778815,4.673819742489271,0.9714795008912656,4.703135120348691,1,0
MLBS_067,MLBS,8,45,4.71514775585485,3.648648648648649,0.9343283582089552,4.325176018835153,3,1
MLBS_068,MLBS,8,56,6.150561151542433,5.315254237288135,0.9827694235588973,5.150996739649166,1,1
MLBS_069,MLBS,6,35,4.557660197956709,3.8888888888888884,0.973015873015873,4.35492559306601,1,1
MLBS_070,MLBS,9,33,6.3489056043787535,4.673819742489271,0.9445887445887446,5.483792036044538,2,3
MLBS_071,MLBS,9,53,4.839500016559784,3.1455767077267636,0.9441127298781944,4.565670246111599,3,0
MLBS_072,MLBS,10,36,7.971330176234189,6.75,0.9488304093567251,6.120402043920005,2,3
MLBS_073,MLBS,8,35,7.6182650890274735,7.335329341317365,1.0,6.115650952463096,0,1
MLBS_074,MLBS,10,44,5.29487577852256,3.6254681647940084,0.8874109761206536,4.696249764763363,5,1
MLBS_075,MLBS,6,60,4.099024294289557,3.4155597722960156,0.983879781420765,3.9342766821859696,1,0
MLBS_076,MLBS,7,70,4.688946963538367,3.8281249999999996,0.9861167002012072,4.2978939601396,1,1
ORNL_001,ORNL,11,28,9.628932056358023,8.711111111111112,0.9002463054187192,6.972893772893773,3,3
ORNL_002,ORNL,7,18,5.430438077287504,4.499999999999999,0.8454545454545455,5.292609351432881,3,2
ORNL_003,ORNL,8,16,7.100002492649187,6.4,0.8345588235294118,6.456043956043956,3,3
ORNL_004,ORNL,4,14,3.2252069738171283,2.8000000000000003,0.9380952380952381,3.6473526473526476,1,1
ORNL_006,ORNL,9,28,7.819889535005878,6.8771929824561395,0.9707792207792207,6.281547438069177,1,3
ORNL_007,ORNL,9,16,7.4611471950799295,6.095238095238095,0.7106481481481481,6.748626373626374,5,3
ORNL_008,ORNL,6,19,3.926458138731904,2.934959349593497,0.8477443609022557,4.335913312693498,3,1
ORNL_009,ORNL,8,26,5.846556207842228,4.5675675675675675,0.8876123876123876,5.324244903030742,3,1
ORNL_010,ORNL,7,34,4.817852254094074,4.013888888888888,0.913511939429237,4.480586188441322,3,0
ORNL_012,ORNL,5,12,3.8883225944793316,3.130434782608696,0.858974358974359,4.636363636363637,2,2
ORNL_014,ORNL,8,12,7.236983800357897,6.545454545454545,0.6115819209039548,7.136363636363637,5,2
ORNL_015,ORNL,6,18,4.883851318378662,4.263157894736842,0.8950617283950617,4.851432880844646,2,1
ORNL_017,ORNL,6,16,4.70259990417347,4.0,0.8204787234042553,4.830919080919081,3,0
ORNL_018,ORNL,10,15,8.81262772420625,7.758620689655171,0.5426666666666666,7.527472527472528,7,1
ORNL_019,ORNL,3,13,2.675032275816638,2.449275362318841,1.0,2.9615384615384617,0,1
ORNL_021,ORNL,2,2,2.0,2.0,0.5,,2,0
ORNL_027,ORNL,8,25,4.473927672495593,2.880184331797235,0.8464,4.702170547853009,4,2
ORNL_029,ORNL,9,32,5.528611464683081,4.129032258064516,0.8457404458598726,4.920934275418122,5,0
ORNL_032,ORNL,6,67,2.3910210531266913,1.7166347992351816,0.9705947872577412,2.7917410574732964,2,1
ORNL_033,ORNL,6,18,3.861437084358725,2.7931034482758617,0.839622641509434,4.415032679738562,3,1
ORNL_035,ORNL,6,57,2.361126639752781,1.6384266263237517,0.9655278547245306,2.855665099538657,2,1
ORNL_036,ORNL,6,26,4.730938391405949,4.225,0.9260355029585798,4.493434254532652,2,0
ORNL_037,ORNL,8,33,5.987770549394176,4.9276018099547505,0.9412304866850322,5.227753631549516,2,1
ORNL_043,ORNL,12,40,7.205353959404487,5.0,0.8799261083743842,5.574717407391182,5,4
ORNL_045,ORNL,8,42,5.398613973834715,4.281553398058253,0.9800777453838678,4.773161139694403,1,4
ORNL_046,ORNL,15,41,10.892539161487928,8.620512820512822,0.8060899863657022,6.893045277569177,8,1
ORNL_049,ORNL,10,62,8.378455511428601,7.566929133858268,0.9843830005120328,6.125373467297634,1,1
ORNL_050,ORNL,9,29,5.599389087570491,4.142857142857142,0.8300145701796988,5.017972831765936,5,1
ORNL_051,ORNL,8,22,5.8732221648731295,4.745098039215686,0.8224101479915433,5.3725825258333,4,1
ORNL_052,ORNL,6,38,4.514793254214504,3.8404255319148937,0.975033738191633,4.309468357491273,1,1
ORNL_053,ORNL,8,44,5.031910180409694,3.7960784313725493,0.9565656565656566,4.600983305404597,2,2
ORNL_054,ORNL,6,28,5.531689200239816,5.157894736842105,1.0,5.083532409619366,0,1
ORNL_055,ORNL,12,36,6.152920567619326,3.745664739884393,0.7793538219070134,5.22363961651896,8,1
ORNL_056,ORNL,7,40,5.754418748149765,5.128205128205128,0.9762195121951219,5.058380354358084,1,1
ORNL_057,ORNL,7,31,5.4324594124954,4.687804878048781,0.9375650364203955,4.927519840350522,2,0
ORNL_058,ORNL,10,31,7.95849091628014,6.720279720279722,0.9073438572409059,6.194096004107128,3,2
ORNL_059,ORNL,12,46,8.192794206234144,6.412121212121212,0.8922620187703505,5.983493338881427,5,1
ORNL_060,ORNL,11,23,9.348139205106035,8.13846153846154,0.7902364607170099,7.034592409878451,5,2
ORNL_061,ORNL,14,49,9.30794604033983,6.578082191780823,0.922408567387351,6.299674032897612,4,5
ORNL_062,ORNL,7,55,5.038158704210648,4.290780141843971,0.964297520661157,4.555524053542598,2,0
ORNL_063,ORNL,9,40,6.403491439154885,4.878048780487805,0.9524390243902439,5.409755779025728,2,2
ORNL_067,ORNL,10,25,8.017065101141874,6.578947368421053,0.8946341463414634,6.393478260869566,3,5
ORNL_068,ORNL,8,18,7.279434553027664,6.75,0.9055555555555556,6.401960784313726,2,3
OSBS_001,OSBS,4,14,2.871173746026733,2.3902439024390247,0.8673469387755102,3.4275724275724277,2,0
OSBS_002,OSBS,2,15,1.2775319170740629,1.1421319796954315,0.9416666666666667,1.6666666666666667,1,0
OSBS_003,OSBS,4,13,3.5650621256370636,3.1886792452830184,1.0,3.9195804195804196,0,2
OSBS_004,OSBS,2,19,1.5467598527614164,1.3622641509433964,1.0,1.913312693498452,0,0
OSBS_005,OSBS,3,14,2.697382814250267,2.5128205128205128,1.0,2.9340659340659343,0,1
OSBS_006,OSBS,1,9,1.0,1.0,1.0,,0,0
OSBS_007,OSBS,4,26,3.234371750051733,2.9391304347826086,0.9643874643874644,3.3322530209055987,1,0
OSBS_008,OSBS,2,12,1.3322056912494478,1.1803278688524592,0.9294871794871795,1.8333333333333335,1,0
OSBS_009,OSBS,7,16,5.592365265054204,4.571428571428571,0.8278061224489796,5.589160839160839,3,2
OSBS_010,OSBS,3,19,2.246122672934479,1.994475138121547,0.9526315789473684,2.523219814241486,1,0
OSBS_011,OSBS,4,12,2.672696154421018,2.0571428571428574,0.8472222222222222,3.651515151515152,2,1
OSBS_012,OSBS,1,1,1.0,1.0,,,1,0
OSBS_013,OSBS,2,24,1.1891100934658385,1.0867924528301884,0.9616666666666667,1.4166666666666665,1,0
OSBS_015,OSBS,5,5,5.000000000000001,4.999999999999999,0.09090909090909094,,5,0
OSBS_016,OSBS,5,13,2.8399711135726595,1.9882352941176475,0.7046153846153846,4.076923076923077,4,0
OSBS_022,OSBS,1,2,1.0,1.0,1.0,,0,1
OSBS_023,OSBS,2,5,1.9601317042077895,1.923076923076923,1.0,,0,1
OSBS_025,OSBS,2,13,1.3115234140474163,1.1655172413793102,0.9340659340659341,1.7692307692307692,1,0
OSBS_026,OSBS,2,25,1.552194722472226,1.3676148796498908,1.0,1.892094861660079,0,0
OSBS_027,OSBS,3,30,1.9746421941471106,1.6853932584269669,0.9688172043010753,2.2952549366342474,1,0
OSBS_028,OSBS,2,17,1.8327132138707352,1.710059171597633,1.0,1.996606334841629,0,0
OSBS_029,OSBS,2,41,1.830403591939227,1.706598984771574,1.0,1.9821335415422858,0,0
OSBS_030,OSBS,2,22,1.20310702625738,1.095022624434389,0.958498023715415,1.4545454545454546,1,0
OSBS_031,OSBS,2,36,2.0,2.0,1.0,1.9996557021028656,0,0
OSBS_032,OSBS,2,40,1.9378192408783848,1.8823529411764706,1.0,1.9961402437745692,0,0
OSBS_033,OSBS,3,32,2.4999249537030352,2.160337552742616,1.0,2.818559842287293,0,0
OSBS_034,OSBS,3,37,2.011990185626606,1.761904761904762,0.9743954480796586,2.246051016384066,1,0
OSBS_035,OSBS,1,21,1.0,1.0,1.0,1.0,0,0
OSBS_036,OSBS,2,24,1.5691925832141966,1.3846153846153844,1.0,1.9057971014492754,0,0
OSBS_037,OSBS,1,8,1.0,1.0,1.0,,0,0
OSBS_038,OSBS,2,52,1.5852334393543857,1.401036269430052,1.0,1.878803296610882,0,0
OSBS_039,OSBS,2,16,1.4575692649810903,1.28,1.0,1.875,0,1
OSBS_040,OSBS,2,43,1.5593493557026994,1.374721189591078,1.0,1.867426983407519,0,0
OSBS_041,OSBS,1,9,1.0,1.0,1.0,,0,0
OSBS_042,OSBS,2,57,1.3461236761257012,1.1905459875412239,1.0,1.6336517394114216,0,0
OSBS_043,OSBS,2,32,1.9960950200730567,1.9922178988326849,1.0,1.999651988521868,0,0
OSBS_044,OSBS,3,21,1.8112625899152028,1.4749163879598661,0.9567099567099567,2.3521303258145365,1,0
OSBS_048,OSBS,3,18,1.7448121572448774,1.408695652173913,0.9502923976608187,2.372549019607843,1,1
OSBS_051,OSBS,2,3,1.8898815748423097,1.7999999999999998,0.8333333333333334,,1,1
OSBS_063,OSBS,2,12,1.3322056912494478,1.1803278688524592,0.9294871794871795,1.8333333333333335,1,0
OSBS_067,OSBS,2,13,1.7163572076839733,1.55045871559633,1.0,1.9965034965034965,0,0
RMNP_001,RMNP,3,50,1.982469540244423,1.7580872011251758,0.9807843137254902,2.1752547726226537,1,0
RMNP_002,RMNP,3,43,2.6984200941508476,2.5225102319236017,1.0,2.8135885969581347,0,0
RMNP_003,RMNP,4,37,3.0533996609075555,2.6686159844054584,1.0,3.201349406070338,0,1
RMNP_004,RMNP,6,59,3.9635130292649436,3.3894839337877314,0.9666762424590635,3.8121846857696493,2,0
RMNP_005,RMNP,4,37,2.7039842184182703,2.211631663974152,0.9743954480796586,3.0275601448391476,1,0
RMNP_006,RMNP,3,112,2.9134026346630857,2.8444444444444446,1.0,2.9181620730748965,0,0
RMNP_007,RMNP,6,55,4.331078644341178,3.5883748517200478,0.9824675324675325,4.151837984541086,1,0
RMNP_008,RMNP,3,112,2.3083248098002023,2.0543727481166068,1.0,2.4733558132908375,0,0
RMNP_009,RMNP,3,25,2.9105973612149945,2.8280542986425337,1.0,2.9654832413514605,0,0
RMNP_010,RMNP,5,14,3.560917199219142,2.8823529411764706,0.7961672473867596,4.141858141858142,3,0
RMNP_011,RMNP,2,18,1.6984332340231805,1.5283018867924527,1.0,1.977124183006536,0,0
RMNP_012,RMNP,3,69,2.583673715602866,2.4057604850934813,1.0,2.6805576016945873,0,0
RMNP_013,RMNP,2,10,1.8420227750373133,1.7241379310344829,1.0,2.0,0,0
RMNP_014,RMNP,3,84,2.621478075402594,2.3317911434236613,1.0,2.821917916183019,0,0
RMNP_015,RMNP,3,17,1.7830498315865155,1.4378109452736318,0.9477124183006536,2.433823529411765,1,1
RMNP_016,RMNP,2,8,1.4575692649810903,1.28,0.9027777777777778,,1,0
RMNP_017,RMNP,4,24,3.6421415152500187,3.388235294117647,1.0,3.7203409447823232,0,0
RMNP_018,RMNP,3,28,1.3591087491825016,1.1563421828908553,0.9311224489795918,1.7142857142857144,2,0
RMNP_019,RMNP,2,10,1.384145488461686,1.2195121951219512,0.9181818181818182,2.0,1,0
RMNP_020,RMNP,6,28,4.563249757100883,3.7333333333333343,0.9667487684729064,4.503960570322127,1,1
RMNP_041,RMNP,2,57,1.0923373762319153,1.035702900860695,0.9830611010284331,1.1754385964912282,1,0
RMNP_042,RMNP,2,39,1.1266480830948178,1.0525951557093425,0.9756410256410256,1.2564102564102564,1,0
RMNP_043,RMNP,1,29,1.0,1.0,1.0,1.0,0,0
RMNP_044,RMNP,5,38,3.489109428883601,2.995850622406639,0.975033738191633,3.524146149614076,1,1
RMNP_045,RMNP,3,68,1.8557049737783429,1.6179146256123162,0.9857203751065644,2.092648113498286,1,0
RMNP_046,RMNP,2,41,1.5793992181280412,1.395020746887967,1.0,1.883036116989904,0,0
RMNP_047,RMNP,3,47,1.686354398752403,1.3593846153846154,1.0,2.1505340173240266,0,0
RMNP_048,RMNP,2,47,1.1924083972392887,1.0887136520453422,1.0,1.3839037927844589,0,1
RMNP_049,RMNP,3,33,1.4369186891422097,1.2033149171270718,0.9714795008912656,1.8238636363636362,1,1
SCBI_002,SCBI,7,16,5.568223042771739,4.7407407407407405,0.7580645161290323,5.454670329670329,4,0
SCBI_003,SCBI,7,20,4.472135954999579,3.2258064516129026,0.8051282051282052,4.7198088289419555,4,1
SCBI_004,SCBI,7,15,5.952753944880749,5.232558139534883,0.817391304347826,5.802197802197803,3,2
SCBI_005,SCBI,3,4,2.82842712474619,2.6666666666666665,0.625,,2,1
SCBI_007,SCBI,7,12,6.0,5.142857142857142,0.6944444444444444,6.303030303030303,4,2
SCBI_008,SCBI,7,10,5.7434917749851735,4.545454545454544,0.4214285714285715,7.0,6,0
SCBI_010,SCBI,2,12,1.3322056912494478,1.1803278688524592,0.9294871794871795,1.8333333333333335,1,0
SCBI_011,SCBI,4,13,2.552710799282011,1.942528735632184,0.8579881656804733,3.5,2,1
SCBI_013,SCBI,10,19,8.910862089374362,8.022222222222222,0.8105263157894737,7.143962848297214,4,4
SCBI_014,SCBI,6,15,4.17987065346641,3.2608695652173916,0.7425287356321839,4.663003663003663,4,0
SCBI_015,SCBI,4,8,3.7467482975009925,3.5555555555555554,0.9204545454545454,,1,2
SCBI_016,SCBI,9,17,7.043573329007252,5.666666666666667,0.6542617046818727,6.356900452488688,6,1
SCBI_017,SCBI,6,14,4.82638305311343,3.92,0.8839285714285714,5.230769230769231,2,3
SCBI_018,SCBI,8,16,6.621770460386251,5.565217391304348,0.765625,6.212912087912088,4,2
SCBI_019,SCBI,4,6,3.464101615137755,3.0,0.5588235294117647,,3,0
SCBI_021,SCBI,5,14,3.787341456513766,3.0625000000000004,0.8673469387755102,4.351648351648352,2,1
SCBI_022,SCBI,7,15,5.5516075873073,4.411764705882352,0.825,5.714285714285714,3,3
SCBI_023,SCBI,3,8,2.82842712474619,2.6666666666666665,1.0,,0,2
SCBI_045,SCBI,8,35,4.696148179629507,3.2152230971128613,0.9159340659340659,4.596163068321676,3,1
SCBI_046,SCBI,11,27,7.072718927972984,5.027586206896551,0.7463162086818,5.790576776389133,7,2
SCBI_047,SCBI,7,35,5.784995305817174,4.959514170040486,0.973015873015873,5.172105321666926,1,0
SCBI_048,SCBI,4,24,2.1797843540317947,1.6842105263157894,0.9201388888888888,2.7391304347826084,2,0
SCBI_049,SCBI,12,46,9.074359191103266,7.450704225352112,0.9375578168362627,6.362781122638916,3,3
SCBI_050,SCBI,8,24,6.586483115539509,5.64705882352941,0.9233333333333333,5.7572117051522085,2,2
SCBI_051,SCBI,8,30,5.031968777180673,3.813559322033899,0.9064516129032258,4.680431212964946,3,3
SCBI_052,SCBI,6,20,3.5632809026760977,2.5,0.8550847457627119,4.157894736842105,3,1
SCBI_053,SCBI,8,22,5.8505142312833724,4.3999999999999995,0.8717774762550882,5.506051224317479,3,2
SCBI_054,SCBI,7,22,5.141559147971688,4.033333333333333,0.9204545454545454,5.021430581802099,2,3
SCBI_055,SCBI,13,38,8.358259281668339,5.869918699186994,0.8475972540045766,6.075990262053552,6,4
SCBI_056,SCBI,8,21,6.7454690168234785,5.5822784810126596,0.9682539682539683,6.0397685389945455,1,5
SCBI_057,SCBI,9,22,6.717854304721141,5.377777777777778,0.7769753610875106,5.847030678300028,5,1
SCBI_058,SCBI,7,24,5.7248066287316215,5.052631578947368,0.9201388888888888,5.219662298037584,2,1
SCBI_061,SCBI,8,12,6.734772289856238,5.538461538461538,0.5147058823529411,6.984848484848485,6,1
SCBI_062,SCBI,7,31,5.51260883366755,4.781094527363185,0.9375650364203955,4.987130233665031,2,0
SCBI_063,SCBI,3,19,2.029965861782283,1.694835680751174,0.9526315789473684,2.4938080495356036,1,0
SCBI_064,SCBI,9,23,6.081707788885231,4.445378151260504,0.7902364607170099,5.518189510045749,5,2
SCBI_066,SCBI,11,26,8.854117315646944,7.191489361702127,0.8575498575498576,6.707023411371237,4,4
SCBI_067,SCBI,6,31,4.089796807047543,3.2576271186440673,0.9715370018975332,4.108452225500153,1,2
SCBI_071,SCBI,4,20,3.3276363845368513,3.0303030303030303,0.9547619047619047,3.467432722076685,1,0
SERC_001,SERC,5,20,2.987415492558333,2.1739130434782603,0.905,3.6578947368421053,2,1
SERC_002,SERC,3,7,2.6004900059896596,2.3333333333333335,0.8928571428571429,,1,1
SERC_003,SERC,5,21,3.5724603045977226,2.845161290322581,0.9603174603174603,3.9296742988693456,1,2
SERC_004,SERC,3,9,1.9812716892692186,1.5882352941176467,0.8024691358024691,,2,0
SERC_005,SERC,4,16,2.2756491157934366,1.7066666666666668,0.8828125,3.125,2,1
SERC_006,SERC,7,19,4.818128101614926,3.7216494845360826,0.7951635846372689,4.883781852822101,4,1
SERC_009,SERC,8,14,6.463791231472693,5.157894736842104,0.6635610766045549,6.43956043956044,5,2
SERC_010,SERC,3,10,2.586409289858933,2.2727272727272725,1.0,3.0,0,2
SERC_011,SERC,2,30,1.9955571994469739,1.991150442477876,1.0,1.9997001499250375,0,0
SERC_012,SERC,7,27,4.807492157399308,3.898395721925134,0.8916666666666667,4.574778827410406,3,1
SERC_013,SERC,6,13,4.569403469930822,3.755555555555556,0.7046153846153846,5.076923076923077,4,0
SERC_014,SERC,5,15,4.187960680526523,3.813559322033899,0.8755555555555555,4.325674325674326,2,0
SERC_016,SERC,7,25,4.654701235021818,3.4153005464480874,0.9288888888888889,4.693390765917351,2,3
SERC_017,SERC,5,15,4.036577148237968,3.3582089552238803,0.9481481481481482,4.454212454212454,1,2
SERC_019,SERC,3,8,2.649351128562104,2.4615384615384617,0.9027777777777778,,1,0
SERC_021,SERC,5,16,4.137602180900962,3.764705882352941,0.8828125,4.239010989010989,2,0
SERC_022,SERC,7,19,5.675708056953209,4.8133333333333335,0.9097744360902256,5.4071207430340555,2,3
SERC_043,SERC,5,43,3.104160440783103,2.49527665317139,0.9778012684989429,3.2930824866801576,1,1
SERC_044,SERC,7,33,3.9168570690450903,2.7994858611825197,0.9109461966604824,4.047908731362568,3,1
SERC_045,SERC,8,36,3.517465953351563,2.16,0.9211711711711712,3.921568367799474,3,3
SERC_046,SERC,2,113,1.1986746316267616,1.0923945589870818,1.0,1.3763293066085955,0,0
SERC_047,SERC,8,27,5.851599788327772,4.418181818181818,0.9312169312169312,5.364292932256319,2,2
SERC_048,SERC,6,21,3.4340420759292853,2.383783783783784,0.8617511520737328,4.042606516290727,3,1
SERC_049,SERC,7,18,5.098981236602266,3.8571428571428563,0.8454545454545455,5.23200329082682,3,2
SERC_050,SERC,9,52,6.492572611492577,5.540983606557376,0.9430521091811415,5.298602761557593,3,0
SERC_051,SERC,10,54,8.015903265568925,6.813084112149534,0.9821548821548821,5.989317527639733,1,1
SERC_052,SERC,6,45,4.710646438498072,4.175257731958763,0.978743961352657,4.377163242822855,1,0
SERC_053,SERC,8,38,5.089445402176399,3.780104712041885,0.9224499301350721,4.722966616329383,3,1
SERC_054,SERC,7,38,4.603185477292624,3.7604166666666674,0.9500674763832658,4.300629100833662,2,2
SERC_055,SERC,8,37,5.024498659545666,3.8347338935574227,0.9203931203931204,4.61553235520225,3,1
SERC_056,SERC,9,35,6.4578573775148795,5.0829875518672205,0.9474903474903474,5.426195911440955,2,3
SERC_057,SERC,7,24,5.7648880205300665,5.142857142857142,0.9201388888888888,5.232057416267942,2,1
SERC_058,SERC,4,55,1.7463631977687548,1.3959390862944165,0.964297520661157,2.140011819479078,2,0
SERC_059,SERC,7,42,4.210574040525992,3.0413793103448277,0.953514739229025,4.217229982313422,2,1
SERC_060,SERC,8,30,4.936083219682799,3.629032258064516,0.9064516129032258,4.667485304966564,3,3
SERC_061,SERC,9,37,5.640283335111096,4.01466275659824,0.9218146718146718,5.027313953105683,3,2
SERC_062,SERC,11,33,5.956236080115036,3.666666666666667,0.7897559667471172,5.255410613363894,7,0
SERC_067,SERC,7,26,3.8137464950150366,2.467153284671533,0.9336870026525199,4.292307504045288,2,4
SERC_073,SERC,11,34,8.740893546646882,7.31645569620253,0.9168067226890756,6.436608610478269,3,3
SOAP_001,SOAP,3,10,2.586409289858933,2.2727272727272725,1.0,3.0,0,2
SOAP_002,SOAP,2,16,1.4575692649810903,1.28,1.0,1.875,0,1
SOAP_003,SOAP,3,6,2.749459273997205,2.571428571428571,0.8809523809523809,,1,1
SOAP_004,SOAP,5,14,4.190235983519267,3.769230769230769,0.8673469387755102,4.416583416583417,2,0
SOAP_006,SOAP,1,1,1.0,1.0,,,1,0
SOAP_007,SOAP,2,4,2.0,2.0,1.0,,0,2
SOAP_008,SOAP,3,8,2.649351128562104,2.4615384615384617,0.9027777777777778,,1,0
SOAP_009,SOAP,1,12,1.0,1.0,1.0,1.0,0,0
SOAP_010,SOAP,2,7,1.9796263300525183,1.9600000000000004,1.0,,0,0
SOAP_011,SOAP,3,15,2.074813375216431,1.717557251908397,0.9416666666666667,2.6446886446886446,1,0
SOAP_012,SOAP,1,4,1.0,1.0,1.0,,0,0
SOAP_013,SOAP,2,7,1.8189685116531733,1.6896551724137931,1.0,,0,1
SOAP_015,SOAP,3,21,2.672196324504996,2.4636871508379885,1.0,2.8730990371857246,0,0
SOAP_016,SOAP,1,1,1.0,1.0,,,1,0
SOAP_017,SOAP,3,8,2.0867794400977164,1.6842105263157894,0.78125,,2,0
SOAP_018,SOAP,1,1,1.0,1.0,,,1,0
SOAP_019,SOAP,1,1,1.0,1.0,,,1,0
SOAP_020,SOAP,3,12,2.7494592739972052,2.571428571428571,1.0,2.984848484848485,0,1
SOAP_021,SOAP,3,10,2.568567607415555,2.380952380952381,0.9181818181818182,3.0,1,0
SOAP_022,SOAP,2,4,1.7547653506033232,1.6,0.85,,1,0
SOAP_024,SOAP,1,1,1.0,1.0,,,1,0
SOAP_031,SOAP,4,49,2.724570584285281,2.258701787394167,0.9804081632653061,2.997772305994708,1,0
SOAP_043,SOAP,5,66,4.5368148421212275,4.245614035087719,1.0,4.242597096069457,0,0
SOAP_044,SOAP,5,24,4.651721863942917,4.363636363636363,1.0,4.526281117814299,0,0
SOAP_045,SOAP,5,35,2.956436102927441,2.494908350305499,0.9444897959183673,3.065067203947005,2,1
SOAP_046,SOAP,5,36,3.632928962718406,3.0,0.9737237237237237,3.755859295887432,1,0
SOAP_047,SOAP,3,11,2.9069066786738817,2.8139534883720936,1.0,3.0,0,0
SOAP_048,SOAP,3,73,2.2344868909094324,2.0331934376192295,1.0,2.353152277012527,0,0
SOAP_049,SOAP,4,22,3.3442527669182165,3.102564102564102,0.958498023715415,3.4193840215512044,1,0
SOAP_050,SOAP,3,80,1.778475356177588,1.4897579143389197,1.0,2.1076200656595225,0,1
SOAP_051,SOAP,2,16,1.4575692649810903,1.28,1.0,1.875,0,1
SOAP_052,SOAP,4,31,2.985889154476431,2.6473829201101924,0.969758064516129,3.128023085231578,1,0
SOAP_053,SOAP,3,21,2.181757576064428,1.7999999999999998,1.0,2.682957393483709,0,1
SOAP_054,SOAP,3,49,2.3011983598728727,2.1572327044025155,1.0,2.3686327163587704,0,1
SOAP_055,SOAP,5,41,3.063836853853049,2.262449528936743,0.9767711962833914,3.479735724737801,1,0
SOAP_056,SOAP,3,40,2.044291388452851,1.6701461377870563,1.0,2.4798729415415224,0,0
SOAP_057,SOAP,4,24,2.259596394419434,1.7041420118343193,0.9616666666666667,2.9071146245059287,1,1
SOAP_058,SOAP,2,4,2.0,2.0,1.0,,0,2
SOAP_059,SOAP,4,24,2.0782269626962218,1.5567567567567568,0.9645061728395061,2.7572463768115942,1,2
SOAP_060,SOAP,3,23,2.9942466478296272,2.9887005649717517,1.0,2.9877507066899986,0,0
SOAP_061,SOAP,2,7,1.9796263300525183,1.9600000000000004,1.0,,0,0
STEI_001,STEI,3,30,2.505078889441955,2.261306532663317,1.0,2.7130529973108684,0,0
STEI_002,STEI,2,17,1.8327132138707352,1.710059171597633,1.0,1.996606334841629,0,0
STEI_003,STEI,5,45,3.488499375639065,2.8805120910384074,0.978743961352657,3.5940462026529434,1,0
STEI_004,STEI,4,22,2.6018879888549162,2.1999999999999997,0.9132231404958677,2.904446946242612,2,0
STEI_005,STEI,8,37,4.862902678733528,3.7302452316076296,0.9218146718146718,4.478360327686376,3,2
STEI_006,STEI,7,32,2.4785345191970753,1.615141955835962,0.8457404458598726,3.096774193548387,5,1
STEI_007,STEI,5,25,2.58706210658053,1.8436578171091447,0.9232,3.252173913043478,2,1
STEI_008,STEI,8,35,4.975404848168335,3.4702549575070827,0.946031746031746,4.750852105429086,2,2
STEI_009,STEI,5,33,3.155957394300417,2.2734864300626305,1.0,3.6552412224408886,0,1
STEI_010,STEI,3,27,1.521285790870738,1.2547332185886404,0.9656084656084656,1.9829059829059827,1,1
STEI_011,STEI,2,16,1.7547653506033232,1.6,1.0,1.9917582417582418,0,0
STEI_012,STEI,4,25,2.8253988393455276,2.4509803921568625,0.963076923076923,3.047529950195181,1,1
STEI_013,STEI,2,15,1.2775319170740629,1.1421319796954315,0.9416666666666667,1.6666666666666667,1,0
STEI_014,STEI,5,32,3.912631016434835,3.1411042944785277,1.0,4.093150803630443,0,0
STEI_015,STEI,2,37,1.9643130446076713,1.930888575458392,1.0,1.9981349618282813,0,0
STEI_016,STEI,4,16,2.504391818580872,1.9393939393939394,0.8828125,3.2142857142857144,2,0
STEI_017,STEI,3,42,1.6071817917337037,1.3343419062027233,0.9772978959025471,2.001368336413266,1,0
STEI_019,STEI,6,53,2.618756050296107,1.8992562542258287,0.9636617749825297,2.9684336137054927,2,2
STEI_021,STEI,1,4,1.0,1.0,1.0,,0,0
STEI_022,STEI,2,5,1.6493848884661177,1.4705882352941173,0.8666666666666667,,1,0
STEI_046,STEI,5,55,3.3838300593215234,3.083588175331295,0.964297520661157,3.3034683445894752,2,0
STEI_047,STEI,4,85,1.2110203597521407,1.0740300282443882,0.964983788791107,1.3529411764705883,3,0
STEI_048,STEI,4,36,2.403682806362954,1.9577039274924475,0.9737237237237237,2.7287151976103754,1,1
STEI_049,STEI,5,83,2.498803539875738,1.7805634530886534,1.0,2.958371685527487,0,0
STEI_050,STEI,4,44,2.0102835917623763,1.5365079365079366,0.9782828282828283,2.519226377706242,1,0
STEI_051,STEI,5,52,2.6032471980003637,1.934191702432046,0.9814949201741655,3.008343837605073,1,1
STEI_052,STEI,7,40,3.692905608376384,2.877697841726619,0.9274793388429752,3.6309519817584333,3,2
STEI_053,STEI,6,72,1.918985142656835,1.3816631130063965,0.972608024691358,2.361577678611665,2,1
STEI_054,STEI,7,82,2.8119409351400213,2.1592806679511884,0.9515187789914709,2.939755229702682,4,0
STEI_055,STEI,4,72,1.7056767757698397,1.334019557385486,0.9864916286149162,2.1341610332622265,1,0
STEI_056,STEI,4,58,1.3807953657090632,1.1512662559890485,0.9661117717003567,1.662431941923775,2,1
STEI_057,STEI,2,71,1.0768311374566166,1.028565598857376,0.9863067292644757,1.1408450704225352,1,0
STEI_058,STEI,4,52,2.6035768813350675,2.0704441041347628,1.0,2.9524991961737967,0,1
STEI_059,STEI,4,41,2.091980027210917,1.5903500473036898,0.9767711962833914,2.6224943221092127,1,0
STEI_060,STEI,4,28,2.523170582974149,2.189944134078212,0.9311224489795918,2.71094626197601,2,0
STEI_061,STEI,9,24,7.501963426572074,6.545454545454545,0.8818493150684932,6.200020802995631,3,2
STEI_062,STEI,2,8,1.4575692649810903,1.28,0.9027777777777778,,1,0
TALL_001,TALL,9,25,7.886966806002418,7.18390804597701,0.9288888888888889,6.369762845849802,2,3
TALL_002,TALL,11,44,6.009883879261294,3.5719557195571956,0.9348484848484848,5.205380598460575,3,3
TALL_003,TALL,3,8,2.4602329762891006,2.1333333333333333,0.9027777777777778,,1,1
TALL_004,TALL,2,10,1.9601317042077895,1.923076923076923,1.0,2.0,0,0
TALL_005,TALL,4,4,4.0,4.0,0.1428571428571429,,4,0
TALL_006,TALL,4,10,2.9710040966100055,2.380952380952381,0.82,4.0,2,1
TALL_007,TALL,9,32,7.2367292539316255,6.320987654320987,0.9082236842105263,5.869603334188985,3,0
TALL_008,TALL,4,11,3.649335754063104,3.4571428571428573,0.9242424242424242,3.909090909090909,1,0
TALL_009,TALL,4,14,3.674090247936373,3.3793103448275863,1.0,3.9120879120879124,0,1
TALL_010,TALL,5,14,3.560917199219141,2.8823529411764706,0.7961672473867596,4.141858141858142,3,0
TALL_011,TALL,5,13,4.389137802382906,3.9302325581395343,0.9423076923076923,4.688811188811189,1,2
TALL_012,TALL,5,10,4.503200128402044,4.166666666666666,0.82,5.0,2,1
TALL_013,TALL,2,8,1.4575692649810903,1.28,0.9027777777777778,,1,0
TALL_015,TALL,7,18,6.334763714775765,5.785714285714284,0.9589371980676329,5.862745098039216,1,3
TALL_016,TALL,5,12,4.154241736156385,3.6000000000000005,0.8472222222222222,4.651515151515151,2,1
TALL_017,TALL,7,23,4.974290816944289,3.5986394557823123,0.9681159420289855,5.040032655458688,1,4
TALL_018,TALL,2,16,1.2633812503027273,1.1327433628318584,0.9448529411764706,1.625,1,0
TALL_020,TALL,1,4,1.0,1.0,1.0,,0,0
TALL_022,TALL,9,27,6.082855338065892,4.418181818181818,0.8573388203017833,5.434378402341789,4,2
TALL_025,TALL,9,21,7.03817994532846,5.727272727272727,0.82281284606866,6.087829868789621,4,3
TALL_042,TALL,10,63,5.069333714884066,3.762085308056873,0.9375157470395565,4.386847862270533,4,2
TALL_043,TALL,7,47,4.464071884214723,3.4678178963893256,0.9583521955636034,4.255418442750778,2,0
TALL_044,TALL,8,73,4.05947876789144,3.3921069382558886,0.945583372697213,3.723769794048782,4,1
TALL_045,TALL,6,82,3.721703649578109,3.3486055776892423,0.9759071980963712,3.51035946697507,2,0
TALL_046,TALL,11,101,5.8724342662272315,4.141697117336582,0.9704937381155334,4.842440591959233,3,1
TALL_047,TALL,8,36,4.3259904820100505,2.867256637168141,0.9197247706422018,4.373270846860783,3,2
TALL_048,TALL,3,30,1.5962425904568682,1.3119533527696792,0.9688172043010753,2.052545155993432,1,0
TALL_049,TALL,4,11,2.8110611744415355,2.2,0.8347107438016529,3.8181818181818183,2,1
TALL_050,TALL,1,34,1.0,1.0,1.0,1.0,0,0
TALL_051,TALL,6,10,4.999999999999999,4.166666666666665,0.6210526315789473,6.0,4,1
TALL_052,TALL,4,20,2.7529225983583316,2.4096385542168672,0.905,2.9996373595444803,2,0
TALL_053,TALL,12,27,8.892712941414912,6.942857142857144,0.7463162086818,6.5835005574136005,7,2
TALL_054,TALL,4,46,1.6493360224589075,1.30778739184178,0.9574669187145558,2.0738119312436805,2,0
TALL_055,TALL,10,42,8.190471992760571,7.170731707317074,0.9800777453838678,6.147916210137761,1,4
TALL_056,TALL,2,26,1.1770645027988982,1.0798722044728435,0.9643874643874644,1.3846153846153846,1,0
TALL_057,TALL,11,32,6.358317388247247,3.9083969465648853,0.8514187116564418,5.4958748448356465,5,4
TALL_058,TALL,13,41,11.216314277875425,9.946745562130177,0.9556541019955654,7.163347113282929,2,4
TALL_059,TALL,10,37,6.270195649010706,4.2647975077881615,0.8933728248796742,5.379409848133267,4,1
TALL_060,TALL,14,57,10.343875952492253,8.395348837209303,0.9316552250190694,6.646002845412857,4,3
TALL_061,TALL,2,17,1.2507183622782252,1.1245136186770428,0.9477124183006536,1.5882352941176472,1,0
TALL_064,TALL,11,19,9.2910469411787,7.680851063829788,0.705989110707804,7.304953560371517,6,4
TEAK_001,TEAK,3,6,2.749459273997205,2.571428571428571,0.8809523809523809,,1,1
TEAK_002,TEAK,4,13,3.4244183177184158,3.0727272727272723,0.9340659340659341,3.762237762237762,1,0
TEAK_003,TEAK,3,17,2.2440223735538947,1.965986394557823,0.9477124183006536,2.584841628959276,1,0
TEAK_005,TEAK,1,3,1.0,1.0,1.0,,0,0
TEAK_006,TEAK,1,1,1.0,1.0,,,1,0
TEAK_007,TEAK,3,12,1.7613591211464834,1.4117647058823528,0.8472222222222222,2.666666666666667,2,0
TEAK_010,TEAK,1,4,1.0,1.0,1.0,,0,0
TEAK_011,TEAK,1,1,1.0,1.0,,,1,0
TEAK_012,TEAK,3,36,2.156134074660585,1.9816513761467889,0.9737237237237237,2.273272953972097,1,0
TEAK_013,TEAK,4,13,3.424418317718416,3.0727272727272728,0.9340659340659341,3.762237762237762,1,0
TEAK_014,TEAK,4,7,3.5859888270569535,3.2666666666666666,0.7551020408163266,,2,1
TEAK_015,TEAK,2,24,1.3322056912494478,1.1803278688524592,1.0,1.6702898550724639,0,1
TEAK_016,TEAK,1,4,1.0,1.0,1.0,,0,0
TEAK_017,TEAK,3,12,2.505348345611202,2.32258064516129,0.9294871794871795,2.8333333333333335,1,0
TEAK_018,TEAK,2,4,1.7547653506033232,1.6,0.85,,1,0
TEAK_019,TEAK,4,20,2.8942834520890703,2.352941176470588,0.9547619047619047,3.3513931888544892,1,0
TEAK_020,TEAK,2,12,1.3322056912494478,1.1803278688524592,0.9294871794871795,1.8333333333333335,1,0
TEAK_025,TEAK,2,2,2.0,2.0,0.5,,2,0
TEAK_043,TEAK,3,25,1.7342471992017972,1.3919821826280627,1.0,2.3,0,2
TEAK_044,TEAK,4,98,2.199493627111972,1.8251615355378186,1.0,2.42875753013879,0,1
TEAK_045,TEAK,6,48,4.119741311317258,3.5555555555555562,0.9592013888888888,3.9339060651962616,2,0
TEAK_046,TEAK,5,70,4.280704391778926,3.8827258320126785,1.0,4.05702035310967,0,0
TEAK_047,TEAK,5,41,3.7770862207702134,3.0179533213644523,1.0,3.922567847792495,0,0
TEAK_048,TEAK,4,22,3.13773903209127,2.8139534883720927,0.958498023715415,3.310803747336255,1,0
TEAK_049,TEAK,4,20,2.8942834520890703,2.352941176470588,0.9547619047619047,3.3513931888544892,1,0
TEAK_050,TEAK,3,97,2.590970525759805,2.414421349756223,1.0,2.678038758387779,0,0
TEAK_051,TEAK,4,58,2.6046889107558964,2.239680426098535,1.0,2.747942668700321,0,1
TEAK_052,TEAK,8,92,3.843567912539161,3.0913075237399563,0.9567593252554051,3.630425940520813,4,0
TEAK_053,TEAK,2,22,1.3561314133862727,1.1980198019801982,1.0,1.7142857142857144,0,1
TEAK_054,TEAK,5,33,2.8282559725813847,2.2361396303901437,0.9412304866850322,3.105702064281041,2,1
TEAK_055,TEAK,2,15,1.6493848884661177,1.4705882352941173,1.0,1.978021978021978,0,0
TEAK_056,TEAK,2,19,1.673058126758513,1.4979253112033193,1.0,1.9674922600619196,0,0
TEAK_057,TEAK,3,57,2.1945648416549646,1.7940364439536167,1.0,2.6106571027056202,0,0
TEAK_058,TEAK,5,18,2.614027092852573,1.840909090909091,0.839622641509434,3.4836601307189543,3,1
TEAK_059,TEAK,3,65,2.3675723783227096,2.0033191085822666,1.0,2.6873907005712776,0,0
TEAK_060,TEAK,4,47,3.240898068503907,2.865110246433204,1.0,3.3387233748312104,0,0
TEAK_061,TEAK,2,33,1.8898815748423097,1.7999999999999998,1.0,1.993013723700598,0,0
TEAK_062,TEAK,4,57,2.2858646011555983,1.798007747648035,0.9830611010284331,2.6891803626448922,1,0
TREE_001,TREE,3,13,2.4550251440948596,2.2533333333333334,0.9340659340659341,2.769230769230769,1,0
TREE_002,TREE,4,35,2.4418656354577037,1.9291338582677164,0.973015873015873,2.862816277051048,1,0
TREE_003,TREE,2,18,1.805508457957155,1.6701030927835052,1.0,1.9934640522875817,0,0
TREE_004,TREE,3,23,2.1752443345004853,1.9236363636363634,0.9601449275362319,2.4277830125185087,1,0
TREE_005,TREE,2,3,1.8898815748423097,1.7999999999999998,0.8333333333333334,,1,1
TREE_006,TREE,5,7,4.710650674213246,4.454545454545455,0.6493506493506493,,3,2
TREE_007,TREE,1,2,1.0,1.0,1.0,,0,1
TREE_008,TREE,2,6,1.8898815748423097,1.7999999999999998,1.0,,0,1
TREE_009,TREE,2,43,1.845632254469447,1.7296538821328344,1.0,1.9843296531902537,0,0
TREE_010,TREE,2,29,1.161828344820004,1.0713375796178342,0.967816091954023,1.3448275862068966,1,0
TREE_011,TREE,2,2,2.0,2.0,0.5,,2,0
TREE_012,TREE,4,32,2.2998015482327023,1.7964912280701755,0.9706439393939394,2.7644373377827214,1,1
TREE_014,TREE,3,9,2.336573541485641,1.975609756097561,0.9111111111111111,,1,1
TREE_015,TREE,6,34,3.8650554545874978,3.141304347826087,0.9429065743944637,3.8577002693700986,2,1
TREE_016,TREE,2,11,1.3561314133862727,1.1980198019801982,0.9242424242424242,1.9090909090909092,1,0
TREE_017,TREE,2,9,1.9876669750024174,1.975609756097561,1.0,,0,0
TREE_018,TREE,3,12,1.7613591211464834,1.4117647058823528,0.8472222222222222,2.666666666666667,2,0
TREE_019,TREE,3,15,2.586409289858933,2.272727272727273,1.0,2.956043956043956,0,0
TREE_023,TREE,6,21,3.649191713521363,2.6407185628742518,0.8617511520737328,4.111528822055138,3,1
TREE_025,TREE,7,44,3.965304965504902,3.0828025477707004,0.9328591256072172,3.871812118431219,3,1
TREE_039,TREE,5,41,3.805805378073664,3.2514506769825915,1.0,3.8038650690287406,0,1
TREE_040,TREE,6,37,4.732415270834381,3.8347338935574227,1.0,4.575128676205035,0,1
TREE_041,TREE,3,26,1.9995220474625461,1.698492462311558,0.9643874643874644,2.349832775919732,1,0
TREE_042,TREE,5,35,2.4532098604758477,1.7475035663338085,0.9744360902255639,3.0357142857142856,1,2
TREE_043,TREE,3,25,1.3968520179544737,1.1770244821092277,0.9232,1.7999999999999998,2,0
TREE_044,TREE,3,30,1.9795489558364456,1.6129032258064513,1.0,2.454422971664351,0,1
TREE_045,TREE,4,27,2.498670617524401,1.8935064935064931,1.0,3.0894586894586893,0,2
TREE_046,TREE,6,42,3.303027201024244,2.53448275862069,0.9297142857142857,3.4786043726616107,3,0
TREE_047,TREE,7,21,3.3842654029976043,2.151219512195122,0.7665732959850607,4.119047619047619,5,1
TREE_048,TREE,2,69,1.9080666514863638,1.8304498269896194,1.0,1.9906122237794994,0,0
TREE_049,TREE,2,30,1.480936217579442,1.3005780346820808,1.0,1.823207443897099,0,0
TREE_050,TREE,3,26,2.608003384231673,2.3310344827586214,1.0,2.8608674943309484,0,0
TREE_051,TREE,8,67,5.490126823983123,4.585291113381001,0.985513608428446,4.709554676056795,1,1
TREE_052,TREE,7,61,5.660710409259566,5.062585034013605,0.9841353781068218,4.910678918890297,1,0
TREE_053,TREE,3,37,1.6758188111116472,1.3870314083080042,0.9743954480796586,2.0850659674189087,1,0
TREE_054,TREE,5,85,3.207828367558037,2.5557127697205515,1.0,3.330972765788669,0,0
TREE_055,TREE,4,31,2.5423918905268574,1.9896480331262947,0.969758064516129,3.01260657737903,1,0
TREE_056,TREE,9,50,5.886187597418735,4.681647940074907,0.9408053691275168,4.978580788277076,3,1
TREE_057,TREE,5,41,2.381418131978979,1.6962663975782037,0.9767711962833914,2.9444554153220994,1,1
TREE_060,TREE,4,14,2.7969058819882076,2.1777777777777776,0.9453781512605042,3.5824175824175826,1,2
TREE_062,TREE,4,38,1.5619578231851774,1.242685025817556,0.9487534626038782,1.9886201991465149,2,1
TREE_063,TREE,4,30,2.151724088888044,1.6363636363636362,0.9688172043010753,2.71975916803503,1,1
UNDE_001,UNDE,5,26,3.566700728256409,2.9137931034482762,0.9643874643874644,3.7825548526046573,1,1
UNDE_002,UNDE,2,49,1.9498127014346978,1.9040444091990485,1.0,1.9963326790195364,0,0
UNDE_003,UNDE,8,29,4.839263739478291,3.4326530612244897,0.8644888082274652,4.69686914784366,4,1
UNDE_006,UNDE,5,24,2.446725210899252,1.7245508982035926,0.9233333333333333,3.1739130434782608,2,2
UNDE_007,UNDE,3,17,1.7830498315865155,1.4378109452736318,0.9477124183006536,2.433823529411765,1,1
UNDE_008,UNDE,4,26,3.288038752081306,3.045045045045045,0.9643874643874644,3.3410294376507865,1,0
UNDE_010,UNDE,7,49,4.320947013132771,3.2314939434724086,0.9811616954474097,4.191025135079651,1,2
UNDE_011,UNDE,7,35,5.4599821340772,4.841897233201582,0.9444897959183673,4.874595687197925,2,0
UNDE_012,UNDE,4,22,3.3980208059867723,3.0632911392405062,1.0,3.569438301636444,0,1
UNDE_013,UNDE,2,31,1.1531598469792317,1.0665926748057712,0.969758064516129,1.3225806451612905,1,0
UNDE_015,UNDE,5,30,2.9544341040538162,2.227722772277228,0.9355555555555556,3.3810783253062113,2,0
UNDE_018,TREE,1,1,1.0,1.0,,,1,0
UNDE_037,UNDE,6,92,3.0527090183625702,2.4879482657260428,0.9893641888733052,3.0557159802643366,1,1
UNDE_038,UNDE,8,62,6.133887854934553,5.338888888888889,0.9843830005120328,5.109541952940742,1,0
UNDE_043,UNDE,8,74,3.437660802362876,2.544609665427509,0.9740398293029872,3.370405974808903,2,3
UNDE_044,UNDE,6,53,4.8098145578928095,4.2368024132730016,1.0,4.423991861835516,0,1
UNDE_045,UNDE,6,62,3.546749079451042,2.881559220389805,0.984863523573201,3.517853123258295,1,2
UNDE_047,UNDE,1,28,1.0,1.0,1.0,1.0,0,0
UNDE_048,UNDE,8,80,4.888327036617293,3.9702233250620353,0.9881024096385542,4.313509468345632,1,2
UNDE_049,UNDE,7,77,3.4520976504406122,2.36121067303863,0.9743632990386237,3.668496390297846,2,0
UNDE_050,UNDE,9,67,3.7241700284784334,2.2255825483391174,0.9705947872577412,3.890807932394987,2,1
UNDE_052,UNDE,7,57,4.457544175803606,3.6464646464646466,0.9836257309941521,4.122842021464479,1,2
UNDE_054,UNDE,2,37,1.1322998585211326,1.0555127216653817,0.9743954480796586,1.2702702702702702,1,0
UNDE_055,UNDE,6,74,4.185018692512482,3.542043984476067,1.0,3.941885334467869,0,1
UNDE_056,UNDE,7,74,4.269703454935303,3.5238095238095233,0.9733382030679328,3.99388093969177,2,1
UNDE_057,UNDE,4,65,3.12442111159698,2.960756832515767,0.985081585081585,3.0914386014008235,1,0
UNDE_058,UNDE,4,44,2.4653859466897323,1.9958762886597938,1.0,2.77664818252035,0,2
UNDE_059,UNDE,10,66,5.05260704573754,3.151953690303907,0.9706015377657169,4.600657704597514,2,2
UNDE_060,UNDE,9,49,6.259693095007162,4.830985915492958,0.9600166597251145,5.250023607956871,2,1
UNDE_061,UNDE,3,35,2.383737904522782,2.2151898734177218,1.0,2.494685972275451,0,1
UNDE_065,UNDE,7,73,4.514562648723567,3.5314777998674622,1.0,4.19723194415556,0,2
UNDE_078,UNDE,7,50,4.405203000758255,3.571428571428571,0.9608,4.128694187902818,2,1
WREF_001,WREF,3,10,2.586409289858933,2.272727272727273,1.0,3.0,0,2
WREF_002,WREF,2,83,1.9755179154684257,1.9521110796259564,1.0,1.9972354537205905,0,0
WREF_003,WREF,4,52,3.219359961891078,3.0938215102974826,0.9814949201741655,3.154321988642316,1,0
WREF_004,WREF,4,15,3.3553558963193817,2.9999999999999996,0.9416666666666667,3.641025641025641,1,0
WREF_005,WREF,4,31,3.4944616537434205,3.070287539936102,1.0,3.6622078538894325,0,0
WREF_007,WREF,3,32,1.825627880057923,1.471264367816092,1.0,2.330853726362625,0,1
WREF_008,WREF,3,6,2.381101577952299,2.0,0.7222222222222222,,2,0
WREF_009,WREF,1,6,1.0,1.0,1.0,,0,0
WREF_010,WREF,1,12,1.0,1.0,1.0,1.0,0,0
WREF_011,WREF,3,30,2.2501690383898287,2.112676056338028,0.9688172043010753,2.3326527212584187,1,0
WREF_012,WREF,4,10,2.5611285178871386,1.9230769230769234,0.7206896551724138,4.0,3,0
WREF_013,WREF,3,53,2.8215774579699398,2.667616334283001,1.0,2.906241342952839,0,0
WREF_014,WREF,5,21,2.8927055908695447,2.0900473933649293,0.909297052154195,3.5664160401002505,2,1
WREF_015,WREF,4,12,2.672696154421018,2.0571428571428574,0.8472222222222222,3.6515151515151514,2,1
WREF_016,WREF,2,7,1.5069930657725377,1.3243243243243243,0.8928571428571429,,1,0
WREF_017,WREF,3,23,2.275830219303308,1.8825622775800712,1.0,2.7577639751552794,0,0
WREF_018,WREF,2,10,1.384145488461686,1.2195121951219512,0.9181818181818182,2.0,1,0
WREF_019,WREF,3,8,2.0867794400977164,1.6842105263157894,0.78125,,2,0
WREF_020,WREF,2,6,1.5691925832141966,1.3846153846153844,0.8809523809523809,,1,0
WREF_070,WREF,5,49,2.980909475230473,2.3986013986013988,0.9804081632653061,3.163394016008233,1,1
WREF_071,WREF,3,53,2.5424462381074417,2.3506276150627614,1.0,2.6609823017561465,0,0
WREF_072,WREF,4,14,3.3044446208726828,2.8823529411764706,0.9380952380952381,3.6923076923076925,1,0
WREF_073,WREF,6,86,3.212540474890539,2.6875,0.9770146024878312,3.1843353596070463,2,0
WREF_074,WREF,5,42,3.166456615347258,2.6486486486486487,0.953514739229025,3.282899514720099,2,0
WREF_075,WREF,5,73,2.908458115178451,2.4015322217214963,0.9866716031099593,3.033600963274014,1,1
WREF_076,WREF,6,37,4.618653586643281,4.01466275659824,1.0,4.336782743942661,0,3
WREF_077,WREF,6,24,4.0763914120979035,3.130434782608696,0.9201388888888888,4.276646189992535,2,1
WREF_078,WREF,5,40,2.6466303884269835,2.2471910112359548,0.9262605042016807,2.7460921643858827,3,0
WREF_079,WREF,6,47,3.1707885073541586,2.583625730994152,0.9592198581560284,3.1901738653349394,2,2
WREF_080,WREF,4,89,2.919294464985258,2.3400295420974886,1.0,3.200450995289266,0,0
WREF_081,WREF,4,24,2.9559574213308815,2.5263157894736845,0.9616666666666667,3.2269030661983953,1,0
WREF_082,WREF,2,21,1.8189685116531733,1.6896551724137931,1.0,1.9914860681114552,0,0
WREF_083,WREF,3,17,2.8202522937978154,2.7009345794392523,1.0,2.9484265734265733,0,0
WREF_084,WREF,2,18,1.8898815748423097,1.7999999999999998,1.0,1.9984917043740573,0,0
WREF_085,WREF,2,24,1.9930595659329764,1.9862068965517246,1.0,1.9998485664288599,0,0
WREF_086,WREF,4,16,2.504391818580872,1.9393939393939394,0.8828125,3.2142857142857144,2,0
WREF_087,WREF,3,70,2.134041346736115,2.0570948782535683,0.9861167002012072,2.1417536357749762,1,0
WREF_088,WREF,3,44,2.171684052442818,1.9092702169625249,1.0,2.3891006547811635,0,1
WREF_089,WREF,5,34,3.2803246278766807,2.502164502164502,0.9722689075630252,3.626669065846583,1,0
