plotID,siteID,lon,lat,stand_age_gami
ABBY_063,ABBY,-122.330039,45.760513,
ABBY_068,ABBY,-122.328493,45.76051,14.0
ABBY_065,ABBY,-122.333084,45.762196,14.0
ABBY_067,ABBY,-122.331558,45.760563,14.0
ABBY_066,ABBY,-122.329984,45.763502,14.0
ABBY_061,ABBY,-122.331158,45.762451,14.0
ABBY_070,ABBY,-122.330793,45.761334,14.0
ABBY_062,ABBY,-122.328069,45.763476,14.0
ABBY_064,ABBY,-122.328467,45.762429,14.0
ABBY_069,ABBY,-122.327321,45.761584,14.0
ABBY_075,ABBY,-122.323463,45.762125,14.0
ABBY_074,ABBY,-122.325028,45.761302,14.0
ABBY_073,ABBY,-122.324601,45.762944,14.0
ABBY_076,ABBY,-122.330004,45.763791,14.0
ABBY_004,ABBY,-122.298736,45.76858,
ABBY_009,ABBY,-122.299532,45.76561,12.0
ABBY_011,ABBY,-122.358994,45.743361,7.0
ABBY_013,ABBY,-122.372807,45.745332,
ABBY_023,ABBY,-122.381659,45.744589,206.0
ABBY_010,ABBY,-122.375934,45.776549,212.0
ABBY_018,ABBY,-122.38678,45.764526,
ABBY_003,ABBY,-122.371092,45.762016,15.0
ABBY_012,ABBY,-122.384239,45.754263,9.0
ABBY_005,ABBY,-122.389412,45.770977,11.0
ABBY_016,ABBY,-122.332415,45.746995,15.0
ABBY_008,ABBY,-122.355223,45.771358,124.0
ABBY_017,ABBY,-122.369799,45.772764,18.0
ABBY_014,ABBY,-122.317373,45.751186,113.0
ABBY_001,ABBY,-122.346369,45.772619,163.0
ABBY_019,ABBY,-122.325825,45.752593,14.0
ABBY_006,ABBY,-122.298512,45.754053,205.0
ABBY_002,ABBY,-122.309112,45.739055,
ABBY_007,ABBY,-122.361007,45.768936,
ABBY_025,ABBY,-122.324489,45.76953,124.0
ABBY_015,ABBY,-122.300349,45.732279,
ABBY_077,ABBY,-122.341608,45.751348,10.0
BART_012,BART,-71.316312,44.046097,109.0
BART_001,BART,-71.306661,44.047079,113.0
BART_005,BART,-71.282188,44.054614,100.0
BART_044,BART,-71.284327,44.061036,110.0
BART_037,BART,-71.283244,44.061598,98.0
BART_073,BART,-71.288616,44.064774,110.0
BART_074,BART,-71.2832,44.060251,110.0
BART_075,BART,-71.286492,44.059141,98.0
BART_042,BART,-71.288052,44.060194,107.0
BART_072,BART,-71.286187,44.060735,98.0
BART_046,BART,-71.285408,44.059946,98.0
BART_036,BART,-71.285878,44.062082,108.0
BART_051,BART,-71.287987,44.062723,111.0
BART_041,BART,-71.28561,44.065342,98.0
BART_034,BART,-71.285608,44.064284,97.0
BART_039,BART,-71.288951,44.063682,109.0
BART_050,BART,-71.28769,44.06151,109.0
BART_040,BART,-71.29199,44.06576,112.0
BART_071,BART,-71.290624,44.067944,96.0
BART_070,BART,-71.28144,44.064338,108.0
BART_033,BART,-71.283663,44.063198,108.0
BART_047,BART,-71.290855,44.064968,110.0
BART_032,BART,-71.28758,44.067467,108.0
BART_015,BART,-71.27314,44.042915,114.0
BART_016,BART,-71.288463,44.051234,105.0
BART_028,BART,-71.306532,44.054075,104.0
BART_010,BART,-71.26668,44.050073,103.0
BART_013,BART,-71.277598,44.041737,104.0
BART_026,BART,-71.313922,44.061261,116.0
BART_006,BART,-71.310912,44.060511,103.0
BART_023,BART,-71.263643,44.049319,111.0
BART_002,BART,-71.272844,44.035076,111.0
BART_018,BART,-71.277866,44.058473,110.0
BART_003,BART,-71.263146,44.055247,95.0
BART_024,BART,-71.263787,44.052775,96.0
BART_011,BART,-71.296272,44.050004,91.0
BART_025,BART,-71.313142,44.059386,92.0
BART_007,BART,-71.298504,44.049697,104.0
BART_027,BART,-71.261742,44.057941,114.0
BART_004,BART,-71.28692,44.041571,105.0
BART_019,BART,-71.286161,44.069366,109.0
BLAN_042,BLAN,-78.071954,39.058017,
BLAN_056,BLAN,-78.07191,39.058569,
BLAN_034,BLAN,-78.071177,39.059364,
BLAN_043,BLAN,-78.069523,39.057695,
BLAN_046,BLAN,-78.072671,39.057488,
BLAN_045,BLAN,-78.071244,39.05828,
BLAN_059,BLAN,-78.073037,39.056952,
BLAN_039,BLAN,-78.071971,39.057487,
BLAN_033,BLAN,-78.069151,39.058229,
BLAN_051,BLAN,-78.069551,39.057157,
BLAN_054,BLAN,-78.07197,39.05694,
BLAN_031,BLAN,-78.070547,39.058809,
BLAN_049,BLAN,-78.069838,39.058787,
BLAN_060,BLAN,-78.070252,39.057168,
BLAN_035,BLAN,-78.073734,39.057244,
BLAN_038,BLAN,-78.070917,39.057723,
BLAN_040,BLAN,-78.070217,39.057986,
BLAN_037,BLAN,-78.070165,39.059338,
BLAN_044,BLAN,-78.072571,39.059389,
BLAN_050,BLAN,-78.072602,39.058855,
BLAN_052,BLAN,-78.071895,39.059365,
BLAN_048,BLAN,-78.07596,39.061351,105.0
BLAN_055,BLAN,-78.072521,39.061,
BLAN_057,BLAN,-78.07441,39.057518,
BLAN_032,BLAN,-78.073305,39.058572,
BLAN_036,BLAN,-78.073985,39.061573,87.0
BLAN_047,BLAN,-78.074263,39.060777,73.0
BLAN_063,BLAN,-78.075994,39.060809,98.0
BLAN_005,BLAN,-77.971942,39.087456,97.0
BLAN_017,BLAN,-77.970992,39.086353,98.0
BLAN_011,BLAN,-77.974013,39.087243,71.0
BLAN_068,BLAN,-77.964303,39.087809,
BLAN_016,BLAN,-77.96365,39.08643,
BLAN_001,BLAN,-77.958389,39.087919,70.0
BLAN_008,BLAN,-77.965124,39.084853,
BLAN_003,BLAN,-77.963659,39.078872,
BLAN_018,BLAN,-77.962499,39.081529,101.0
BLAN_004,BLAN,-77.962567,39.087516,
BLAN_014,BLAN,-77.958693,39.081458,
BLAN_020,BLAN,-77.980394,39.100938,
BLAN_006,BLAN,-77.963812,39.083999,
BLAN_007,BLAN,-77.969265,39.085485,102.0
BLAN_010,BLAN,-77.960564,39.086352,
BLAN_012,BLAN,-77.961088,39.082046,104.0
BLAN_013,BLAN,-77.96809,39.080851,77.0
BLAN_015,BLAN,-77.954623,39.087544,75.0
BLAN_009,BLAN,-77.95775,39.086824,109.0
BLAN_053,BLAN,-78.073686,39.058047,
BLAN_041,BLAN,-78.073175,39.061567,
BLAN_064,BLAN,-78.071216,39.058792,
BLAN_019,BLAN,-77.966033,39.087842,
GRSM_057,GRSM,-83.50228,35.686587,84.0
GRSM_048,GRSM,-83.498951,35.685859,96.0
GRSM_059,GRSM,-83.506609,35.686509,3.0
GRSM_054,GRSM,-83.501737,35.691475,62.0
GRSM_049,GRSM,-83.497001,35.687542,3.0
GRSM_066,GRSM,-83.502675,35.688773,87.0
GRSM_065,GRSM,-83.503411,35.690916,90.0
GRSM_047,GRSM,-83.506291,35.687618,3.0
GRSM_063,GRSM,-83.498905,35.684766,94.0
GRSM_053,GRSM,-83.500259,35.68503,95.0
GRSM_062,GRSM,-83.502845,35.69334,3.0
GRSM_060,GRSM,-83.503985,35.68601,67.0
GRSM_050,GRSM,-83.50388,35.684967,88.0
GRSM_051,GRSM,-83.507296,35.688412,3.0
GRSM_064,GRSM,-83.503034,35.689833,86.0
GRSM_002,GRSM,-83.587378,35.670427,90.0
GRSM_025,GRSM,-83.475516,35.58978,132.0
GRSM_016,GRSM,-83.474652,35.593016,126.0
GRSM_017,GRSM,-83.522396,35.669925,94.0
GRSM_004,GRSM,-83.536321,35.690178,106.0
GRSM_001,GRSM,-83.532102,35.684589,97.0
GRSM_012,GRSM,-83.481653,35.670778,102.0
GRSM_008,GRSM,-83.482275,35.679121,73.0
GRSM_003,GRSM,-83.474563,35.67661,99.0
GRSM_019,GRSM,-83.642356,35.678734,96.0
GRSM_006,GRSM,-83.645325,35.6789,88.0
GRSM_013,GRSM,-83.638159,35.683384,110.0
GRSM_015,GRSM,-83.408575,35.730398,86.0
GRSM_014,GRSM,-83.524234,35.66449,93.0
GRSM_010,GRSM,-83.52603,35.669842,120.0
GRSM_005,GRSM,-83.397816,35.681406,75.0
GRSM_011,GRSM,-83.410274,35.687348,98.0
GRSM_007,GRSM,-83.513992,35.686866,3.0
GRSM_009,GRSM,-83.48998,35.670878,93.0
GRSM_055,GRSM,-83.502232,35.685523,84.0
GRSM_018,GRSM,-83.344121,35.704934,104.0
GRSM_061,GRSM,-83.505223,35.685732,97.0
GRSM_056,GRSM,-83.504948,35.687095,3.0
GRSM_058,GRSM,-83.505443,35.691954,84.0
GRSM_052,GRSM,-83.500771,35.692349,73.0
HARV_013,HARV,-72.254598,42.392282,108.0
HARV_022,HARV,-72.198776,42.434188,108.0
HARV_008,HARV,-72.226082,42.444557,85.0
HARV_004,HARV,-72.229737,42.427091,95.0
HARV_024,HARV,-72.250871,42.460002,108.0
HARV_010,HARV,-72.254599,42.424723,110.0
HARV_006,HARV,-72.25372,42.403087,86.0
HARV_001,HARV,-72.258285,42.424246,104.0
HARV_005,HARV,-72.275158,42.489469,102.0
HARV_027,HARV,-72.253258,42.43035,97.0
HARV_043,HARV,-72.176583,42.541027,100.0
HARV_035,HARV,-72.178072,42.539966,96.0
HARV_037,HARV,-72.179312,42.537308,101.0
HARV_020,HARV,-72.228878,42.436767,98.0
HARV_023,HARV,-72.226622,42.414314,108.0
HARV_014,HARV,-72.265709,42.471449,86.0
HARV_011,HARV,-72.238278,42.455924,91.0
HARV_025,HARV,-72.273927,42.475428,111.0
HARV_002,HARV,-72.259572,42.478565,102.0
HARV_012,HARV,-72.239802,42.429486,83.0
HARV_026,HARV,-72.247271,42.410762,104.0
HARV_016,HARV,-72.231992,42.45847,104.0
HARV_039,HARV,-72.17769,42.533247,102.0
HARV_021,HARV,-72.250472,42.45243,110.0
HARV_045,HARV,-72.1713,42.542078,101.0
HARV_041,HARV,-72.180797,42.536795,104.0
HARV_038,HARV,-72.177877,42.537334,93.0
HARV_050,HARV,-72.179357,42.53627,101.0
HARV_048,HARV,-72.178017,42.541304,106.0
HARV_036,HARV,-72.173119,42.542123,99.0
HARV_052,HARV,-72.176577,42.54213,98.0
HARV_049,HARV,-72.179779,42.535171,101.0
HARV_047,HARV,-72.175706,42.536689,103.0
HARV_044,HARV,-72.176486,42.535376,90.0
HARV_040,HARV,-72.175931,42.539918,89.0
HARV_046,HARV,-72.180759,42.537915,99.0
HARV_033,HARV,-72.175607,42.538302,93.0
HARV_051,HARV,-72.179146,42.534078,87.0
HARV_034,HARV,-72.177968,42.535686,91.0
HARV_042,HARV,-72.176562,42.534167,103.0
HARV_015,HARV,-72.182055,42.538822,102.0
HARV_017,HARV,-72.26708,42.481741,88.0
JERC_002,JERC,-84.460062,31.194504,32.0
JERC_015,JERC,-84.454221,31.190611,20.0
JERC_007,JERC,-84.476315,31.198632,32.0
JERC_001,JERC,-84.477077,31.194314,
JERC_010,JERC,-84.469499,31.208232,39.0
JERC_009,JERC,-84.456903,31.194989,50.0
JERC_029,JERC,-84.46438,31.186763,
JERC_021,JERC,-84.469063,31.175756,31.0
JERC_011,JERC,-84.468204,31.185207,
JERC_040,JERC,-84.4684,31.212261,27.0
JERC_035,JERC,-84.454718,31.183309,
JERC_033,JERC,-84.456038,31.192003,23.0
JERC_019,JERC,-84.470663,31.187434,35.0
JERC_030,JERC,-84.476067,31.185097,27.0
JERC_034,JERC,-84.491486,31.197571,28.0
JERC_036,JERC,-84.470421,31.184997,46.0
JERC_028,JERC,-84.477998,31.182704,57.0
JERC_044,JERC,-84.482045,31.196851,19.0
JERC_016,JERC,-84.472088,31.180684,58.0
JERC_038,JERC,-84.492899,31.191901,52.0
JERC_006,JERC,-84.45585,31.187671,12.0
JERC_041,JERC,-84.481405,31.185739,55.0
JERC_031,JERC,-84.464587,31.202453,31.0
JERC_042,JERC,-84.469727,31.210124,48.0
JERC_008,JERC,-84.450932,31.195154,50.0
JERC_005,JERC,-84.451228,31.195968,48.0
JERC_003,JERC,-84.473249,31.19615,47.0
JERC_022,JERC,-84.468464,31.210377,28.0
JERC_013,JERC,-84.469946,31.178468,31.0
JERC_066,JERC,-84.463761,31.197553,19.0
JERC_065,JERC,-84.465275,31.200288,21.0
JERC_054,JERC,-84.468805,31.197932,53.0
JERC_051,JERC,-84.46434,31.199491,27.0
JERC_062,JERC,-84.466929,31.196804,49.0
JERC_047,JERC,-84.467178,31.198433,42.0
JERC_057,JERC,-84.469658,31.200938,27.0
JERC_060,JERC,-84.465307,31.198675,41.0
JERC_064,JERC,-84.466534,31.200612,45.0
JERC_050,JERC,-84.468201,31.196845,50.0
JERC_053,JERC,-84.463553,31.194044,20.0
JERC_049,JERC,-84.464108,31.196488,22.0
JERC_061,JERC,-84.465398,31.195445,22.0
JERC_058,JERC,-84.462282,31.194552,23.0
JERC_048,JERC,-84.461913,31.196458,37.0
JERC_063,JERC,-84.462881,31.195656,20.0
JERC_052,JERC,-84.464139,31.195408,21.0
JERC_059,JERC,-84.462488,31.198066,22.0
JERC_056,JERC,-84.466362,31.194637,
JERC_055,JERC,-84.465133,31.194074,
JERC_004,JERC,-84.465861,31.189774,
JERC_014,JERC,-84.454913,31.200072,
JERC_012,JERC,-84.447296,31.190203,
MLBS_076,MLBS,-80.521192,37.376397,80.0
MLBS_061,MLBS,-80.5198,37.376631,81.0
MLBS_064,MLBS,-80.5202,37.37556,83.0
MLBS_075,MLBS,-80.523564,37.373405,84.0
MLBS_065,MLBS,-80.524934,37.373423,85.0
MLBS_062,MLBS,-80.526254,37.374226,92.0
MLBS_069,MLBS,-80.522851,37.377742,88.0
MLBS_063,MLBS,-80.527932,37.377486,87.0
MLBS_073,MLBS,-80.525926,37.378019,82.0
MLBS_074,MLBS,-80.524592,37.377774,83.0
MLBS_066,MLBS,-80.525892,37.376918,83.0
MLBS_067,MLBS,-80.527279,37.378569,85.0
MLBS_071,MLBS,-80.524185,37.37664,83.0
MLBS_072,MLBS,-80.525243,37.375302,83.0
MLBS_070,MLBS,-80.526582,37.375576,88.0
MLBS_068,MLBS,-80.528303,37.375876,84.0
MLBS_009,MLBS,-80.518487,37.374434,90.0
MLBS_010,MLBS,-80.526343,37.365565,80.0
MLBS_005,MLBS,-80.521589,37.363106,85.0
MLBS_003,MLBS,-80.526975,37.368528,81.0
MLBS_019,MLBS,-80.551226,37.42436,97.0
MLBS_016,MLBS,-80.574956,37.415022,101.0
MLBS_015,MLBS,-80.568195,37.414692,112.0
MLBS_014,MLBS,-80.557337,37.417102,115.0
MLBS_001,MLBS,-80.524992,37.3607,89.0
MLBS_017,MLBS,-80.526049,37.358817,89.0
MLBS_011,MLBS,-80.521143,37.359448,97.0
MLBS_012,MLBS,-80.522508,37.357284,84.0
MLBS_002,MLBS,-80.524252,37.372058,86.0
MLBS_004,MLBS,-80.511896,37.429342,94.0
MLBS_018,MLBS,-80.489231,37.426259,99.0
MLBS_008,MLBS,-80.499069,37.426865,92.0
MLBS_007,MLBS,-80.571837,37.427946,100.0
MLBS_006,MLBS,-80.564064,37.426799,75.0
MLBS_020,MLBS,-80.568447,37.427133,87.0
MLBS_013,MLBS,-80.559608,37.432507,102.0
ORNL_002,ORNL,-84.212753,35.982199,87.0
ORNL_003,ORNL,-84.230646,35.965875,75.0
ORNL_009,ORNL,-84.227994,35.974464,80.0
ORNL_021,ORNL,-84.221346,35.95564,
ORNL_031,ORNL,-84.221913,35.948607,
ORNL_033,ORNL,-84.2268,35.96172,
ORNL_066,ORNL,-84.218425,35.953429,
ORNL_044,ORNL,-84.220065,35.95454,
ORNL_012,ORNL,-84.248359,35.953019,99.0
ORNL_004,ORNL,-84.275214,35.907944,76.0
ORNL_001,ORNL,-84.270109,35.930248,62.0
ORNL_027,ORNL,-84.263286,35.916313,63.0
ORNL_014,ORNL,-84.305649,35.939979,78.0
ORNL_029,ORNL,-84.261843,35.95765,83.0
ORNL_007,ORNL,-84.329755,35.925371,73.0
ORNL_006,ORNL,-84.32368,35.938227,83.0
ORNL_008,ORNL,-84.332543,35.93276,76.0
ORNL_035,ORNL,-84.350392,35.974774,79.0
ORNL_010,ORNL,-84.332168,35.953307,86.0
ORNL_032,ORNL,-84.326492,35.944516,71.0
ORNL_055,ORNL,-84.282663,35.9608,76.0
ORNL_062,ORNL,-84.280011,35.960748,83.0
ORNL_063,ORNL,-84.277896,35.965319,68.0
ORNL_049,ORNL,-84.278894,35.964792,81.0
ORNL_052,ORNL,-84.279989,35.962389,92.0
ORNL_059,ORNL,-84.285478,35.966015,77.0
ORNL_036,ORNL,-84.28419,35.965429,87.0
ORNL_053,ORNL,-84.286859,35.965252,78.0
ORNL_046,ORNL,-84.285882,35.964418,82.0
ORNL_043,ORNL,-84.287233,35.963926,80.0
ORNL_058,ORNL,-84.285921,35.963319,83.0
ORNL_060,ORNL,-84.286937,35.962796,90.0
ORNL_056,ORNL,-84.281616,35.962157,88.0
ORNL_037,ORNL,-84.281617,35.963215,83.0
ORNL_057,ORNL,-84.280231,35.964836,90.0
ORNL_051,ORNL,-84.283958,35.962469,80.0
ORNL_061,ORNL,-84.284569,35.964411,83.0
ORNL_054,ORNL,-84.283124,35.967045,87.0
ORNL_045,ORNL,-84.283823,35.966285,80.0
ORNL_050,ORNL,-84.282109,35.967556,76.0
ORNL_017,ORNL,-84.297431,35.976845,76.0
ORNL_068,ORNL,-84.426839,35.926136,72.0
ORNL_019,ORNL,-84.31456,35.943431,69.0
ORNL_018,ORNL,-84.276978,35.933929,81.0
ORNL_067,ORNL,-84.286902,35.95418,83.0
ORNL_015,ORNL,-84.236993,35.965463,74.0
OSBS_002,OSBS,-81.956817,29.703861,
OSBS_006,OSBS,-81.983001,29.686609,
OSBS_048,OSBS,-81.94635,29.679302,33.0
OSBS_001,OSBS,-82.008881,29.702914,54.0
OSBS_018,OSBS,-81.942713,29.686636,26.0
OSBS_011,OSBS,-81.987042,29.721507,31.0
OSBS_014,OSBS,-81.95826,29.692721,19.0
OSBS_004,OSBS,-81.959108,29.684075,16.0
OSBS_020,OSBS,-81.950765,29.68685,
OSBS_023,OSBS,-81.985527,29.722597,
OSBS_049,OSBS,-81.964097,29.686229,19.0
OSBS_003,OSBS,-81.947419,29.694993,54.0
OSBS_012,OSBS,-81.983943,29.71907,
OSBS_013,OSBS,-81.961566,29.68216,
OSBS_024,OSBS,-81.986781,29.723939,
OSBS_016,OSBS,-81.967447,29.682392,28.0
OSBS_008,OSBS,-82.007163,29.685058,
OSBS_010,OSBS,-81.941828,29.691764,55.0
OSBS_051,OSBS,-82.007709,29.67776,
OSBS_050,OSBS,-82.005389,29.68969,
OSBS_007,OSBS,-81.962568,29.690279,
OSBS_005,OSBS,-82.02558,29.696568,1.0
OSBS_017,OSBS,-81.991846,29.703872,52.0
OSBS_043,OSBS,-81.988957,29.69143,
OSBS_022,OSBS,-81.960693,29.689482,
OSBS_039,OSBS,-81.990822,29.6933,
OSBS_036,OSBS,-81.990505,29.691429,
OSBS_029,OSBS,-81.989891,29.692504,
OSBS_040,OSBS,-81.989556,29.688979,
OSBS_015,OSBS,-81.969273,29.710251,
OSBS_025,OSBS,-81.996384,29.691867,
OSBS_030,OSBS,-81.997605,29.689424,
OSBS_038,OSBS,-81.997628,29.690782,
OSBS_042,OSBS,-81.996399,29.692958,
OSBS_035,OSBS,-81.997576,29.687528,
OSBS_037,OSBS,-81.994473,29.686474,
OSBS_028,OSBS,-81.995719,29.685933,
OSBS_021,OSBS,-81.953023,29.695767,26.0
OSBS_041,OSBS,-81.996333,29.687527,
OSBS_009,OSBS,-82.017543,29.698798,50.0
OSBS_031,OSBS,-81.991102,29.688969,
OSBS_033,OSBS,-81.989561,29.69006,
OSBS_032,OSBS,-81.991111,29.690033,
OSBS_044,OSBS,-81.992034,29.690847,
OSBS_027,OSBS,-81.992063,29.691969,
OSBS_034,OSBS,-81.988299,29.68872,
OSBS_026,OSBS,-81.992056,29.693584,
OSBS_063,OSBS,-81.969684,29.687219,
OSBS_067,OSBS,-81.975904,29.690932,
OSBS_066,OSBS,-81.971145,29.711309,56.0
OSBS_068,OSBS,-81.983366,29.69225,
OSBS_070,OSBS,-81.98983,29.687872,
OSBS_073,OSBS,-81.989698,29.702728,50.0
RMNP_043,RMNP,-105.545384,40.276827,173.0
RMNP_042,RMNP,-105.546345,40.276375,173.0
RMNP_041,RMNP,-105.546756,40.275899,171.0
RMNP_048,RMNP,-105.545649,40.278475,168.0
RMNP_049,RMNP,-105.545085,40.278386,168.0
RMNP_046,RMNP,-105.544991,40.277341,
RMNP_047,RMNP,-105.546239,40.278507,177.0
RMNP_045,RMNP,-105.545588,40.277348,
RMNP_044,RMNP,-105.546207,40.27733,181.0
RMNP_013,RMNP,-105.486722,40.196781,156.0
RMNP_003,RMNP,-105.483575,40.201376,152.0
RMNP_009,RMNP,-105.481127,40.20327,
RMNP_011,RMNP,-105.512508,40.203699,148.0
RMNP_019,RMNP,-105.491303,40.195931,160.0
RMNP_015,RMNP,-105.467005,40.199554,153.0
RMNP_002,RMNP,-105.472276,40.197386,158.0
RMNP_020,RMNP,-105.468403,40.197385,155.0
RMNP_016,RMNP,-105.475488,40.154382,5.0
RMNP_017,RMNP,-105.492732,40.200008,165.0
RMNP_005,RMNP,-105.526306,40.167943,180.0
RMNP_001,RMNP,-105.465976,40.203348,146.0
RMNP_014,RMNP,-105.53438,40.161428,166.0
RMNP_008,RMNP,-105.529144,40.168988,182.0
RMNP_012,RMNP,-105.535747,40.156545,197.0
RMNP_018,RMNP,-105.538996,40.163833,177.0
RMNP_006,RMNP,-105.543533,40.158144,175.0
RMNP_004,RMNP,-105.54091,40.186823,181.0
RMNP_010,RMNP,-105.535934,40.178717,174.0
RMNP_007,RMNP,-105.537712,40.18087,177.0
SCBI_008,SCBI,-78.147164,38.887763,107.0
SCBI_004,SCBI,-78.146458,38.896938,96.0
SCBI_015,SCBI,-78.141069,38.884381,103.0
SCBI_017,SCBI,-78.135381,38.879363,117.0
SCBI_013,SCBI,-78.163985,38.874379,104.0
SCBI_007,SCBI,-78.130305,38.884909,98.0
SCBI_018,SCBI,-78.157532,38.870965,107.0
SCBI_003,SCBI,-78.120371,38.883308,113.0
SCBI_011,SCBI,-78.139901,38.879734,117.0
SCBI_016,SCBI,-78.158647,38.904234,95.0
SCBI_002,SCBI,-78.142704,38.895214,94.0
SCBI_010,SCBI,-78.125148,38.884776,101.0
SCBI_014,SCBI,-78.163552,38.867075,95.0
SCBI_005,SCBI,-78.16186,38.900538,82.0
SCBI_056,SCBI,-78.143602,38.890353,112.0
SCBI_045,SCBI,-78.139432,38.890566,92.0
SCBI_053,SCBI,-78.140524,38.889773,96.0
SCBI_061,SCBI,-78.142218,38.889502,108.0
SCBI_050,SCBI,-78.142227,38.890602,108.0
SCBI_057,SCBI,-78.141168,38.891376,100.0
SCBI_062,SCBI,-78.138238,38.895118,103.0
SCBI_047,SCBI,-78.137217,38.894257,94.0
SCBI_067,SCBI,-78.135536,38.893949,111.0
SCBI_066,SCBI,-78.138975,38.89351,112.0
SCBI_064,SCBI,-78.139055,38.891617,103.0
SCBI_052,SCBI,-78.137098,38.889138,107.0
SCBI_054,SCBI,-78.137674,38.890804,94.0
SCBI_046,SCBI,-78.140769,38.893837,95.0
SCBI_049,SCBI,-78.139644,38.894617,103.0
SCBI_063,SCBI,-78.138517,38.896179,106.0
SCBI_055,SCBI,-78.140421,38.892471,107.0
SCBI_048,SCBI,-78.135923,38.892604,107.0
SCBI_051,SCBI,-78.142798,38.892464,108.0
SCBI_058,SCBI,-78.138472,38.889713,100.0
SCBI_034,SCBI,-78.160512,38.89106,
SCBI_038,SCBI,-78.168857,38.881539,
SCBI_033,SCBI,-78.161302,38.888917,
SCBI_006,SCBI,-78.152007,38.897609,
SCBI_035,SCBI,-78.168813,38.882888,
SCBI_012,SCBI,-78.168896,38.889095,
SCBI_071,SCBI,-78.12224,38.887955,113.0
SCBI_019,SCBI,-78.175704,38.900642,111.0
SCBI_021,SCBI,-78.15288,38.900853,107.0
SCBI_023,SCBI,-78.143735,38.886312,110.0
SCBI_022,SCBI,-78.123168,38.882557,106.0
SERC_062,SERC,-76.558018,38.881785,77.0
SERC_045,SERC,-76.55872,38.880982,75.0
SERC_051,SERC,-76.558626,38.882867,
SERC_050,SERC,-76.561429,38.881351,83.0
SERC_052,SERC,-76.561545,38.891368,78.0
SERC_058,SERC,-76.566565,38.894242,
SERC_043,SERC,-76.562166,38.89274,106.0
SERC_055,SERC,-76.56794,38.894323,
SERC_048,SERC,-76.566969,38.893179,78.0
SERC_060,SERC,-76.564177,38.893087,92.0
SERC_061,SERC,-76.555089,38.889755,
SERC_054,SERC,-76.556464,38.889274,104.0
SERC_059,SERC,-76.549609,38.889027,84.0
SERC_046,SERC,-76.551167,38.891258,96.0
SERC_053,SERC,-76.556093,38.890381,106.0
SERC_044,SERC,-76.553986,38.890803,92.0
SERC_047,SERC,-76.560193,38.885634,72.0
SERC_049,SERC,-76.561509,38.886494,73.0
SERC_057,SERC,-76.562841,38.887087,74.0
SERC_056,SERC,-76.560092,38.886975,77.0
SERC_007,SERC,-76.539828,38.873795,75.0
SERC_018,SERC,-76.531608,38.872927,
SERC_009,SERC,-76.561169,38.897571,93.0
SERC_008,SERC,-76.524078,38.871838,
SERC_011,SERC,-76.551056,38.898525,69.0
SERC_003,SERC,-76.543752,38.899872,
SERC_006,SERC,-76.547314,38.88109,87.0
SERC_001,SERC,-76.533585,38.868693,
SERC_017,SERC,-76.535565,38.876039,86.0
SERC_019,SERC,-76.550692,38.871775,72.0
SERC_010,SERC,-76.546253,38.909676,97.0
SERC_014,SERC,-76.541096,38.875995,87.0
SERC_012,SERC,-76.560977,38.878648,83.0
SERC_016,SERC,-76.547547,38.899455,92.0
SERC_022,SERC,-76.554591,38.875454,77.0
SERC_004,SERC,-76.554055,38.87241,74.0
SERC_021,SERC,-76.560181,38.896415,88.0
SERC_013,SERC,-76.544434,38.871792,95.0
SERC_005,SERC,-76.547604,38.893246,91.0
SERC_002,SERC,-76.558917,38.895036,86.0
SERC_067,SERC,-76.564037,38.890371,78.0
SERC_073,SERC,-76.560083,38.881571,76.0
SOAP_059,SOAP,-119.273065,37.033569,159.0
SOAP_057,SOAP,-119.272777,37.034931,160.0
SOAP_051,SOAP,-119.271714,37.03307,159.0
SOAP_048,SOAP,-119.270426,37.035228,152.0
SOAP_058,SOAP,-119.263968,37.033729,4.0
SOAP_043,SOAP,-119.268722,37.034451,142.0
SOAP_050,SOAP,-119.267648,37.033114,137.0
SOAP_044,SOAP,-119.269313,37.031452,
SOAP_052,SOAP,-119.270008,37.032249,165.0
SOAP_046,SOAP,-119.266634,37.032326,
SOAP_060,SOAP,-119.270294,37.030897,
SOAP_055,SOAP,-119.265314,37.033158,4.0
SOAP_054,SOAP,-119.259579,37.033265,3.0
SOAP_047,SOAP,-119.257597,37.034404,161.0
SOAP_031,SOAP,-119.252227,37.035342,139.0
SOAP_049,SOAP,-119.253559,37.03505,141.0
SOAP_056,SOAP,-119.254903,37.034482,161.0
SOAP_053,SOAP,-119.255871,37.033627,161.0
SOAP_045,SOAP,-119.257548,37.033029,132.0
SOAP_061,SOAP,-119.271407,37.034146,164.0
SOAP_002,SOAP,-119.281763,37.030703,164.0
SOAP_010,SOAP,-119.273802,37.03519,157.0
SOAP_006,SOAP,-119.281566,37.025056,4.0
SOAP_013,SOAP,-119.281718,37.029599,174.0
SOAP_012,SOAP,-119.276685,37.030515,
SOAP_004,SOAP,-119.269483,37.037426,184.0
SOAP_003,SOAP,-119.250835,37.033983,135.0
SOAP_016,SOAP,-119.253018,37.028524,3.0
SOAP_007,SOAP,-119.249997,37.028597,156.0
SOAP_020,SOAP,-119.25697,37.036585,157.0
SOAP_009,SOAP,-119.256677,37.037935,159.0
SOAP_008,SOAP,-119.276287,37.0292,134.0
SOAP_021,SOAP,-119.276172,37.036227,146.0
SOAP_018,SOAP,-119.243605,37.028985,157.0
SOAP_019,SOAP,-119.245692,37.030844,160.0
SOAP_017,SOAP,-119.242317,37.030901,175.0
SOAP_015,SOAP,-119.251658,37.038264,177.0
SOAP_001,SOAP,-119.273529,37.037898,160.0
SOAP_011,SOAP,-119.26273,37.037301,140.0
SOAP_022,SOAP,-119.252655,37.038279,175.0
SOAP_024,SOAP,-119.28258,37.025014,
STEI_058,STEI,-89.587322,45.503506,74.0
STEI_051,STEI,-89.585001,45.503823,88.0
STEI_056,STEI,-89.587891,45.50752,15.0
STEI_046,STEI,-89.586589,45.504592,78.0
STEI_061,STEI,-89.5847,45.50517,103.0
STEI_062,STEI,-89.585482,45.505974,15.0
STEI_052,STEI,-89.588542,45.505085,59.0
STEI_055,STEI,-89.588862,45.504019,56.0
STEI_047,STEI,-89.588573,45.506178,
STEI_053,STEI,-89.587394,45.505661,102.0
STEI_048,STEI,-89.587196,45.509453,81.0
STEI_060,STEI,-89.58706,45.506757,15.0
STEI_054,STEI,-89.585672,45.509976,15.0
STEI_049,STEI,-89.585575,45.507857,15.0
STEI_057,STEI,-89.584791,45.507076,89.0
STEI_050,STEI,-89.584873,45.508956,15.0
STEI_059,STEI,-89.588327,45.508883,15.0
STEI_005,STEI,-90.086208,45.826442,20.0
STEI_009,STEI,-90.089055,45.82204,101.0
STEI_012,STEI,-90.048067,45.785871,108.0
STEI_017,STEI,-90.073206,45.82223,108.0
STEI_019,STEI,-90.074786,45.829715,96.0
STEI_003,STEI,-90.072607,45.82494,108.0
STEI_007,STEI,-90.053927,45.793824,107.0
STEI_002,STEI,-90.092307,45.797373,104.0
STEI_011,STEI,-90.074576,45.804887,108.0
STEI_010,STEI,-90.104117,45.787642,104.0
STEI_008,STEI,-90.062109,45.802505,92.0
STEI_015,STEI,-90.099612,45.810959,98.0
STEI_016,STEI,-90.096476,45.795919,101.0
STEI_004,STEI,-90.064162,45.797883,103.0
STEI_013,STEI,-90.071973,45.792821,103.0
STEI_001,STEI,-90.092743,45.812246,107.0
STEI_021,STEI,-90.085088,45.834307,90.0
STEI_006,STEI,-90.078389,45.817458,115.0
STEI_014,STEI,-90.06827,45.816395,98.0
STEI_022,STEI,-90.052167,45.804414,100.0
STEI_023,STEI,-90.098036,45.823957,98.0
TALL_003,TALL,-87.415333,32.893534,6.0
TALL_005,TALL,-87.397336,32.897137,62.0
TALL_009,TALL,-87.406687,32.899787,5.0
TALL_012,TALL,-87.397457,32.919044,35.0
TALL_004,TALL,-87.432614,32.957884,57.0
TALL_010,TALL,-87.418704,32.926835,41.0
TALL_007,TALL,-87.42694,32.974426,42.0
TALL_002,TALL,-87.428895,32.922166,66.0
TALL_022,TALL,-87.392259,32.904182,65.0
TALL_015,TALL,-87.437886,32.916737,81.0
TALL_016,TALL,-87.415018,32.970408,56.0
TALL_011,TALL,-87.410146,32.956315,64.0
TALL_018,TALL,-87.389763,32.916368,36.0
TALL_006,TALL,-87.446131,32.898842,3.0
TALL_013,TALL,-87.454392,32.884748,60.0
TALL_001,TALL,-87.432705,32.977665,68.0
TALL_017,TALL,-87.40866,32.91006,77.0
TALL_020,TALL,-87.42683,32.955991,59.0
TALL_008,TALL,-87.433389,32.921617,66.0
TALL_043,TALL,-87.395678,32.953402,4.0
TALL_049,TALL,-87.394729,32.950699,55.0
TALL_046,TALL,-87.395404,32.951776,57.0
TALL_061,TALL,-87.399842,32.948263,54.0
TALL_052,TALL,-87.395672,32.949358,60.0
TALL_050,TALL,-87.399209,32.950434,55.0
TALL_051,TALL,-87.397294,32.950156,58.0
TALL_057,TALL,-87.397927,32.947183,80.0
TALL_060,TALL,-87.398894,32.952569,60.0
TALL_055,TALL,-87.398562,32.948542,57.0
TALL_058,TALL,-87.396626,32.946938,72.0
TALL_045,TALL,-87.397297,32.951777,57.0
TALL_059,TALL,-87.395041,32.946631,67.0
TALL_054,TALL,-87.397268,32.948795,56.0
TALL_056,TALL,-87.395989,32.948033,4.0
TALL_044,TALL,-87.397606,32.952869,60.0
TALL_047,TALL,-87.398914,32.951498,60.0
TALL_048,TALL,-87.396003,32.9507,55.0
TALL_042,TALL,-87.39696,32.953943,58.0
TALL_053,TALL,-87.3944,32.949102,55.0
TALL_064,TALL,-87.425248,32.959807,78.0
TALL_025,TALL,-87.396378,32.899566,5.0
TEAK_045,TEAK,-119.00382,36.997917,188.0
TEAK_054,TEAK,-119.001514,36.99931,210.0
TEAK_048,TEAK,-119.002542,37.00037,205.0
TEAK_061,TEAK,-119.001573,37.001477,200.0
TEAK_059,TEAK,-119.004259,37.001454,217.0
TEAK_049,TEAK,-119.006591,37.000042,186.0
TEAK_060,TEAK,-119.005596,37.000848,189.0
TEAK_055,TEAK,-119.005545,36.99922,202.0
TEAK_062,TEAK,-119.008964,37.000259,184.0
TEAK_056,TEAK,-119.010675,37.002101,191.0
TEAK_044,TEAK,-119.010045,37.003221,207.0
TEAK_057,TEAK,-119.008047,37.004089,219.0
TEAK_053,TEAK,-119.010746,37.004851,197.0
TEAK_047,TEAK,-119.009069,37.005149,206.0
TEAK_051,TEAK,-119.007333,37.002985,224.0
TEAK_046,TEAK,-119.007756,37.006791,227.0
TEAK_058,TEAK,-119.007606,36.998096,203.0
TEAK_043,TEAK,-119.011037,36.999698,186.0
TEAK_052,TEAK,-119.009507,37.008938,195.0
TEAK_050,TEAK,-119.016131,37.004195,205.0
TEAK_001,TEAK,-119.01647,36.976667,225.0
TEAK_002,TEAK,-119.035693,36.978454,224.0
TEAK_003,TEAK,-119.010619,37.012962,222.0
TEAK_004,TEAK,-119.036304,37.001687,
TEAK_006,TEAK,-119.057146,36.975638,187.0
TEAK_025,TEAK,-119.024514,36.989997,173.0
TEAK_005,TEAK,-118.988578,37.058229,207.0
TEAK_011,TEAK,-119.002986,37.004153,196.0
TEAK_007,TEAK,-119.052104,36.999797,206.0
TEAK_014,TEAK,-119.042558,37.022379,181.0
TEAK_010,TEAK,-119.049096,37.014434,196.0
TEAK_012,TEAK,-119.009599,37.013801,215.0
TEAK_017,TEAK,-119.055283,36.994069,200.0
TEAK_013,TEAK,-119.041671,36.974821,211.0
TEAK_019,TEAK,-119.009213,36.97377,212.0
TEAK_020,TEAK,-119.008624,37.025679,214.0
TEAK_016,TEAK,-119.006407,37.030316,188.0
TEAK_015,TEAK,-119.044357,36.988308,210.0
TEAK_024,TEAK,-119.033679,36.993067,
TEAK_018,TEAK,-119.028942,36.978607,187.0
TREE_042,TREE,-89.591099,45.495221,88.0
TREE_053,TREE,-89.592476,45.491645,
TREE_049,TREE,-89.591026,45.493852,83.0
TREE_046,TREE,-89.592162,45.49355,72.0
TREE_055,TREE,-89.594035,45.49189,85.0
TREE_056,TREE,-89.591768,45.492738,84.0
TREE_050,TREE,-89.590096,45.49009,79.0
TREE_054,TREE,-89.593198,45.49057,62.0
TREE_052,TREE,-89.590168,45.491181,80.0
TREE_051,TREE,-89.593697,45.493514,86.0
TREE_057,TREE,-89.58023,45.492749,84.0
TREE_025,TREE,-89.58222,45.494325,84.0
TREE_043,TREE,-89.577266,45.494978,16.0
TREE_044,TREE,-89.579154,45.494653,16.0
TREE_048,TREE,-89.579211,45.495481,102.0
TREE_047,TREE,-89.58799,45.495261,107.0
TREE_041,TREE,-89.587995,45.494189,73.0
TREE_040,TREE,-89.585717,45.495318,89.0
TREE_039,TREE,-89.582576,45.493221,91.0
TREE_045,TREE,-89.583402,45.495102,112.0
TREE_017,TREE,-89.576619,45.492422,85.0
TREE_019,TREE,-89.574026,45.494384,87.0
TREE_010,TREE,-89.56329,45.494884,92.0
TREE_016,TREE,-89.566391,45.495625,79.0
TREE_001,TREE,-89.569881,45.487729,1.0
TREE_014,TREE,-89.569452,45.486646,87.0
TREE_009,TREE,-89.569418,45.485858,92.0
TREE_060,TREE,-89.568055,45.498289,88.0
TREE_012,TREE,-89.573517,45.491401,88.0
TREE_005,TREE,-89.5554,45.481809,106.0
TREE_011,TREE,-89.554554,45.497234,99.0
TREE_018,TREE,-89.567838,45.493691,88.0
TREE_003,TREE,-89.577675,45.490243,88.0
TREE_007,TREE,-89.557229,45.496911,64.0
TREE_008,TREE,-89.55497,45.480466,86.0
TREE_006,TREE,-89.551228,45.491627,91.0
TREE_004,TREE,-89.556089,45.479917,105.0
TREE_002,TREE,-89.567781,45.492353,93.0
TREE_015,TREE,-89.554887,45.48697,105.0
TREE_023,TREE,-89.551853,45.488111,92.0
TREE_062,TREE,-89.56961,45.48203,85.0
TREE_064,TREE,-89.560389,45.499011,78.0
TREE_022,TREE,-89.551312,45.493267,95.0
TREE_063,TREE,-89.558176,45.483958,85.0
UNDE_048,UNDE,-89.540445,46.232136,122.0
UNDE_038,UNDE,-89.534573,46.232249,124.0
UNDE_037,UNDE,-89.541941,46.231276,116.0
UNDE_045,UNDE,-89.539694,46.233222,122.0
UNDE_058,UNDE,-89.538847,46.23109,121.0
UNDE_052,UNDE,-89.542432,46.233161,120.0
UNDE_047,UNDE,-89.536561,46.23277,111.0
UNDE_054,UNDE,-89.537275,46.231644,106.0
UNDE_057,UNDE,-89.540913,46.234299,112.0
UNDE_050,UNDE,-89.537992,46.2295,121.0
UNDE_055,UNDE,-89.536012,46.229528,123.0
UNDE_059,UNDE,-89.532533,46.230692,123.0
UNDE_065,UNDE,-89.533647,46.236329,128.0
UNDE_043,UNDE,-89.542459,46.234247,116.0
UNDE_044,UNDE,-89.53264,46.231744,121.0
UNDE_049,UNDE,-89.536457,46.230581,123.0
UNDE_056,UNDE,-89.543158,46.232064,123.0
UNDE_078,UNDE,-89.531597,46.234214,126.0
UNDE_061,UNDE,-89.535041,46.233351,123.0
UNDE_060,UNDE,-89.53571,46.23142,120.0
UNDE_014,UNDE,-89.513299,46.22596,112.0
UNDE_013,UNDE,-89.537131,46.227894,102.0
UNDE_002,UNDE,-89.544805,46.243102,127.0
UNDE_001,UNDE,-89.560771,46.234625,120.0
UNDE_003,UNDE,-89.53609,46.256247,117.0
UNDE_010,UNDE,-89.541857,46.237778,122.0
UNDE_006,UNDE,-89.512657,46.254613,116.0
UNDE_011,UNDE,-89.505026,46.215104,95.0
UNDE_007,UNDE,-89.53615,46.248716,125.0
UNDE_012,UNDE,-89.504463,46.236979,86.0
UNDE_008,UNDE,-89.515052,46.256193,103.0
UNDE_016,UNDE,-89.525485,46.24597,120.0
UNDE_020,UNDE,-89.481736,46.207506,125.0
UNDE_021,UNDE,-89.5118,46.218464,91.0
UNDE_022,UNDE,-89.56955,46.230668,76.0
UNDE_018,UNDE,-89.53471,46.243048,136.0
UNDE_019,UNDE,-89.543562,46.258243,119.0
UNDE_023,UNDE,-89.501807,46.230008,123.0
UNDE_015,UNDE,-89.506506,46.231237,106.0
UNDE_027,UNDE,-89.49004,46.210824,104.0
WREF_089,WREF,-121.960577,45.822925,200.0
WREF_082,WREF,-121.956961,45.831459,196.0
WREF_077,WREF,-121.958667,45.823126,206.0
WREF_083,WREF,-121.96286,45.822868,208.0
WREF_086,WREF,-121.957115,45.822279,191.0
WREF_081,WREF,-121.953247,45.823053,206.0
WREF_076,WREF,-121.965178,45.822919,203.0
WREF_070,WREF,-121.955555,45.824185,181.0
WREF_074,WREF,-121.958887,45.830918,203.0
WREF_072,WREF,-121.966341,45.824274,214.0
WREF_080,WREF,-121.960543,45.824762,205.0
WREF_073,WREF,-121.960125,45.825842,181.0
WREF_079,WREF,-121.963268,45.825308,202.0
WREF_085,WREF,-121.961221,45.830691,208.0
WREF_084,WREF,-121.960095,45.829328,196.0
WREF_078,WREF,-121.954683,45.829818,196.0
WREF_088,WREF,-121.957054,45.828745,194.0
WREF_087,WREF,-121.963552,45.828555,197.0
WREF_075,WREF,-121.958225,45.826902,145.0
WREF_071,WREF,-121.958541,45.829046,175.0
WREF_012,WREF,-121.863912,45.840576,214.0
WREF_016,WREF,-121.993608,45.826426,208.0
WREF_015,WREF,-122.017923,45.826107,203.0
WREF_013,WREF,-122.018935,45.835857,148.0
WREF_001,WREF,-121.999068,45.844033,193.0
WREF_003,WREF,-122.018608,45.831516,202.0
WREF_018,WREF,-122.011717,45.828445,196.0
WREF_020,WREF,-121.859917,45.830006,224.0
WREF_002,WREF,-121.990796,45.811294,213.0
WREF_019,WREF,-121.968998,45.819757,214.0
WREF_010,WREF,-121.850642,45.828324,192.0
WREF_007,WREF,-121.989672,45.850153,210.0
WREF_008,WREF,-121.973495,45.823595,212.0
WREF_006,WREF,-121.813904,45.83118,242.0
WREF_005,WREF,-122.002564,45.844315,201.0
WREF_014,WREF,-121.99427,45.849932,208.0
WREF_009,WREF,-122.001901,45.835945,181.0
WREF_011,WREF,-121.983393,45.834707,182.0
WREF_004,WREF,-121.998707,45.822941,152.0
WREF_017,WREF,-121.99487,45.820485,207.0
